packet_id	selection_strata	candidate_id	source_file	source_file_sha256	turn_index_zero_based	token_index_zero_based	participant	matched_form	utterance_initial_lexical	preceding_lexical_token_count	nominal_start_form	nominal_start_hkcancor_pos	nominal_start_ud_pos	has_later_predicate_candidate	later_predicate_form	later_predicate_ud_pos	later_predicate_token_index_zero_based	immediate_left_form	immediate_left_ud_pos	text	previous_text	next_text	expert_class	profile_disposition	span_recommendation	decision_confidence	decision_reason	source_limit_or_note
AA56-R1-001	all_initial_indefinite_np_plus_predicate	aa56-1de382c4dabbe5633f55	FC-001_v2.cha	ed8e418f69346a704b065f4866a9a05b162c55172d99f83388a6948ccea41885	18	0	XXA	冇	True	0	嘢	n	NOUN	True	做	VERB	2			冇嘢做.	淨係去Orlando嗰度玩咋喎.	噉咪食同玩咪啱.						
AA56-R1-002	wh_or_embedded_complement_control	aa56-30a1af583d05270d767f	FC-001_v2.cha	ed8e418f69346a704b065f4866a9a05b162c55172d99f83388a6948ccea41885	20	6	XXA	冇	False	5	乜嘢	r	PRON	True	食	VERB	8	裏邊	ADV	係裏邊食囖,裏邊冇乜嘢食𡃉咋喎.	噉咪食同玩咪啱.	係唔係啊?						
AA56-R1-003	overt_place_domain_control	aa56-e35487fa8deb271582ba	FC-001_v2.cha	ed8e418f69346a704b065f4866a9a05b162c55172d99f83388a6948ccea41885	42	9	XXA	有	False	8	啲	q	NOUN	True	有	VERB	16	裏面	ADV	借俾你睇喎,睇下裏面有啲乜嘢酒店啊,同埋有啲乜嘢嘢玩嚹.	佢直程可以俾餅帶你呢.	直程可以租,借餅帶俾你返屋企睇喎.						
AA56-R1-004	all_human_plus_predicate	aa56-ed1edf4d9d8e2bf7e60c	FC-001_v2.cha	ed8e418f69346a704b065f4866a9a05b162c55172d99f83388a6948ccea41885	66	2	XXA	有	False	2	人	n	NOUN	True	放	VERB	5	都	ADV	嗰邊都有人未放完暑假𡃉咩?	係啊.	唔清楚.						
AA56-R1-005	explicit_subject_or_possessor_control	aa56-629144e154f5a9acecd7	FC-001_v2.cha	ed8e418f69346a704b065f4866a9a05b162c55172d99f83388a6948ccea41885	78	9	XXB	有	False	8	乜嘢	r	PRON	True	平	ADJ	11	嗰度	PRON	要等我老公,睇下佢嗰度有乜嘢平嘅,即係平嘅package,咪睇下去邊囖.	未定啊.	你想去邊喇噉樣?						
AA56-R1-006	all_human_plus_predicate;inherited_aa77_sibling_anchor	aa56-1b79d36fa760fe0b60f5	FC-001_v2.cha	ed8e418f69346a704b065f4866a9a05b162c55172d99f83388a6948ccea41885	94	2	XXB	有	False	1	人	n	NOUN	True	叫	VERB	4	,	X	誒,有人叫New_Zealand即係紐,又照譯紐西蘭.	不過新西-紐西蘭係唔係都-紐西蘭定新西蘭唧究竟?	有啲叫做新西蘭.						
AA56-R1-007	all_initial_indefinite_np_plus_predicate	aa56-595760b22663363edc62	FC-001_v2.cha	ed8e418f69346a704b065f4866a9a05b162c55172d99f83388a6948ccea41885	95	0	XXB	有	True	0	啲	q	NOUN	True	叫做	VERB	2			有啲叫做新西蘭.	誒,有人叫New_Zealand即係紐,又照譯紐西蘭.	其實都係一樣,一個地方.						
AA56-R1-008	inherited_aa77_sibling_anchor	aa56-32c8ec4c1a395bae5930	FC-001_v2.cha	ed8e418f69346a704b065f4866a9a05b162c55172d99f83388a6948ccea41885	113	5	XXB	有	False	4	隻	q	NOUN	True	出海	VERB	8	-	X	即係佢會有-有隻船出海.	就唔一定包你睇到囖.	即係到時自己join嗰啲localtour嚹喎,意思係.						
AA56-R1-009	all_initial_indefinite_np_plus_predicate	aa56-1cb15507882746c71aac	FC-001_v2.cha	ed8e418f69346a704b065f4866a9a05b162c55172d99f83388a6948ccea41885	239	0	XXB	有	True	0	啲	q	NOUN	True	半價	ADJ	4			有啲真係起碼半價啊.	嗯,平過香港好多囖.	半價呀?						
AA56-R1-010	explicit_subject_or_possessor_control	aa56-460e5c19f98914b634a5	FC-005a_v2.cha	9da5c89fae262850960f6d5ad98151c3a780957b3581d357bce9c9a53ffce487	16	8	XXA	有	False	6	好多	m	NUM	True	訂	VERB	11	又	ADV	噉就,誒,而且佢又有好多預早訂晒喇,噉嚹啲人就唔使,唔使去排囖.	幾乎你要幾多,佢俾幾多噉樣樣,只要你肯俾錢佢𠻺得𡃉嚹.	噉兼夾呢,女,即係,炒女皇郵票嗰陣時又已經炒到七七八八𡃉嘞,而家淨得哩啲,好似雀仔哩啲噉嘅嘢,都冇乜特色,又冇乜嘢特別意思噉樣,好似呃錢噉樣,噉𠻺啲人,就冇乜人嚹,即係,冇咁,冇咁搶得咁犀利囖.						
AA56-R1-011	wh_or_embedded_complement_control	aa56-74900adeaf33c3ab6097	FC-005a_v2.cha	9da5c89fae262850960f6d5ad98151c3a780957b3581d357bce9c9a53ffce487	17	32	XXA	冇	False	26	乜	r	PRON	True	冇	VERB	37	都	ADV	噉兼夾呢,女,即係,炒女皇郵票嗰陣時又已經炒到七七八八𡃉嘞,而家淨得哩啲,好似雀仔哩啲噉嘅嘢,都冇乜特色,又冇乜嘢特別意思噉樣,好似呃錢噉樣,噉𠻺啲人,就冇乜人嚹,即係,冇咁,冇咁搶得咁犀利囖.	噉就,誒,而且佢又有好多預早訂晒喇,噉嚹啲人就唔使,唔使去排囖.	而且又,以前𠻺少呢,你就,誒,需求多.						
AA56-R1-012	all_human_plus_predicate;inherited_aa77_sibling_anchor	aa56-36a460907b04e6b4643a	FC-005a_v2.cha	9da5c89fae262850960f6d5ad98151c3a780957b3581d357bce9c9a53ffce487	19	7	XXA	冇	False	6	人	n	NOUN	True	需求	VERB	9	,	X	而家根本係人都咯,冇人需求嘅時候呢,𠻺根本就炒唔起.	而且又,以前𠻺少呢,你就,誒,需求多.	你揸咗喺手嗰啲咪盞,唉,睇下點樣樣,幾時甩得身就甩,甩唔到身就真係過渡九七.						
AA56-R1-013	repair_control	aa56-0258ddc2331e04c7c37e	FC-005a_v2.cha	9da5c89fae262850960f6d5ad98151c3a780957b3581d357bce9c9a53ffce487	32	36	XXA	冇	False	29	噉	r	PRON	False				都	ADV	即係靚啲喇,即係你起碼連埋套郵票,噉𠻺好-好睇,噉樣樣囖,喀,就唔使淨係得四個郵票,噉𠻺乜都冇噉.	收藏.	最後,誒,睇下先,九七年七月一號之前呢,最後嗰一套話,誒,都係重係英女皇頭嗰個呢,係唔係有青馬大橋嗰啲𡃉?						
AA56-R1-014	predicate_less_initial_control	aa56-1b03b3d64219565f0e18	FC-005a_v2.cha	9da5c89fae262850960f6d5ad98151c3a780957b3581d357bce9c9a53ffce487	60	0	XXA	有	True	0	啲	q	NOUN	False						有啲乜嘢,百週年乜嘢郵局,乜嘢百週年啊.	譬如之前係有啲乜嘢啊?	噉有啲呢,就係奧運會啊好似係奧運會啊.						
AA56-R1-015	all_human_plus_predicate;all_initial_indefinite_np_plus_predicate	aa56-f60c84b5da39f66de619	FC-005a_v2.cha	9da5c89fae262850960f6d5ad98151c3a780957b3581d357bce9c9a53ffce487	91	0	XXA	冇	True	0	人	n	NOUN	True	提	VERB	2			冇人提過嗰個嘢係點嘅樣𡃉.	咦,會唔會出特區旗啊,特區花啊,嗰啲噉嘅嘢呢?	只係話有一-,會出有一套回歸嘅郵票同埋小全章,𠻺首日封,即係乜都出齊,噉樣喇.						
AA56-R1-016	all_human_plus_predicate;inherited_aa77_sibling_anchor	aa56-fbbbc9206ae3a14c3951	FC-005a_v2.cha	9da5c89fae262850960f6d5ad98151c3a780957b3581d357bce9c9a53ffce487	93	5	XXA	冇	False	4	人	n	NOUN	True	講	VERB	7	從來	ADV	但係呢就,從來冇人講過嗰套嘢嘅樣係點樣樣嘅.	只係話有一-,會出有一套回歸嘅郵票同埋小全章,𠻺首日封,即係乜都出齊,噉樣喇.	即係乜嘢作-,即係嗰啲構思啊,即係邊個係設計啊,以乜嘢為主題啊,點樣樣,冚唪唥全部冇人講過,所以個個好似懵查查啊,好似斷估噉𡃉咋.						
AA56-R1-017	all_human_plus_predicate;inherited_aa77_sibling_anchor	aa56-d696aa0417ed55e8aca0	FC-005a_v2.cha	9da5c89fae262850960f6d5ad98151c3a780957b3581d357bce9c9a53ffce487	94	27	XXA	冇	False	21	人	n	NOUN	True	講	VERB	29	全部	NUM	即係乜嘢作-,即係嗰啲構思啊,即係邊個係設計啊,以乜嘢為主題啊,點樣樣,冚唪唥全部冇人講過,所以個個好似懵查查啊,好似斷估噉𡃉咋.	但係呢就,從來冇人講過嗰套嘢嘅樣係點樣樣嘅.	所以就出埋哩幾套之後就應該玩完嚹.						
AA56-R1-018	all_initial_indefinite_np_plus_predicate	aa56-cf4d5769dd7717209a64	FC-005a_v2.cha	9da5c89fae262850960f6d5ad98151c3a780957b3581d357bce9c9a53ffce487	97	0	XXA	有	True	0	啲	q	NOUN	True	有	VERB	2			有啲有,有啲冇.	你嗰陣時話訂嗰啲呢,即係話有一年裏邊訂呢,噉有冇包埋你頭先講嗰幾款嗰啲?	係囖.						
AA56-R1-019	wh_or_embedded_complement_control	aa56-e339c5220e1ba17edc20	FC-005b_v2.cha	91e91321966b1ff126280a045553c91ec40d0f45daf3beba4fe5e84a7181f868	11	3	XXB	冇	False	3	哩	r	PRON	True	係	VERB	10	又	ADV	但係而家又冇哩一樣𡃉喇,係唔係啊?	心痛嚹.	即係哩排又冇話?						
AA56-R1-020	explicit_subject_or_possessor_control	aa56-225f70ac899ce8844b46	FC-005b_v2.cha	91e91321966b1ff126280a045553c91ec40d0f45daf3beba4fe5e84a7181f868	16	17	XXA	有	False	14	啲	q	NOUN	True	炒	VERB	19	重	ADV	嗰陣時嗰啲𠻺純粹炒𡃉啫,嗰陣時嗰啲就,𠻺,我都重有啲炒嘅喺度啊.	而家-,如果而家再揾女皇頭嗰啲呢,就真係儲郵票𡃉嚹,嗰啲真係,真係儲來,即係收集返起來,即係,趁而家跌返啲價,啲人儲返一套喺度.	係咩?						
AA56-R1-021	repair_control	aa56-0a928e16988466b993ff	FC-005b_v2.cha	91e91321966b1ff126280a045553c91ec40d0f45daf3beba4fe5e84a7181f868	79	27	XXA	有	False	22	任何	r	PRON	True	唔係	VERB	33	,	X	而且佢哋話呢,儲成版就有保值嘅作用囖,喀,不過你唔好整花,整摺,有任何損毀嚹,如果唔係就冚唪唥冇,即係價-,冇,點啊?	唔係啊,我諗我下次都係買啲,試下買一版先得.	冇嗰個賣返出去嘅價值囖,變咗你真係永遠就自己揸住來睇𡃉咋.						
AA56-R1-022	all_human_plus_predicate	aa56-cbfebd5156da98ec2a91	FC-005b_v2.cha	91e91321966b1ff126280a045553c91ec40d0f45daf3beba4fe5e84a7181f868	130	3	XXA	有	False	3	人	n	NOUN	True	收購	VERB	5	重	ADV	不過都重有人收購而家.	你用得兩用嘅話,即係,轉多兩轉已經掂咗啲人氣手氣之後呢,就已經冇價值𡃉嚹.	而家只要你係女皇頭,佢就要𡃉嚹.						
AA56-R1-023	predicate_less_initial_control	aa56-e9646aaaea321ad6eff0	FC-005b_v2.cha	91e91321966b1ff126280a045553c91ec40d0f45daf3beba4fe5e84a7181f868	134	0	XXB	有	True	0	啲	q	NOUN	False						有啲噉嘅嘢咩?	係咩?	有啊,喺,乜嘢,旺角嗰度,日日,嗰啲唔知係唔係大陸人來嘅,走落來,黏張紙喺度,有年份嗰啲𠻺特別價錢囖,冇年份嗰啲求其,好似話女皇頭兩毫子嘅,佢就四毫子一個幫你收噉.						
AA56-R1-024	overt_place_domain_control	aa56-4337ac87972878c75d82	FC-005b_v2.cha	91e91321966b1ff126280a045553c91ec40d0f45daf3beba4fe5e84a7181f868	135	30	XXA	有	False	22	年份	n	NOUN	True	冇	VERB	38	,	X	有啊,喺,乜嘢,旺角嗰度,日日,嗰啲唔知係唔係大陸人來嘅,走落來,黏張紙喺度,有年份嗰啲𠻺特別價錢囖,冇年份嗰啲求其,好似話女皇頭兩毫子嘅,佢就四毫子一個幫你收噉.	有啲噉嘅嘢咩?	你就俾一拃佢,佢咪照數俾你囖,你俾十個佢,佢俾四蚊你噉樣囖,喀,噉就佢就唔理你乜嘢年代嘞,佢收咗返去,佢自己點搞就唔理佢𡃉嚹,總言之佢就收晒你啲女皇頭嘅返去.						
AA56-R1-025	explicit_subject_or_possessor_control	aa56-a70463ef7bbc0923ee2f	FC-009b_v.cha	c9bfd5c37661f770dd4d42712f8484fdeb720eafc25e363ec3779da6aa48cdf5	4	3	XXA	有	False	3	問題	n	NOUN	True	覺得	VERB	7	應該	AUX	我都應該有問題嘅,覺得自己.	喀.	跟住後來呢我就停咗啊直程.						
AA56-R1-026	all_human_plus_predicate	aa56-ad30a30fbdfde7bcb279	FC-009b_v.cha	c9bfd5c37661f770dd4d42712f8484fdeb720eafc25e363ec3779da6aa48cdf5	14	4	XXA	有	False	4	人	n	NOUN	True	幫	VERB	6	就	ADV	跟住後來呢就有人幫我,誒,整嗰啲嘢囖.	喀.	跟住後來我直程行唔到嘍.						
AA56-R1-027	all_initial_indefinite_np_plus_predicate	aa56-a8b0b8dbccd30fe9a50e	FC-009b_v.cha	c9bfd5c37661f770dd4d42712f8484fdeb720eafc25e363ec3779da6aa48cdf5	16	0	XXA	有	True	0	個	q	NOUN	True	孭	VERB	3			有個男仔孭我走喇.	跟住後來我直程行唔到嘍.	吓?						
AA56-R1-028	repair_control	aa56-992030eb1058add17b86	FC-009b_v.cha	c9bfd5c37661f770dd4d42712f8484fdeb720eafc25e363ec3779da6aa48cdf5	30	3	XXA	冇	False	3	我	r	PRON	True	包	VERB	6	就	ADV	噉我就冇-我包咗-包紮咗幾次,就冇去到囖.	嗯.	係.						
AA56-R1-029	post_np_locative_coda_control	aa56-38c7b88e948150cefa68	FC-009b_v.cha	c9bfd5c37661f770dd4d42712f8484fdeb720eafc25e363ec3779da6aa48cdf5	72	1	XXA	有	False	1	個	q	NOUN	True	講	VERB	13	咪	ADV	咪有個tearing喺你個ligament上邊嘅,嗰度噉講喇.	噉跟住佢話,即係佢係噉講過啲乜嘢英文乜嘢-乜嘢-乜嘢有個tearing.	乜嘢叫做tearing啊?						
AA56-R1-030	wh_or_embedded_complement_control	aa56-ac82cedaa9fb53248217	FC-009b_v.cha	c9bfd5c37661f770dd4d42712f8484fdeb720eafc25e363ec3779da6aa48cdf5	82	7	XXA	冇	False	7	乜	r	PRON	True	跑	VERB	9	就	ADV	噉我由中五開始就冇乜跑過囖.	嗯.	哦.						
AA56-R1-031	wh_or_embedded_complement_control	aa56-65ddd1ceb909378b75fd	FC-011_v.cha	8aee56f612436ff9ddb299b1d3e7f7b0c468ddc79ad7e25f6b2da7277d8d1866	16	1	XXA	冇	False	1	乜	r	PRON	True	咋	VERB	5	其實	ADV	其實冇乜福利𡃉咋喎.	福利?	係?						
AA56-R1-032	repair_control	aa56-0ef7f04d6d3fb9a35d40	FC-011_v.cha	8aee56f612436ff9ddb299b1d3e7f7b0c468ddc79ad7e25f6b2da7277d8d1866	48	11	XXB	冇	False	9	乜	r	PRON	False				,	X	噉都-賺咗好多個月錢吖,冇乜所謂吖.	係啊.	都抵𠸏.						
AA56-R1-033	explicit_subject_or_possessor_control	aa56-e2e55d23fe5c2a95463f	FC-011_v.cha	8aee56f612436ff9ddb299b1d3e7f7b0c468ddc79ad7e25f6b2da7277d8d1866	76	12	XXB	有	False	7	啲	q	NOUN	True	做	VERB	15	我哋	PRON	噉,誒,係嘞,噉,誒,我哋有啲乜嘢做呢?	係喇.	喀.						
AA56-R1-034	post_np_locative_coda_control	aa56-f09e9b7c3d9d0312fbfb	FC-011_v.cha	8aee56f612436ff9ddb299b1d3e7f7b0c468ddc79ad7e25f6b2da7277d8d1866	88	13	XXB	有	False	10	啲	q	NOUN	True	擺	VERB	18	到	PART	即係,誒,喺啲銀行呢,你咪見到有啲機呢,擺咗喺度俾人撳撳撳來問嘢𠸏.	kiosk啊.	交錢嗰啲?						
AA56-R1-035	all_initial_indefinite_np_plus_predicate	aa56-425ece703bcc9a0b848a	FC-012_v.cha	f20df16972d89c85f64e6be62b97a17f09b1a4e67639833ff27f1610b3bd277a	20	0	XXA	有	True	0	個	q	NOUN	True	有	VERB	4			有個冷-有個冷氣掣俾佢𠺢嗎.	夜晚先開𠺢嗎.	你都唔-都唔愛錫啲生物𠸏.						
AA56-R1-036	repair_control	aa56-df51b464d8646966de8c	FC-012_v.cha	f20df16972d89c85f64e6be62b97a17f09b1a4e67639833ff27f1610b3bd277a	20	4	XXA	有	False	3	個	q	NOUN	True	俾	VERB	8	-	X	有個冷-有個冷氣掣俾佢𠺢嗎.	夜晚先開𠺢嗎.	你都唔-都唔愛錫啲生物𠸏.						
AA56-R1-037	post_np_locative_coda_control	aa56-8dbf6365615353248c51	FC-012_v.cha	f20df16972d89c85f64e6be62b97a17f09b1a4e67639833ff27f1610b3bd277a	56	1	XXC	有	False	1	狗	n	NOUN	False				帶	VERB	帶有狗嘅味同埋毛啊喺件褸上邊啊.	人着褸啊.	點解入埋衣櫃度𠸏?						
AA56-R1-038	explicit_subject_or_possessor_control	aa56-ce4154a2d954e1090187	FC-012_v.cha	f20df16972d89c85f64e6be62b97a17f09b1a4e67639833ff27f1610b3bd277a	59	12	XXA	有	False	11	狗毛	n	NOUN	False				褸	NOUN	點解你隻狗會整到你-你件褸有狗毛?	喺衣櫃裏邊取暖.	唔係啊.						
AA56-R1-039	wh_or_embedded_complement_control	aa56-5714e8af63e64f4d93be	FC-012_v.cha	f20df16972d89c85f64e6be62b97a17f09b1a4e67639833ff27f1610b3bd277a	67	10	XXA	有	False	10	啲	q	NOUN	False				發覺	VERB	噉但係會唔會食食下飯發覺有啲狗毛嗰啲?	慣咗嗱?	會𡃉.						
AA56-R1-040	predicate_less_initial_control	aa56-48332345f9496e98feff	FC-012_v.cha	f20df16972d89c85f64e6be62b97a17f09b1a4e67639833ff27f1610b3bd277a	69	0	XXB	有	True	0	可能	vn	NOUN	False						有可能𡃉.	會𡃉.	哎吔.						
AA56-R1-041	all_initial_indefinite_np_plus_predicate	aa56-38c5935b9616c52fc44f	FC-012_v.cha	f20df16972d89c85f64e6be62b97a17f09b1a4e67639833ff27f1610b3bd277a	101	0	XXA	有	True	0	個	q	NOUN	True	拖	VERB	5			有個人呢,拖住條曲-拖住隻曲架狗周街走呢,好過癮.	好過癮𡃉,我覺得曲架.	噉跟住有又有一隻呢好似芝娃娃定乜鬼啊,好細隻冇毛嗰啲呢.						
AA56-R1-042	all_human_plus_predicate	aa56-2eca8be08ca610d0248f	FC-012_v.cha	f20df16972d89c85f64e6be62b97a17f09b1a4e67639833ff27f1610b3bd277a	426	7	XXC	有	False	6	人	n	NOUN	True	傾電話	VERB	9	重	ADV	你O.T.到八,九點重有人傾電話先?	企喺度聽電話囖,企喺度對住部電腦囖.	同屋企人或者朋友傾電話嗰啲唔係公事吖.						
AA56-R1-043	explicit_subject_or_possessor_control	aa56-1762144bc0b85cf9ab4e	FC-013_v.cha	2cf5054351ef94e796f07577f24d4a0b66f4ca79b26047ae046600d3988d223b	5	4	XXA	有	False	3	個	q	NOUN	False				係	VERB	十-佢係有個rules𠺢嗎.	梗係分開兩個禮拜.	唔可以一次過放三十日㗎?						
AA56-R1-044	all_initial_indefinite_np_plus_predicate	aa56-ab7b908fab3a305ccd4b	FC-013_v.cha	2cf5054351ef94e796f07577f24d4a0b66f4ca79b26047ae046600d3988d223b	32	0	XXB	有	True	0	個	q	NOUN	True	咬	VERB	8			有個BB啊隻腳俾蚊咬咗好大粒啊.	哎吔.	你見唔見到啊?						
AA56-R1-045	wh_or_embedded_complement_control	aa56-41840c6f372dcf18ec2d	FC-013_v.cha	2cf5054351ef94e796f07577f24d4a0b66f4ca79b26047ae046600d3988d223b	86	4	XXB	有	False	4	乜嘢	r	PRON	False				重	ADV	你去日本重有乜嘢啊?	梗係睇櫻花喇.	ei1重有乜嘢北海道滑雪呀,啲人走去.						
AA56-R1-046	repair_control	aa56-b976606f4938cccf0e32	FC-013_v.cha	2cf5054351ef94e796f07577f24d4a0b66f4ca79b26047ae046600d3988d223b	131	6	XXB	有	False	4	蚊	n	NOUN	False				,	X	佢就話-誒,有蚊啊.	噉即係幾多錢唧?	隻手吖,死喇,咬到噉.						
AA56-R1-047	wh_or_embedded_complement_control	aa56-3b0d9c3d028d01cff65b	FC-018_v.cha	ce62da97ef3381682529717fc362546c42a4f3a268990ca0afafe1a9f696d010	1	6	XXC	有	False	5	乜嘢	r	PRON	True	得意	ADJ	8	,	X	今次你返桂林呢,有乜嘢得意嘅事發生啊?	你,誒,哩個旅行嘅經歷吖.	噉樣講法呀?						
AA56-R1-048	all_initial_indefinite_np_plus_predicate	aa56-45ff05abb06a20672ec9	FC-018_v.cha	ce62da97ef3381682529717fc362546c42a4f3a268990ca0afafe1a9f696d010	22	0	XXM	有	True	0	種	q	NOUN	True	清涼	ADJ	3			有種即係清涼個感覺.	係啊.	係咩?						
AA56-R1-049	overt_place_domain_control	aa56-136bd24a79d10cdd3654	FC-018_v.cha	ce62da97ef3381682529717fc362546c42a4f3a268990ca0afafe1a9f696d010	33	21	XXM	有	False	18	外國	n	NOUN	False				,	X	噉啲風景都好靚,有好多嗰啲國內嘅旅遊客啊,有啲香港遊客啊,有外國遊客啊噉樣囖.	哦.	嗯.						
AA56-R1-050	repair_control	aa56-4f170f3c88d4d1f49f46	FC-018_v.cha	ce62da97ef3381682529717fc362546c42a4f3a268990ca0afafe1a9f696d010	52	1	XXM	有	False	1	香港	ns	PROPN	True	放假	VERB	6	邊	PRON	邊有-香港都未曾放假喇.	通-嗰陣時啊冚唪唥都退休人士吖.	啲人都未放假喇,啲學生-後生仔.						
AA56-R1-051	post_np_locative_coda_control	aa56-3356d66b7cfa567a4003	FC-018_v.cha	ce62da97ef3381682529717fc362546c42a4f3a268990ca0afafe1a9f696d010	146	4	XXC	冇	False	3	嗰啲	r	PRON	True	喺度	VERB	7	周圍	ADV	哦,即係周圍冇嗰啲橫額喺度呀?	都唔覺得好熱鬧啊.	"橫額就冇,淨係有少少,誒,即係嗰啲國旗啊,誒,特區個徽章啊,誒,""熱烈慶祝回歸""噉樣喇,係噉寫哩啲噉嘅嘢囖."						
AA56-R1-052	predicate_less_initial_control	aa56-1602ac8136e832ad8e6a	FC-018_v.cha	ce62da97ef3381682529717fc362546c42a4f3a268990ca0afafe1a9f696d010	158	0	XXM	冇	True	0	乜	r	PRON	False						冇乜特別.	即係冇乜特別,返到去.	哦.						
AA56-R1-053	explicit_subject_or_possessor_control	aa56-dd51e90320484c7b0591	FC-019_v.cha	81f02ee58db18cfc44dc76b96c0955b23acdfdc8be83e05a01b28d1667d4d264	73	9	XXJ	冇	False	6	一	m	NUM	True	特定	ADJ	15	又	ADV	"即係我""""其實,我心目中又冇一個,即係,特定嘅,即係style噉樣喇."	嗯.	但係我去到嘅時候我唔知剪短,噉佢會問你想點樣剪短喇.						
AA56-R1-054	wh_or_embedded_complement_control	aa56-4aae0650786a4293a193	FC-019_v.cha	81f02ee58db18cfc44dc76b96c0955b23acdfdc8be83e05a01b28d1667d4d264	85	12	XXC	冇	False	10	乜	r	PRON	False				即係	CCONJ	即係但係如果長呢-我覺得都係,即係冇乜變化啊.	係囖,係囖,係囖.	冇乜變化.						
AA56-R1-055	predicate_less_initial_control	aa56-3b11966d0b09ada82ea8	FC-019_v.cha	81f02ee58db18cfc44dc76b96c0955b23acdfdc8be83e05a01b28d1667d4d264	86	0	XXJ	冇	True	0	乜	r	PRON	False						冇乜變化.	即係但係如果長呢-我覺得都係,即係冇乜變化啊.	係嘞,係嘞,係嘞.						
AA56-R1-056	repair_control	aa56-5fc30c10624325ab69eb	FC-019_v.cha	81f02ee58db18cfc44dc76b96c0955b23acdfdc8be83e05a01b28d1667d4d264	111	13	XXJ	有	False	11	劉海	n	NOUN	True	剪	VERB	18	係	VERB	哎,我以前試過剪碎陰啊,但係係有-劉海噉樣嘅剪碎蔭,重好肉酸囖.	喀,喀喀喀.	更加細個啊個樣.						
AA56-R1-057	overt_place_domain_control	aa56-415a410addf0795ed783	FC-020_v.cha	6ec07be8de5bf5784dc1c6dba433bfb4eda92663c929a3e67c02103e0c8f0bf7	43	13	XXA	有	False	10	消息	n	NOUN	False				係	VERB	"""噉樣,佢話""你其他啲學校都重係有消息噉𠺢嗎."	做住一年先都好喇.	"""噉我咪話,""噉呀?"						
AA56-R1-058	repair_control	aa56-c58b868261d095501b07	FC-020_v.cha	6ec07be8de5bf5784dc1c6dba433bfb4eda92663c929a3e67c02103e0c8f0bf7	56	25	XXA	有	False	21	機會	n	NOUN	True	揾	VERB	27	會	AUX	"跟住我話""誒,啊!但係你嘅資料就會即係留低喇,噉睇下第日會唔會有機會揾你讀-揾你幫手噉樣."	喀,喀,喀.	嗯.						
AA56-R1-059	wh_or_embedded_complement_control	aa56-e3effad208429fa00a76	FC-020_v.cha	6ec07be8de5bf5784dc1c6dba433bfb4eda92663c929a3e67c02103e0c8f0bf7	101	9	XXB	有	False	7	乜	r	PRON	True	揾	VERB	12	係	VERB	噉呢,都係-即係都係有乜就揾乜噉樣喇.	哦.	喀,喀,喀,喀.						
AA56-R1-060	explicit_subject_or_possessor_control	aa56-9d25bb4fd794d1f5382b	FC-020_v.cha	6ec07be8de5bf5784dc1c6dba433bfb4eda92663c929a3e67c02103e0c8f0bf7	116	5	XXB	冇	False	4	乜	r	PRON	True	冇	VERB	12	都	ADV	噉,即係我都冇乜,ei1,我都冇乜啲-即係乜嘢目標噉-噉樣揾嘅,即係揾到乜嘢就揾乜嘢喇.	喀,喀,喀.	喀.						
AA56-R1-061	all_human_plus_predicate	aa56-855ca5c4e55f1e696558	FC-020_v.cha	6ec07be8de5bf5784dc1c6dba433bfb4eda92663c929a3e67c02103e0c8f0bf7	517	24	XXB	有	False	20	人	n	NOUN	True	去	VERB	26	重	ADV	"噉呢佢就話,誒,應-因為哩一兩日-佢話哩一兩日都重有人去interview嘅,噉佢話-噉就-誒,同埋""我哋都要計下分噉樣喎."	喀,喀,喀.	"""噉呢佢就話計完晒啲分之後呢,噉如果你係高過人哋呢,佢話噉你就有得secondinterview噉樣囖."						
AA56-R1-062	repair_control	aa56-b6b8194c8c4187a528b0	FC-022a_v.cha	f1ac38cc97b07a9757a7a7e9274732b52679d76fd9980defa2fe57d5c562a43d	2	7	XXA	有	False	5	一	m	NUM	False				都	ADV	誒,每年-即係每年都有一次嗰個書展囖.	誒,乜嘢書展呢?	你知唔知道𡃉?						
AA56-R1-063	overt_place_domain_control	aa56-fbef4911fceea348482f	FC-022a_v.cha	f1ac38cc97b07a9757a7a7e9274732b52679d76fd9980defa2fe57d5c562a43d	42	30	XXA	有	False	25	個	q	NOUN	False				嗰度	PRON	噉呢,但係呢佢-我會覺得呢,舊版呢就有一個係譬如講地名嘅,後-最尾嗰度有個index噉樣𠺢嗎.	係.	係appendix.						
AA56-R1-064	explicit_subject_or_possessor_control	aa56-35ed32f2b95ac13ac4e5	FC-022a_v.cha	f1ac38cc97b07a9757a7a7e9274732b52679d76fd9980defa2fe57d5c562a43d	67	3	XXA	冇	False	2	乜	r	PRON	True	聽	VERB	6	我	PRON	誒,我冇乜點聽過.	我諗你應該有用𡃉.	"誒,陸谷孫嗰本呢就係叫做""英漢大辭典""."						
AA56-R1-065	explicit_subject_or_possessor_control	aa56-6c7587498b455e8c7ab4	FC-022b_v.cha	3dec7b1713b09b5693df6af23cff8bf0de760909f321c6f56002b43baced849d	36	4	XXB	有	False	4	一啲	m	NUM	True	係	VERB	10	係	VERB	噉佢就係有一啲字呢,或者係深啲嘅名詞,或者係,誒,中國大陸嘅用語呢,係冇收到落去嘅.	係啊.	喀.						
AA56-R1-066	post_np_locative_coda_control	aa56-d1cbb9053c370d1e7df2	FC-022b_v.cha	3dec7b1713b09b5693df6af23cff8bf0de760909f321c6f56002b43baced849d	206	1	XXA	有	False	1	個	q	NOUN	True	喺度	VERB	4	係	VERB	係有個分別喺度𡃉喎.	係.	分別喺邊呢?						
AA56-R1-067	predicate_less_initial_control	aa56-4c576512361871028551	FC-022b_v.cha	3dec7b1713b09b5693df6af23cff8bf0de760909f321c6f56002b43baced849d	212	0	XXA	冇	True	0	例子	n	NOUN	False						冇例子啊,基本上.	即係話佢𠻺好少例子.	係直程冇例子.						
AA56-R1-068	all_initial_indefinite_np_plus_predicate	aa56-ab9bd76cacaef05d9800	FC-022b_v.cha	3dec7b1713b09b5693df6af23cff8bf0de760909f321c6f56002b43baced849d	214	0	XXA	有	True	0	啲	q	NOUN	True	好	ADJ	2			有啲好啲嘅可能會有一句噉樣喇.	係直程冇例子.	係.						
AA56-R1-069	all_initial_indefinite_np_plus_predicate	aa56-a0a558d7520e14b1042f	FC-025_v.cha	de4c852f32310e64c446e91363e0db7332531bc8026287ddd750d7a6388f7131	45	0	XXY	有	True	0	個	q	NOUN	True	係	VERB	4			有個肥仔又係我哋班𡃉.	唔係肥豪,肥豪我實認得喇.	唔係好記得.						
AA56-R1-070	all_initial_indefinite_np_plus_predicate	aa56-8aad1b1b0a6609ac5793	FC-025_v.cha	de4c852f32310e64c446e91363e0db7332531bc8026287ddd750d7a6388f7131	49	0	XXX	有	True	0	幾	r	PRON	True	肥	ADJ	2			有幾肥啊?	係啊.	都幾肥吓𡃉.						
AA56-R1-071	explicit_subject_or_possessor_control	aa56-584c80d163bf7c12d27c	FC-025_v.cha	de4c852f32310e64c446e91363e0db7332531bc8026287ddd750d7a6388f7131	69	18	XXY	有	False	17	五	m	NUM	False				我	PRON	喂數一數呢,我又發覺原來我哋班嘅都有成連埋我有五個人喎竟然.	艾爾頓嗰陣時佢乜嘢𠸏.	唏,缺少咗南哥就爭啲嘅.						
AA56-R1-072	wh_or_embedded_complement_control	aa56-d6851f43990498497ceb	FC-025_v.cha	de4c852f32310e64c446e91363e0db7332531bc8026287ddd750d7a6388f7131	81	1	XXZ	有	False	1	躉	q	NOUN	False				即係	CCONJ	即係有躉office噉呀?	但係乜嘢貨櫃碼頭?	係啊.						
AA56-R1-073	predicate_less_initial_control	aa56-f960fcff7b7782876045	FC-025_v.cha	de4c852f32310e64c446e91363e0db7332531bc8026287ddd750d7a6388f7131	93	0	XXY	有	True	0	幾	m	NUM	False						有幾間唔同嘅公司.	MTL啊噉樣.	幾間公司.						
AA56-R1-074	overt_place_domain_control	aa56-cbc0a33cd1d9ab680991	FC-025_v.cha	de4c852f32310e64c446e91363e0db7332531bc8026287ddd750d7a6388f7131	189	3	XXY	冇	False	3	電話	n	NOUN	False				又	ADV	因為嗰度又冇電話.	直至到你哋call我,我先發覺到原來啲時間已經係十二點鐘嚹.	你知喺人公司,同埋揾唔到電話,好難揾電話𡃉.						
AA56-R1-075	all_human_plus_predicate	aa56-cd559174e68be7cb7031	FC-025_v.cha	de4c852f32310e64c446e91363e0db7332531bc8026287ddd750d7a6388f7131	628	4	XXY	有	False	4	人	n	NOUN	True	𠝹手	VERB	8	到	PART	你唔係見到有人喺街𠝹手咁邪啞?	你講起女仔.	肚餓.						
AA56-R1-076	wh_or_embedded_complement_control	aa56-ac826f135db8b89f13b7	FC-026_v2.cha	95fb9865802b2cfa9e0b5a593cff800e4a5559f62a4e713ce352f518c0c93e3c	67	6	XXA	有	False	5	幾多	r	PRON	False				-	X	但係你間公司幾-有幾多人啊?	哎,我都覺得幾搞嘢.	幾大規模啊?						
AA56-R1-077	overt_place_domain_control	aa56-ddf1bbf431c1da37ea47	FC-026_v2.cha	95fb9865802b2cfa9e0b5a593cff800e4a5559f62a4e713ce352f518c0c93e3c	69	7	XXJ	有	False	7	七十幾	m	NUM	False				就	ADV	其實total來講喺香港就有七十幾人喇.	幾大規模啊?	嘩噉都好大喎.						
AA56-R1-078	predicate_less_initial_control	aa56-3fbe0008b75315f7a055	FC-026_v2.cha	95fb9865802b2cfa9e0b5a593cff800e4a5559f62a4e713ce352f518c0c93e3c	187	0	XXA	冇	True	0	理由	n	NOUN	False						冇理由喎.	嗰陣時你知喇冇乜錢,過去都純粹係睇嘢囖.	但係就買嘢都會買嘢,但係當然冇-冇人-冇阿餅咁有錢買咁多嘢喇.						
AA56-R1-079	all_human_plus_predicate	aa56-5e3ef3cbf19d3cb8b9d3	FC-026_v2.cha	95fb9865802b2cfa9e0b5a593cff800e4a5559f62a4e713ce352f518c0c93e3c	188	13	XXJ	冇	False	11	人	n	NOUN	True	冇	VERB	16	-	X	但係就買嘢都會買嘢,但係當然冇-冇人-冇阿餅咁有錢買咁多嘢喇.	冇理由喎.	係呀?						
AA56-R1-080	post_np_locative_coda_control	aa56-472e12111ac9aa720df4	FC-026_v2.cha	95fb9865802b2cfa9e0b5a593cff800e4a5559f62a4e713ce352f518c0c93e3c	283	12	XXA	有	False	11	廠	n	NOUN	True	有	VERB	18	香港	PROPN	哦,即係其實你哋係哩間公司就喺香港有廠,喺大陸又有廠噉呀?	噉變咗嗰邊其實都唔係話咁多人講國語囖.	唔係.						
AA56-R1-081	all_human_plus_predicate;all_initial_indefinite_np_plus_predicate	aa56-d4e16aff62f0ff7023e6	FC-027_v2.cha	9021e0359557933ce4bd11e41871d555174f7fccc84bc0c4fb5ad7542f1a2dd1	70	0	XXA	冇	True	0	人	n	NOUN	True	嗌	VERB	2			冇人嗌咪唔嗌囖.	嗯.	但沙律係必備𡃉喎.						
AA56-R1-082	all_human_plus_predicate;all_initial_indefinite_np_plus_predicate	aa56-0b7b419c7ecc4f80c330	FC-027_v2.cha	9021e0359557933ce4bd11e41871d555174f7fccc84bc0c4fb5ad7542f1a2dd1	105	0	XXA	有	True	0	人	n	NOUN	True	double	ADJ	2			有人doubleE喇總之就.	唔知啊.	哦即係唔讀Engin呀?						
AA56-R1-083	predicate_less_initial_control	aa56-83f7c30ac005d7bcd1b1	FC-027_v2.cha	9021e0359557933ce4bd11e41871d555174f7fccc84bc0c4fb5ad7542f1a2dd1	133	0	XXA	有	True	0	Account	xn	NOUN	False						有Account.	有.	係咩?						
AA56-R1-084	all_human_plus_predicate	aa56-4305fe3b997cd5b82971	FC-027_v2.cha	9021e0359557933ce4bd11e41871d555174f7fccc84bc0c4fb5ad7542f1a2dd1	202	3	XXA	冇	False	3	人	n	NOUN	True	揀	VERB	5	都	ADV	我哋學校都冇人揀嗰啲𡃉喇.	噉好驚𠺢嗎令人會.	哦你哋幾時揀𡃉Jupas?						
AA56-R1-085	all_initial_indefinite_np_plus_predicate	aa56-369b772019bb3d066354	FC-027_v2.cha	9021e0359557933ce4bd11e41871d555174f7fccc84bc0c4fb5ad7542f1a2dd1	238	0	XXB	有	True	0	啲	q	NOUN	True	夠	VERB	4			有啲B都夠𡃉嚹喎.	我有啲B就算𡃉嚹.	BBCC已經可以𡃉嚹.						
AA56-R1-086	all_human_plus_predicate	aa56-8d65e70d6273eea6f6ec	FC-027_v2.cha	9021e0359557933ce4bd11e41871d555174f7fccc84bc0c4fb5ad7542f1a2dd1	294	1	XXB	有	False	1	人	n	NOUN	True	讀	VERB	3	但係	CCONJ	但係有人讀四科𡃉咋喎我見到.	報六科.	係呀.						
AA56-R1-087	all_human_plus_predicate;all_initial_indefinite_np_plus_predicate	aa56-a7f8774daec701b5ef5a	FC-027_v2.cha	9021e0359557933ce4bd11e41871d555174f7fccc84bc0c4fb5ad7542f1a2dd1	334	0	XXB	有	True	0	人	n	NOUN	True	攞	VERB	3			有人一心攞A𡃉咩?	一心攞A.	嘩你理科班唔攞A呢真係有啲問題.						
AA56-R1-088	overt_place_domain_control	aa56-d18ce6d4cd6c36c2290c	FC-027_v2.cha	9021e0359557933ce4bd11e41871d555174f7fccc84bc0c4fb5ad7542f1a2dd1	417	4	XXB	有	False	4	啲	q	NOUN	False				係	VERB	你間學校係有啲辦法嘅.	噉都幾好.	辦乜嘢法吖.						
AA56-R1-089	predicate_less_initial_control	aa56-4fae48e4972a5833281c	FC-028_v2.cha	1c64c3e02fa481dcad61f4e9c85b8efe724799e910fc96fc24504bf15be32d2a	77	0	XXA	有	True	0	郭	nr	PROPN	False						有郭富城呀?	係啊.	郭富城最易請吖嗎.						
AA56-R1-090	overt_place_domain_control	aa56-3648339139fd6199a2c8	FC-028_v2.cha	1c64c3e02fa481dcad61f4e9c85b8efe724799e910fc96fc24504bf15be32d2a	159	28	XXB	有	False	23	事	n	NOUN	True	會	AUX	31	,	X	"即係大家都唔知佢去邊𡃉喇,打電話call佢,佢又話自己,乜嘢""我而家唔喺香港,有事我會盡快覆你."	喀.	喀.						
AA56-R1-091	all_human_plus_predicate	aa56-9bd0cea4256ff5ebb22c	FC-029_v.cha	f2a94065a152941f5cea9ec552fd343fb65c0c8532dda4c7b5b914b449d06f86	30	2	XXS	有	False	1	人	n	NOUN	True	有	VERB	4	,	X	323,有人有喇嗎,323唔好啊,上次睇嗰架323啊,有啲𤓓味啊.	323好啊.	咦,你講過喇,嗰架係你喺雜誌度睇𠺢嗎.						
AA56-R1-092	overt_place_domain_control	aa56-68bbf5d43081bad80689	FC-029_v.cha	f2a94065a152941f5cea9ec552fd343fb65c0c8532dda4c7b5b914b449d06f86	224	7	XXA	冇	False	6	位	n	NOUN	False				嗰度	PRON	哦,最衰你馬會嗰度冇位喇已經.	係啊,我都想啊真係.	嘩,唔使錢啊如果有位.						
AA56-R1-093	post_np_locative_coda_control	aa56-2a4a8d0219c9d089155f	FC-029_v.cha	f2a94065a152941f5cea9ec552fd343fb65c0c8532dda4c7b5b914b449d06f86	242	3	XXS	有	False	3	架	q	NOUN	True	泊	VERB	7	到	PART	跟住見到有架車呢泊咗喺度喎.	喀.	喀.						
AA56-R1-094	all_initial_indefinite_np_plus_predicate	aa56-fd72d7df24236392af5f	FC-029_v.cha	f2a94065a152941f5cea9ec552fd343fb65c0c8532dda4c7b5b914b449d06f86	399	0	XXA	有	True	0	架	q	NOUN	True	去	VERB	5			有架van仔就去HongKongU嘅.	喀.	嘩,直接去HongKongU呀?						
AA56-R1-095	all_initial_indefinite_np_plus_predicate	aa56-6a771a332940f7b86fe5	FC-033_v2.cha	4a54d83cb2e8b32b1979c53bdf11706516fb3e1b8c6caa4bc72662a1e5fbf4e5	13	0	XXB	冇	True	0	嘢	n	NOUN	True	做	VERB	2			冇嘢做咪養下魚囖.	嘿!養魚,養魚好玩吖嗎.	噉𠻺係啫.						
AA56-R1-096	all_initial_indefinite_np_plus_predicate	aa56-18c913d05203bd4be1cb	FC-033_v2.cha	4a54d83cb2e8b32b1979c53bdf11706516fb3e1b8c6caa4bc72662a1e5fbf4e5	70	0	XXA	有	True	0	啲	q	NOUN	True	知道	VERB	8			有啲魚呀,成-我知道成幾千蚊一條啊.	好貴𡃉喎啲魚.	而家呀?						
AA56-R1-097	all_initial_indefinite_np_plus_predicate	aa56-ea00b41029c5331bf27c	FC-033_v2.cha	4a54d83cb2e8b32b1979c53bdf11706516fb3e1b8c6caa4bc72662a1e5fbf4e5	87	0	XXB	有	True	0	啲	q	NOUN	True	有	VERB	5			有啲水草啊,有啲石啊,噉樣.	你望埋去呢就好舒服嘅.	噉我都好鍾意養魚嘅.						
AA56-R1-098	overt_place_domain_control	aa56-7459579374fe21a6471f	FC-033_v2.cha	4a54d83cb2e8b32b1979c53bdf11706516fb3e1b8c6caa4bc72662a1e5fbf4e5	97	5	XXA	有	False	5	缸	q	NOUN	False				屋企	NOUN	我都幾鍾意屋企有缸魚.	其實缸魚都幾好啊.	我養過嗰啲七彩神仙呀.						
AA56-R1-099	all_initial_indefinite_np_plus_predicate	aa56-05a63763bb1d31df4d9f	FC-033_v2.cha	4a54d83cb2e8b32b1979c53bdf11706516fb3e1b8c6caa4bc72662a1e5fbf4e5	138	0	XXB	有	True	0	啲	q	NOUN	True	貪	VERB	4			有啲人啊貪佢夠大條呢.	不過有啲人鍾意𠸏.	但係而家睇睇下呢,都覺得都幾靚𠸏.						
AA56-R1-100	predicate_less_initial_control	aa56-9f9af9c1c60f578e7360	FC-033_v2.cha	4a54d83cb2e8b32b1979c53bdf11706516fb3e1b8c6caa4bc72662a1e5fbf4e5	198	0	XXB	有	True	0	啲	q	NOUN	False						有啲石啊,嗰啲嘢.	你望埋去咪好似啲山水畫噉囖.	係咩?						
AA56-R1-101	overt_place_domain_control	aa56-0d289c73e78af81f5d27	FC-035_v2.cha	ddb29bab01e3e932a9a80ffb3342df28e08dfc77d7f4527f5fc39d5a25ea4f5b	20	10	XXX	有	False	9	醫院	n	NOUN	False				邊度	PRON	噉,佢就話咗俾我哋聽邊度有醫院嘞.	問個包租婆喇.	於是乎我就同我個friend一早就去揾哩個醫院喇.						
AA56-R1-102	post_np_locative_coda_control	aa56-7fb873e23779f6335241	FC-035_v2.cha	ddb29bab01e3e932a9a80ffb3342df28e08dfc77d7f4527f5fc39d5a25ea4f5b	27	4	XXX	有	False	3	兩	m	NUM	True	話	VERB	7	就	ADV	跟住呢,就有兩個話係佢哋係警察嘅人呢就走埋來囖,噉,於是乎話我哋非法喺度暢錢喎.	噉又唔知點解嗱嗱臨噉呢攞啲錢出來喎.	於是乎又叫我哋即係show一show哩個passports同埋,即係,俾佢哋睇喇.						
AA56-R1-103	inherited_aa77_sibling_anchor	aa56-ecb0048faf81cc6ce013	FC-035_v2.cha	ddb29bab01e3e932a9a80ffb3342df28e08dfc77d7f4527f5fc39d5a25ea4f5b	34	9	XXX	有	False	8	啲	q	NOUN	True	可能	AUX	20	過	PART	雖然覺得怪怪地,但係又冇諗過有啲乜嘢問題吖,所以,即係,可能係噉,佢又俾佢睇吖.	或者嗰陣時,因為捷克嗰陣時我,之前我喺捷克嗰陣時都有類似嘅情況,但係嗰次我哋冇損失.	噉於是乎,因為我覺得嗰條友真係好唔妥吖,所以呢我就即係盯住啲錢,盯得好實喇.						
AA56-R1-104	all_initial_indefinite_np_plus_predicate	aa56-242900034ed2810f650f	FC-035_v2.cha	ddb29bab01e3e932a9a80ffb3342df28e08dfc77d7f4527f5fc39d5a25ea4f5b	48	0	XXX	有	True	0	啲	q	NOUN	True	犀利	ADJ	12			有啲就,就喺火車度喇,佢哋重犀利,即係點啊?	因為我哋撞到,另外,即係有啲中國人呢,又係有啲同樣嘅事發生,但係就即係不同嘅方法喇.	四個人喺一個車卡入邊,八-即係點樣?						
AA56-R1-105	all_initial_indefinite_np_plus_predicate	aa56-d7c8c101711b55acaa35	FC-035_v2.cha	ddb29bab01e3e932a9a80ffb3342df28e08dfc77d7f4527f5fc39d5a25ea4f5b	50	0	XXX	有	True	0	八	m	NUM	True	望	VERB	10			有八隻眼喇,或者四對眼望住,都可以俾人得手.	四個人喺一個車卡入邊,八-即係點樣?	噉所以我哋-同重要唔見埋啲passports喇,乜嘢機票啊,誒,哩個,歐洲火車証吖.						
AA56-R1-106	predicate_less_initial_control	aa56-9b57093b8f99d9b20f9d	FC-038a_v2.cha	cd4ad166269f1a897199628fbebf608cca6cf01ecdb49fe51e80ed7340d7fc37	6	0	XXX	有	True	0	幾多	r	PRON	False						有幾多位啊而家?	係呀?	幾多位呀?						
AA56-R1-107	all_initial_indefinite_np_plus_predicate	aa56-d0efc944bcc20dc138fc	FC-038a_v2.cha	cd4ad166269f1a897199628fbebf608cca6cf01ecdb49fe51e80ed7340d7fc37	15	0	XXX	有	True	0	三	m	NUM	True	報串	VERB	4			有三個人報串.	諗住呢,死死氣噉返屋企喇噉樣喇,冇行喇.	前邊嗰幾個人有啲人唔要喎.						
AA56-R1-108	all_human_plus_predicate;all_initial_indefinite_np_plus_predicate	aa56-0cb04f3ecd8efbec8b8d	FC-038a_v2.cha	cd4ad166269f1a897199628fbebf608cca6cf01ecdb49fe51e80ed7340d7fc37	37	0	XXY	有	True	0	人	n	NOUN	True	幫	VERB	2			有人幫你倒垃圾喇.	喀.	嘩.						
AA56-R1-109	all_human_plus_predicate;all_initial_indefinite_np_plus_predicate	aa56-78f0d7420be7e264c020	FC-038a_v2.cha	cd4ad166269f1a897199628fbebf608cca6cf01ecdb49fe51e80ed7340d7fc37	40	0	XXY	有	True	0	人	n	NOUN	True	有	VERB	3			有人-有人幫你換床鋪喇.	即係住酒店噉樣.	喀.						
AA56-R1-110	all_human_plus_predicate	aa56-8a4c908b798fd21e3d74	FC-038a_v2.cha	cd4ad166269f1a897199628fbebf608cca6cf01ecdb49fe51e80ed7340d7fc37	40	3	XXY	有	False	2	人	n	NOUN	True	幫	VERB	5	-	X	有人-有人幫你換床鋪喇.	即係住酒店噉樣.	喀.						
AA56-R1-111	all_human_plus_predicate;all_initial_indefinite_np_plus_predicate	aa56-bec056ea510360005374	FC-038a_v2.cha	cd4ad166269f1a897199628fbebf608cca6cf01ecdb49fe51e80ed7340d7fc37	44	0	XXY	有	True	0	人	n	NOUN	True	幫	VERB	2			有人幫你拖地喇.	喀.	喀,喀,喀.						
AA56-R1-112	post_np_locative_coda_control	aa56-dbc3363dff31093ee91a	FC-038a_v2.cha	cd4ad166269f1a897199628fbebf608cca6cf01ecdb49fe51e80ed7340d7fc37	89	2	XXX	有	False	1	朋友	n	NOUN	True	畢業	VERB	7	我	PRON	"""我有朋友""喺美國畢業喎."	真係睇唔出呀?	你覺得贊唔贊成佢去讀postgrad噉啊?						
AA56-R1-113	all_initial_indefinite_np_plus_predicate	aa56-254545044b726b39b9ae	FC-038b_v2.cha	4c6527d34ac3e5109b2cea1099627e8bc3a58f7f6ceadfe76f91ccdae2944eb4	261	0	XXY	有	True	0	一	m	NUM	True	見	VERB	7			有一個啊,真係我見到,好似做show噉樣.	唉.	係喇.						
AA56-R1-114	all_human_plus_predicate	aa56-998baf6a5de009ac0701	FC-042_v.cha	4e8f9e2f767cf276afec05255706706cb3505cd646b2f5c1db21014db4405d20	15	6	XXH	有	False	6	人	n	NOUN	True	好似	VERB	13	如果	CCONJ	會唔會係即係如果有人基督教嗰啲呢,你好似會覺得即係地球就好似宇宙嘅中心噉,上帝就創造咗人類.	唔知呢.	個聖經好似冇提過上帝創造宇宙人.						
AA56-R1-115	all_human_plus_predicate	aa56-a085d15581bf714e9240	FC-042_v.cha	4e8f9e2f767cf276afec05255706706cb3505cd646b2f5c1db21014db4405d20	58	2	XXH	有	False	2	人	n	NOUN	True	行	VERB	4	如果	CCONJ	即係如果有人行行下街dut2一聲唔見咗.	噉好似真係幾神秘一樣嘢囖.	又唔知去咗邊度.						
AA56-R1-116	all_initial_indefinite_np_plus_predicate	aa56-d345bc02668e53bbe507	FC-042_v.cha	4e8f9e2f767cf276afec05255706706cb3505cd646b2f5c1db21014db4405d20	77	0	XXH	有	True	0	隻	q	NOUN	True	common	ADJ	3			有隻好common嘅雪茄形囖.	但係其實原來重有少少唔同嘅形狀𡃉.	即係我成日覺得點飛得起啊?						
AA56-R1-117	all_human_plus_predicate	aa56-e771ff650a5620728953	FC-042_v.cha	4e8f9e2f767cf276afec05255706706cb3505cd646b2f5c1db21014db4405d20	84	8	XXH	有	False	6	人	n	NOUN	True	見	VERB	12	都	ADV	但係,誒,或多或少其實香港都有人話成日見到呢.	幽浮喇,嗰樣嘢喇.	哦,係啊.						
AA56-R1-118	all_human_plus_predicate	aa56-152ed829f05eb3df9c9c	FC-042_v.cha	4e8f9e2f767cf276afec05255706706cb3505cd646b2f5c1db21014db4405d20	98	1	XXH	冇	False	1	人	n	NOUN	True	知	VERB	3	都	ADV	都冇人知係乜嘢.	好吖.	鬼玩人吖.						
AA56-R1-119	post_np_locative_coda_control	aa56-a0d77210a9de5645ad6e	FC-044_v2.cha	72dc24a95d5582e7e52a6748c1ac01d08fe1918399ebfb107c551c6656435430	164	8	XXE	有	False	6	朋友	n	NOUN	True	陪	VERB	16	重	ADV	係因為-因為-因為你重有朋友或者親人喺-喺身邊陪住你一齊過-過生日吖嗎或者慶祝嗰隻.	你生日吖嗎.	就死就死嗰啲呢.						
AA56-R1-120	all_initial_indefinite_np_plus_predicate	aa56-4f46369d3903a32ab137	FC-044_v2.cha	72dc24a95d5582e7e52a6748c1ac01d08fe1918399ebfb107c551c6656435430	299	0	XXM	有	True	0	班	q	NOUN	True	出來	VERB	3			有班人出來劈友啊.	如果我哋食食下飯突然間,或者行行下街突然間會有一班人衝出來.	銀樂隊嗰啲噉呢.						
AA56-R1-121	all_human_plus_predicate	aa56-63918e0f9f01aed2f01b	FC-044_v2.cha	72dc24a95d5582e7e52a6748c1ac01d08fe1918399ebfb107c551c6656435430	354	1	XXM	有	False	1	人	n	NOUN	True	掛住	VERB	3	邊	PRON	邊有人掛住你吖?	見-見-見親我都話掛住子陵𡃉.	咪就係喇.						
AA56-R1-122	all_human_plus_predicate	aa56-965834629cdbdb7f0e6e	FC-044_v2.cha	72dc24a95d5582e7e52a6748c1ac01d08fe1918399ebfb107c551c6656435430	378	2	XXM	冇	False	2	人	n	NOUN	True	來	VERB	6	噉	CCONJ	如果噉冇人嘅咪來你度囖.	噉所以就應該就禮拜三或者禮拜四先返嘅.	但係好難講喎.						
AA56-R1-123	all_human_plus_predicate	aa56-d2718845fae199565fc7	FC-044_v2.cha	72dc24a95d5582e7e52a6748c1ac01d08fe1918399ebfb107c551c6656435430	402	15	XXE	冇	False	12	人	n	NOUN	True	睇	VERB	19	苦	ADJ	雖然我哩排都有好多戲想睇,但係冇-,苦冇人同我睇囖.	噉但係睇戲又好似即係無聊咗少少即係.	點解啊?						
AA56-R1-124	all_human_plus_predicate	aa56-c226db7574a219f52757	FC-045_v2.cha	3b1b5ada7cebf940e99af50b4056be09f644177155a8627e1e9b28c4239e9c0d	202	2	XXK	有	False	1	人	n	NOUN	True	捉	VERB	4	,	X	William,有人捉到你喎.	咦,噉樣都俾你影到偷情喎.	偷影到喎.						
AA56-R1-125	all_initial_indefinite_np_plus_predicate	aa56-ac30f642f85365670b8d	FC-046_v2.cha	27d9b748a81260c501362591915da1946c27f25638d6769eef22991158693f0a	21	0	XXB	有	True	0	一	m	NUM	True	有	VERB	4			有一張-有一張紙可以講晒啲指令都夠𡃉.	對我來講,都係複雜咗少少.	係啊.						
AA56-R1-126	all_initial_indefinite_np_plus_predicate	aa56-84b719f3ca3381a7b110	FC-046_v2.cha	27d9b748a81260c501362591915da1946c27f25638d6769eef22991158693f0a	112	0	XXB	有	True	0	啲	m	NUM	True	要	AUX	3			有啲特登要pit3咗佢噉嗰啲呢就部部機有啲唔同嘅.	係啊,有啲要遮住個鏡頭拍一下先𠺢嗎?	噉所以呢,就都要講下嘅.						
AA56-R1-127	all_initial_indefinite_np_plus_predicate	aa56-7ac5142db04fc33b6cdd	FC-048_v2.cha	4f33e6b5f6b073270b0c7c81d2a3a9c9d840632ba44b2c1513dfc253dd3ba6e4	227	0	XXB	有	True	0	一	m	NUM	True	有	VERB	3			有一-有一段時間飲-飲黑啡𡃉.	唔係.	點可以哩啲嘢𡃉呢?						
AA56-R1-128	post_np_locative_coda_control	aa56-f892e12695b801828c6c	FC-048_v2.cha	4f33e6b5f6b073270b0c7c81d2a3a9c9d840632ba44b2c1513dfc253dd3ba6e4	305	8	XXB	有	False	7	三	m	NUM	True	儲	VERB	12	,	X	我就帶三部機去,有三個programme儲咗喺裏邊嘅.	嗰陣時可以嘅.	係咩?						
AA56-R1-129	all_initial_indefinite_np_plus_predicate	aa56-9103f6bac645dc5e5502	FC-049_v2.cha	5c9c6be3f062387a0f7ac4bff22603b2386c10e071a1a7e256731abc2b39f53f	188	0	XXB	冇	True	0	嘢	n	NOUN	True	講	VERB	2			冇嘢講咋話?	幾點食飯啊?	係啊.						
AA56-R1-130	all_initial_indefinite_np_plus_predicate	aa56-8bbff729b44a0c35c528	FC-049_v2.cha	5c9c6be3f062387a0f7ac4bff22603b2386c10e071a1a7e256731abc2b39f53f	190	0	XXA	冇	True	0	嘢	n	NOUN	True	講	VERB	2			冇嘢講啊,點吖?	係啊.	拉呀?						
AA56-R1-131	all_initial_indefinite_np_plus_predicate	aa56-aeda97be13d71646ef02	FC-052_v2.cha	f2678d2a43de8262a35444c40be0f5102f47032037d8a75763e98b4eae11e8a0	43	0	XXA	有	True	0	個	q	NOUN	True	想	AUX	3			有個問題想問一問就係你點樣可以知道,你得到更多嘅資料係有關哩啲音響𡃉呢?	哦.	誒,睇啲音響書囖.						
AA56-R1-132	all_initial_indefinite_np_plus_predicate	aa56-fd1f1180c938fb57b107	FC-053_v2.cha	61eeb21a6a84b7e227ebc0f14b3bd6221ea93939fed296e55cb78cd4c268b7bb	3	0	XXB	有	True	0	一	m	NUM	True	上	VERB	5			有一日呢我上上下堂噉有個學生傾偈.	係啊.	噉我呢就,誒,整咗個口罩噉就幫佢戴咗上個口嗰度喇.						
AA56-R1-133	post_np_locative_coda_control	aa56-9865fc46485e01070eee	FC-053_v2.cha	61eeb21a6a84b7e227ebc0f14b3bd6221ea93939fed296e55cb78cd4c268b7bb	82	5	XXB	有	False	5	份	q	NOUN	False				覺得	VERB	噉自己都會覺得有份成功感喺度囖.	即係最多都係某一兩個同學特別差,所以唔合格𡃉唧.	嗯-我都係啊.						
AA56-R1-134	all_human_plus_predicate	aa56-3afc129ecd2c2e392d9c	FC-055_v2.cha	9240a3126c82dce64b5d2ddb7b81d4240c371bc4a991e440297dfedc78a7a3f6	137	2	XXF	有	False	2	人	n	NOUN	True	操縱	VERB	5	可能	AUX	噉可能有人幕後操縱喇.	哦.	我知,我知.						
AA56-R1-135	all_initial_indefinite_np_plus_predicate	aa56-37562d021ea2d7342e24	FC-055_v2.cha	9240a3126c82dce64b5d2ddb7b81d4240c371bc4a991e440297dfedc78a7a3f6	203	0	XXF	有	True	0	一	m	NUM	True	睇	VERB	4			有一次我睇報紙呢,話財經,誒,係唔係叫經濟日報,係嘞.	睇多啲報紙咪得囖.	噉𠻺入邊有一個專欄呢,有作家佢就講佢自己呢,攞一萬蚊出來做本金喎.						
AA56-R1-136	all_initial_indefinite_np_plus_predicate	aa56-14b3a41d8523ce5bc050	FC-056_v2.cha	b18efc20cede350d53f2adca793f6102ee87bdb5295b9b462a790b22d037eb8c	70	0	XXY	有	True	0	好多	m	NUM	True	買	VERB	3			有好多人買吖而家.	幾抵.	噉而家任天堂嘅情況點啊?						
AA56-R1-137	all_initial_indefinite_np_plus_predicate	aa56-54f933dfc9a218af495a	FC-101_v2.cha	6ea8fb15323f1b5b3017f243d968ae2b36d0ea1097e4fec84723242a2e023041	25	0	XXB	冇	True	0	嘢	n	NOUN	True	講	VERB	2			冇嘢講𡃉喎.	你點同人講啫?	同人傾生意?						
AA56-R1-138	all_initial_indefinite_np_plus_predicate	aa56-ea9a23b4f61764c6b99b	FC-101_v2.cha	6ea8fb15323f1b5b3017f243d968ae2b36d0ea1097e4fec84723242a2e023041	92	0	XXG	有	True	0	啲	m	NUM	True	有	VERB	6			有啲乜嘢工啊重有?	佢如果請我,我都做啊.	算喇.						
AA56-R1-139	all_initial_indefinite_np_plus_predicate	aa56-b5a94e6b0e6efbf5ecd6	FC-105_v2.cha	be40fc4738cbeb0e2a3e44ed4ef60c4b8e3bca467cc5d6b441b2896dc3110fcb	81	0	XXB	有	True	0	啲	m	NUM	True	捐血	VERB	3			有啲人捐血越捐越健康𡃉.	點會啊?	即係好似你頭髮噉.						
AA56-R1-140	all_initial_indefinite_np_plus_predicate	aa56-fae06715dfd69e04716b	FC-105_v2.cha	be40fc4738cbeb0e2a3e44ed4ef60c4b8e3bca467cc5d6b441b2896dc3110fcb	370	0	XXB	有	True	0	一	m	NUM	True	揾	VERB	4			有一批人揾唔到工囖.	即係我覺得相信其實,講真揾唔到工哩啲嘢,都係即係-一-係-點講啊?	其實我覺得有好多人揾工都重係一件好容易嘅事來嘅我覺得.						
AA56-R1-141	all_human_plus_predicate;all_initial_indefinite_np_plus_predicate	aa56-9fb3453d609f2c2929e1	FC-107_v2.cha	6a9ccf096315b60363014accae5aaedca6689638bc5f09fb6f2344c44883a1d6	66	0	XXA	冇	True	0	人	n	NOUN	True	講	VERB	4			冇人同你講嘢.	有乜嘢辦法啊.	"坐喺度""呆鏟症""啊直情."						
AA56-R1-142	all_human_plus_predicate	aa56-7c34cb5ce6ac2db51ba9	FC-107_v2.cha	6a9ccf096315b60363014accae5aaedca6689638bc5f09fb6f2344c44883a1d6	151	1	XXB	冇	False	1	人	n	NOUN	True	整	VERB	3	又	ADV	又冇人整𡃉喎.	跟住呢啲影印機全部壞晒.	噉咪係囖.						
AA56-R1-143	all_human_plus_predicate	aa56-fc2e9dbebb864ab0af23	FC-107_v2.cha	6a9ccf096315b60363014accae5aaedca6689638bc5f09fb6f2344c44883a1d6	157	7	XXB	冇	False	6	人	n	NOUN	True	整	VERB	9	又	ADV	我都係噉話,又冇人整喎,唉,真係廢𡃉,簡直.	不過,不過,唔知啊,一層-一層有三部影印機通常都壞咗有兩部𡃉嚹.	不過讀得哩度,跟住呃咗你呢,幾萬蚊學費呢,跟住一啲facilities都冇呢.						
AA56-R1-144	all_human_plus_predicate	aa56-2d7ee69f6d087e11d293	FC-107_v2.cha	6a9ccf096315b60363014accae5aaedca6689638bc5f09fb6f2344c44883a1d6	280	11	XXB	冇	False	10	人	n	NOUN	True	要	VERB	13	係	VERB	唓,噉但係個女生得核突都係冇人要𡃉喎.	唔使個女做.	噉但係冇辦法啊,同埋我控制唔到喎哩樣嘢.						
AA56-R1-145	all_initial_indefinite_np_plus_predicate	aa56-19b3b127c9d2cf035a0a	FC-108a_v2.cha	9c80f4488c8c32be66bc3f01baadf77bb99f9e3f6b73138a4b1e18e027f5a964	349	0	XXB	有	True	0	個	q	NOUN	True	殘	ADJ	4			有個CP即刻殘咗喎.	好辛苦啊嗰陣時真係,頂唔順啊真係,遲早毀滅啊.	係喇.						
AA56-R1-146	all_human_plus_predicate;all_initial_indefinite_np_plus_predicate	aa56-9c7db64f3d04dd006ded	FC-108c_v2.cha	fbcb6cc27819deede6136fc8c59e4dd93b76655d15892095972f387d4ad2bc36	115	0	XXA	有	True	0	人	n	NOUN	True	聽	VERB	8			有人八十幾分啊,我聽隔離group講.	係啊.	哦.						
AA56-R1-147	all_initial_indefinite_np_plus_predicate	aa56-496668f50ec4b3845176	FC-108c_v2.cha	fbcb6cc27819deede6136fc8c59e4dd93b76655d15892095972f387d4ad2bc36	199	0	XXA	有	True	0	一	m	NUM	True	係	VERB	5			有一個呢就係因為大部份嗰啲friend都考𡁵試,所以就冇人-冇人得閒同佢慶祝囖.	嗯.	噉咪好可憐囖?						
AA56-R1-148	all_human_plus_predicate	aa56-c7f926511598c12a0ed0	FC-108c_v2.cha	fbcb6cc27819deede6136fc8c59e4dd93b76655d15892095972f387d4ad2bc36	199	18	XXA	冇	False	17	人	n	NOUN	True	冇	VERB	21	就	ADV	有一個呢就係因為大部份嗰啲friend都考𡁵試,所以就冇人-冇人得閒同佢慶祝囖.	嗯.	噉咪好可憐囖?						
AA56-R1-149	all_human_plus_predicate	aa56-2fc6fca88bcc90822335	FC-108c_v2.cha	fbcb6cc27819deede6136fc8c59e4dd93b76655d15892095972f387d4ad2bc36	199	21	XXA	冇	False	19	人	n	NOUN	True	得閒	VERB	23	-	X	有一個呢就係因為大部份嗰啲friend都考𡁵試,所以就冇人-冇人得閒同佢慶祝囖.	嗯.	噉咪好可憐囖?						
AA56-R1-150	all_human_plus_predicate	aa56-03b483052643bfb6e68f	FC-108c_v2.cha	fbcb6cc27819deede6136fc8c59e4dd93b76655d15892095972f387d4ad2bc36	327	15	XXA	有	False	11	人	n	NOUN	True	勁	ADJ	19	或者	CCONJ	你-你-,你唔-即係你唔勁過人或者有人更唔勁過你嘅啫,係唔係?	真係.	係唔係?						
AA56-R1-151	all_human_plus_predicate	aa56-a2217fabe41f56130e2f	FC-108d_v2.cha	13970f9d8cd7a1a59e819cee5f8b0bdca4f5ff11c44e2a6d1545fd587bf87a88	27	8	XXA	冇	False	6	人	n	NOUN	True	去	VERB	10	咪	ADV	你-你哋噉你哋冇-咪冇人去囖.	傻咗啊你?	冇啊.						
AA56-R1-152	all_initial_indefinite_np_plus_predicate	aa56-ff5c78b8401fc5a9c044	FC-109a_v2.cha	037818836278ea3a03f21b3859a1bddd8c57b91cedbae0cabc4a1643f2e1a630	61	0	XXC	有	True	0	啲	m	NUM	True	可能	AUX	3			有啲人可能覺得,佢嗰個偶像好值得,即係好值得佢去使好多錢買佢啲碟嘅話,噉佢都會買返正版𠸏.	不過我覺得其實每個人觀點角度都唔同𠸏,即係有啲人覺得,邊一樣嘢值得囖.	嗯.						
AA56-R1-153	all_initial_indefinite_np_plus_predicate	aa56-ad32a436b822f5bda57b	FC-109a_v2.cha	037818836278ea3a03f21b3859a1bddd8c57b91cedbae0cabc4a1643f2e1a630	88	0	XXA	有	True	0	啲	m	NUM	True	夠	VERB	4			有啲都未必夠-未必夠十五歲啊,噉佢哋做埋part-time,噉佢哋譬如佢哋就算有得做part-time都係麥當勞啊,啲幾蚊一個鐘啊嗰啲噉啊都唔夠賺埋賺埋都唔夠佢買一個袋喇.	嘩!咁細個根本就唔需要咁-點做part-time啊?	噉𠻺係.						
AA56-R1-154	all_initial_indefinite_np_plus_predicate	aa56-cd0366a6a6bc2d43b84b	FC-109a_v2.cha	037818836278ea3a03f21b3859a1bddd8c57b91cedbae0cabc4a1643f2e1a630	123	0	XXA	有	True	0	啲	m	NUM	True	為	VERB	5			有啲人真係純粹為錢.	唔係一定下下爭錢喎我覺得.	"啊!早排呢,咪""城市追擊""嗰度咪有個大陸嗰個人,嗰個人落來呢,寫信去啲有錢佬度啊,有冇睇啊?"						
AA56-R1-155	all_initial_indefinite_np_plus_predicate	aa56-fc7a8880dfda5122fb80	FC-109a_v2.cha	037818836278ea3a03f21b3859a1bddd8c57b91cedbae0cabc4a1643f2e1a630	151	0	XXB	有	True	0	啲	m	NUM	True	可能	AUX	4			有啲人真係可能中-中一開始真係唔鍾意讀書.	亦都唔可以用,即係讀書嗰個讀書嘅成績來定佢嘅成就.	你逼佢夾硬讀埋中三呢,但係佢過多幾年真係,即係讀書都要講啲天份𠺢嗎,同埋自己肯唔肯去讀𠺢嗎.						
AA56-R1-156	all_human_plus_predicate	aa56-f0d000436def6bd2a4d3	FC-R002b_v2.cha	b28d73a3ee59df00086c327503f3fb5153b39c62120bf7ce3bf6e4074ea3665a	19	4	XXA	有	False	4	人	n	NOUN	True	跳	VERB	7	就	ADV	佢一開場就有人喺度跳艷舞,其實全部都見唔到嗰啲艷舞係點樣𡃉喎.	噉呢,成套戲都係𡃉喎.	佢哋排練就排咗一陣呢,就停𡃉嚹.						
AA56-R1-157	all_human_plus_predicate	aa56-640698a5b19b030954b8	FC-R002b_v2.cha	b28d73a3ee59df00086c327503f3fb5153b39c62120bf7ce3bf6e4074ea3665a	122	1	XXA	冇	False	1	人	n	NOUN	True	知	VERB	3	即係	CCONJ	即係冇人知𡃉.	另外沿途大家都驚,有心理障礙,因為佢諗住去好遠跳𡃉.	吖到後來原來好多人知.						
AA56-R1-158	all_initial_indefinite_np_plus_predicate	aa56-b366a358cc986b3ac111	FC-R003_v2.cha	5e2e62a809cebd9897a2d78810084e0bd94efed4883ed86e2801682895ae96ab	38	0	XXB	有	True	0	啲	m	NUM	True	係	VERB	8			有啲門市啊,噉嗰啲都係受到影響啊.	嗯.	係.						
AA56-R1-159	all_initial_indefinite_np_plus_predicate	aa56-f1f1901a007f11cd1a84	FC-R003_v2.cha	5e2e62a809cebd9897a2d78810084e0bd94efed4883ed86e2801682895ae96ab	66	0	XXA	有	True	0	啲	m	NUM	True	係	VERB	3			有啲即係精品來𡃉噉樣啊.	佢嗰陣時養好多𡃉.	啲鸚鵡啊,了哥嗰啲噉樣,喀.						
AA56-R1-160	all_human_plus_predicate	aa56-51b64eb35cec9a8b0996	FC-R004_v2.cha	ee5e7161ddae4e08eea8b881c2d220d21c258af2c30ce6a6c5c728535e9c9376	33	10	XXB	有	False	9	人	n	NOUN	True	行入	VERB	12	到	PART	你一路fast-forward呢,你都見唔到有人行入過來𡃉嚹.	廿四小時有錄影帶.	以為係定格.						
AA56-R1-161	all_human_plus_predicate	aa56-fc196742b1a72a2a8168	FC-R004_v2.cha	ee5e7161ddae4e08eea8b881c2d220d21c258af2c30ce6a6c5c728535e9c9376	40	1	XXA	冇	False	1	人	n	NOUN	True	行	VERB	3	就	ADV	就冇人行嘅噉樣.	反覆擰頭.	噉𠻺另一招呢,都係都幾work𡃉.						
AA56-R1-162	all_human_plus_predicate	aa56-b767ab03a67befc1706e	FC-R004_v2.cha	ee5e7161ddae4e08eea8b881c2d220d21c258af2c30ce6a6c5c728535e9c9376	72	17	XXA	有	False	15	人	n	NOUN	True	封舖	VERB	19	來	VERB	噉另外有啲呢,就即係已經開-即係預計到來有人封舖嘅時候呢,佢連貨都唔要啊.	閂埋佢噉樣.	棄舖潛逃啊.						
AA56-R1-163	all_initial_indefinite_np_plus_predicate	aa56-62725509b22859ce0db9	FC-R004_v2.cha	ee5e7161ddae4e08eea8b881c2d220d21c258af2c30ce6a6c5c728535e9c9376	128	0	XXA	有	True	0	啲	m	NUM	True	細	ADJ	2			有啲細啲呢,即係不停噉收信啊.	業主即係除咗有好多人示威之外呢,即係嗰啲大鑊喇.	據佢哋講呢就話呢,收到信呢,就大同小異嘅內容喇,同埋標點符號都一樣𡃉,基本上.						
AA56-R1-164	all_human_plus_predicate	aa56-b795e7128b15aaeabdff	FC-R004_v2.cha	ee5e7161ddae4e08eea8b881c2d220d21c258af2c30ce6a6c5c728535e9c9376	144	6	XXC	有	False	6	人	n	NOUN	True	係	VERB	9	係	VERB	即係好難重係有人即係如果你話即係除非做-唔知做啲乜嘢生意啊,係唔係?	又係冇用,噉講啊真係.	噉其實個吉舖一個,噉你租俾人,你一係就話泊車𡃉啫.						
AA56-R1-165	all_human_plus_predicate	aa56-6b23e32d6bd096333084	FC-R004_v2.cha	ee5e7161ddae4e08eea8b881c2d220d21c258af2c30ce6a6c5c728535e9c9376	208	8	XXC	冇	False	8	人	n	NOUN	True	租	VERB	10	係	VERB	黏一頭半個月又係冇人租噉日日蝕.	噉你揸住個吉舖喺度又係黏紙.	亦都冇人負擔得起.						
AA56-R1-166	all_human_plus_predicate	aa56-1b8b95e9b50e0be91974	FC-R004_v2.cha	ee5e7161ddae4e08eea8b881c2d220d21c258af2c30ce6a6c5c728535e9c9376	209	1	XXB	冇	False	1	人	n	NOUN	True	負擔	VERB	3	亦都	ADV	亦都冇人負擔得起.	黏一頭半個月又係冇人租噉日日蝕.	邊敢搞啊?						
AA56-R1-167	all_human_plus_predicate	aa56-1245f524a0dd5ed6ed69	FC-R005_v2.cha	df8f8770d195db050ee8b1e25bea31af22a17ecd779cff97e99594b68f5d75ab	66	1	XXA	有	False	1	人	n	NOUN	True	提出	VERB	3	其實	ADV	其實有人提出.	佢哋有講過𡃉.	有講𡃉其實.						
AA56-R1-168	all_human_plus_predicate;all_initial_indefinite_np_plus_predicate	aa56-37e5334348454a9b0de0	FC-R005_v2.cha	df8f8770d195db050ee8b1e25bea31af22a17ecd779cff97e99594b68f5d75ab	189	0	XXB	有	True	0	人	n	NOUN	True	分擔	VERB	2			有人分擔埋真係好啊真係.	係嘞.	好啊.						
AA56-R1-169	all_initial_indefinite_np_plus_predicate	aa56-748ab6bfa4e7b83a5960	FC-R005_v2.cha	df8f8770d195db050ee8b1e25bea31af22a17ecd779cff97e99594b68f5d75ab	191	0	XXC	有	True	0	個	q	NOUN	True	大單	ADJ	2			有個大單啊.	好啊.	有個大單真係冇得頂啊.						
AA56-R1-170	all_initial_indefinite_np_plus_predicate	aa56-6d8cf5820b30ec6b4a3b	FC-R005_v2.cha	df8f8770d195db050ee8b1e25bea31af22a17ecd779cff97e99594b68f5d75ab	192	0	XXB	有	True	0	個	q	NOUN	True	大單	ADJ	2			有個大單真係冇得頂啊.	有個大單啊.							
AA56-R1-171	all_human_plus_predicate	aa56-c85c6ec1ca4bd33706a9	FC-R006_v2.cha	0e64a85bb57c65bf4e9e0d621f4cc104d8a27a30be98847eccc3c958c517154c	53	3	XXB	有	False	3	人	n	NOUN	True	剁	VERB	7	信	VERB	我真係信有人啊,剁出來𠺢嗎嗰舊嘢.	因為地下真係有塊噉嘅嘢喺度啊.	似啊.						
AA56-R1-172	all_human_plus_predicate	aa56-4a33bd2f04fcd17ca3cb	FC-R009_v.cha	e29696c62b1aef35746e05780060128c7a5b91b2cdd852467d3cb733e3108d5c	19	3	XXA	冇	False	3	人	n	NOUN	True	信	VERB	5	都	ADV	就講都冇人信.	唔係,以後我哋唔歡迎你.	如果係發生噉樣嘅事喺黎明身上呢,好大影響𠺢嗎.						
AA56-R1-173	all_human_plus_predicate	aa56-e1dcf12c79d6d4a38946	FC-R010a_v.cha	cee13ea77df43313af86d811fe8a2936fc56dd0283e738debe4caf62b6fc803c	12	18	XXA	有	False	16	人	n	NOUN	True	認	VERB	20	難	ADJ	如果計人口比例呢,我覺得香港真係即係認咗第二,都幾難有人認第一嚹.	就唔係計人口比例.	香港幾部𡃉,香港人.						
AA56-R1-174	all_initial_indefinite_np_plus_predicate	aa56-decf809719379e88bfc4	FC-R011_v.cha	1cc1fdfa08e4ba661d847f768f064d32ac5d5d0fc78a0a0284d2460fe35092fc	0	0	XXA	有	True	0	一	m	NUM	True	叫	VERB	5			有一單官司真係叫審死官啊.		噉呢就有個,誒,阿嬸吖,喀,就都其實都應該叫婆婆𡃉嚹,就八十歲𡃉嚹.						
AA56-R1-175	all_initial_indefinite_np_plus_predicate	aa56-7edc4856f034d04b96cb	FC-R013a_v.cha	e95e436cf3f1eaf52a0fe1eb185c54f1813068a922fb1b22734b9237a6681a9d	13	0	XXB	有	True	0	一	m	NUM	True	開心	ADJ	4			有一班好開心嘅人一齊做嘢.	即係喺嗰段時間,同埋係有一班人好開心囖.	噉其實嗰班好開心嘅人一路做到而家𡃉其實.						
AA56-R1-176	all_human_plus_predicate	aa56-28485786e476b139e4dc	FC-R013a_v.cha	e95e436cf3f1eaf52a0fe1eb185c54f1813068a922fb1b22734b9237a6681a9d	271	8	XXB	冇	False	8	人	n	NOUN	True	做	VERB	10	far	ADJ	但係我覺得係我哋而家sofar冇人做過一啲乜嘢節目.	我想做啊其實.	"你覺得,""係嚹!即係嗰個係我個夢想."						
AA56-R1-177	all_initial_indefinite_np_plus_predicate	aa56-84c74d46e6dc77790ac8	FC-R013b_v.cha	abf39e27ba60d99ecd91dc2fb863d64db94546ad7a99399d3f5e8bdcb1fbc950	219	0	XXB	有	True	0	個	q	NOUN	True	大	ADJ	3			有個好大嘅-嘅建築物.	不過問題佢即係當佢行出來,大家着晒西裝,好靚仔噉樣.	好宏偉噉.						
AA56-R1-178	all_initial_indefinite_np_plus_predicate	aa56-406457199a314d86198f	FC-R017_v.cha	5998c6065497a3f29ca4e65eb3cb527a07c4b25f8484c8a3ac0bb60b195ea409	228	0	XXA	有	True	0	好多	m	NUM	True	會	AUX	6			有好多人呢,就會覺得突然之間冇咗一個安全感啊.	係.	嗯.						
AA56-R1-179	all_initial_indefinite_np_plus_predicate	aa56-9b5e478227f11df8dd1d	FC-R017_v.cha	5998c6065497a3f29ca4e65eb3cb527a07c4b25f8484c8a3ac0bb60b195ea409	370	0	XXA	有	True	0	兩	m	NUM	True	係	VERB	7			有兩個你嘅即係手下係平過你,加埋就已經做到你嘅嘢.	嗯.	噉你嘅競爭力就已經唔夠佢嘞.						
