packet_id	candidate_id	selection_strata	source_file	turn_index_zero_based	token_index_zero_based	matched_form	nominal_start_form	later_predicate_form	text	previous_text	next_text	expert_class	profile_disposition	span_recommendation	decision_confidence	decision_reason	source_limit_or_note
AA56-R1-001	aa56-1de382c4dabbe5633f55	all_initial_indefinite_np_plus_predicate	FC-001_v2.cha	18	0	冇	嘢	做	冇嘢做.	淨係去Orlando嗰度玩咋喎.	噉咪食同玩咪啱.	negative_existential_or_availability_complement	separate_negative_existential_or_availability_profile	冇 + nominal + activity/availability complement	high	The clause denies available things, food, work, or analogous nominal material and may license a following activity complement, rather than introducing a participant for predication.	Related existential semantics do not prove identity with positive presentational AA56.
AA56-R1-002	aa56-30a1af583d05270d767f	wh_or_embedded_complement_control	FC-001_v2.cha	20	6	冇	乜嘢	食	係裏邊食囖,裏邊冇乜嘢食𡃉咋喎.	噉咪食同玩咪啱.	係唔係啊?	aa77_overt_place_existential	exclude_from_aa56_and_route_to_aa77	overt place/domain + 有／冇 + nominal	high	The clause contains an overt local place or domain before 有／冇 and asserts existence or absence within that domain.	AA77 owns the overt-place relation; no silent deletion of the place is permitted.
AA56-R1-003	aa56-e35487fa8deb271582ba	overt_place_domain_control	FC-001_v2.cha	42	9	有	啲	有	借俾你睇喎,睇下裏面有啲乜嘢酒店啊,同埋有啲乜嘢嘢玩嚹.	佢直程可以俾餅帶你呢.	直程可以租,借餅帶俾你返屋企睇喎.	aa77_overt_place_existential	exclude_from_aa56_and_route_to_aa77	overt place/domain + 有／冇 + nominal	high	The clause contains an overt local place or domain before 有／冇 and asserts existence or absence within that domain.	AA77 owns the overt-place relation; no silent deletion of the place is permitted.
AA56-R1-004	aa56-ed1edf4d9d8e2bf7e60c	all_human_plus_predicate	FC-001_v2.cha	66	2	有	人	放	嗰邊都有人未放完暑假𡃉咩?	係啊.	唔清楚.	layered_place_plus_positive_predication	compose_aa77_place_with_positive_aa56_predication	overt place/domain + [有 + indefinite NP + NP-linked predicate]	high	An overt place or domain scopes over a locally complete participant-introducing positive clause.	The place belongs to AA77-level locative structure and must not be hidden inside the AA56 participant-introduction span.
AA56-R1-005	aa56-629144e154f5a9acecd7	explicit_subject_or_possessor_control	FC-001_v2.cha	78	9	有	乜嘢	平	要等我老公,睇下佢嗰度有乜嘢平嘅,即係平嘅package,咪睇下去邊囖.	未定啊.	你想去邊喇噉樣?	aa77_overt_place_existential	exclude_from_aa56_and_route_to_aa77	overt place/domain + 有／冇 + nominal	high	The clause contains an overt local place or domain before 有／冇 and asserts existence or absence within that domain.	AA77 owns the overt-place relation; no silent deletion of the place is permitted.
AA56-R1-006	aa56-1b79d36fa760fe0b60f5	all_human_plus_predicate;inherited_aa77_sibling_anchor	FC-001_v2.cha	94	2	有	人	叫	誒,有人叫New_Zealand即係紐,又照譯紐西蘭.	不過新西-紐西蘭係唔係都-紐西蘭定新西蘭唧究竟?	有啲叫做新西蘭.	positive_np_predication_core	retain_as_narrow_positive_aa56_evidence	有 + overt indefinite NP + predicate whose argument is that NP	high	The overt 有 introduces an indefinite nominal and the following verbal, adjectival, copular, modal, or locative predicate is predicated of that nominal.	Supports the positive source-linked family only; it does not prove a negative 冇 counterpart or one mandatory predicate subtype.
AA56-R1-007	aa56-595760b22663363edc62	all_initial_indefinite_np_plus_predicate	FC-001_v2.cha	95	0	有	啲	叫做	有啲叫做新西蘭.	誒,有人叫New_Zealand即係紐,又照譯紐西蘭.	其實都係一樣,一個地方.	partitive_indefinite_subject_not_marker	exclude_from_aa56_marker_evidence	有啲 / 有啲人 as an indefinite determiner or partitive pronoun + predicate	high	Here 有啲 functions as 'some/some of them' and forms the subject nominal itself; the row does not independently establish existential-marker 有 followed by a separate NP.	HKCanCor token boundaries cannot decide grammatical segmentation; these rows are contrastive evidence against a token-only AA56 rule.
AA56-R1-008	aa56-32c8ec4c1a395bae5930	inherited_aa77_sibling_anchor	FC-001_v2.cha	113	5	有	隻	出海	即係佢會有-有隻船出海.	就唔一定包你睇到囖.	即係到時自己join嗰啲localtour嚹喎,意思係.	repair_or_unusable	exclude_from_productive_evidence	retain overt repair tokens; assign no normalized AA56 span	medium	After an overt false start, the second 有 introduces 隻船 and 出海 predicates of that NP, but the repaired sequence cannot establish an unrepaired runtime span.	Underlying material parallels the source-linked positive profile; retain only as repair-aware corroboration.
AA56-R1-009	aa56-1cb15507882746c71aac	all_initial_indefinite_np_plus_predicate	FC-001_v2.cha	239	0	有	啲	半價	有啲真係起碼半價啊.	嗯,平過香港好多囖.	半價呀?	partitive_indefinite_subject_not_marker	exclude_from_aa56_marker_evidence	有啲 / 有啲人 as an indefinite determiner or partitive pronoun + predicate	high	Here 有啲 functions as 'some/some of them' and forms the subject nominal itself; the row does not independently establish existential-marker 有 followed by a separate NP.	HKCanCor token boundaries cannot decide grammatical segmentation; these rows are contrastive evidence against a token-only AA56 rule.
AA56-R1-010	aa56-460e5c19f98914b634a5	explicit_subject_or_possessor_control	FC-005a_v2.cha	16	8	有	好多	訂	噉就,誒,而且佢又有好多預早訂晒喇,噉嚹啲人就唔使,唔使去排囖.	幾乎你要幾多,佢俾幾多噉樣樣,只要你肯俾錢佢𠻺得𡃉嚹.	噉兼夾呢,女,即係,炒女皇郵票嗰陣時又已經炒到七七八八𡃉嘞,而家淨得哩啲,好似雀仔哩啲噉嘅嘢,都冇乜特色,又冇乜嘢特別意思噉樣,好似呃錢噉樣,噉𠻺啲人,就冇乜人嚹,即係,冇咁,冇咁搶得咁犀利囖.	aa55_possession_or_subject_have	exclude_from_aa56_and_route_to_aa55_or_subject_predication	overt subject/possessor + 有／冇 + possessed or associated nominal	high	An overt possessor, experiencer, institution, or affected subject precedes 有／冇, so the nominal is possessed, associated, or predicated of that subject rather than introduced subjectlessly.	Directly contrasts with Lam, Lau, and Lee's subjectless existential-marker analysis.
AA56-R1-011	aa56-74900adeaf33c3ab6097	wh_or_embedded_complement_control	FC-005a_v2.cha	17	32	冇	乜	冇	噉兼夾呢,女,即係,炒女皇郵票嗰陣時又已經炒到七七八八𡃉嘞,而家淨得哩啲,好似雀仔哩啲噉嘅嘢,都冇乜特色,又冇乜嘢特別意思噉樣,好似呃錢噉樣,噉𠻺啲人,就冇乜人嚹,即係,冇咁,冇咁搶得咁犀利囖.	噉就,誒,而且佢又有好多預早訂晒喇,噉嚹啲人就唔使,唔使去排囖.	而且又,以前𠻺少呢,你就,誒,需求多.	event_negation_or_minimizer	exclude_as_clausal_event_negation	subject/context + 冇乜/冇 + event predicate	high	The visible material minimizes or negates an event/frequency profile, not existence of an introduced NP.	Law's clausal 冇 boundary and the overt event predicate prevent a token-only existential analysis.
AA56-R1-012	aa56-36a460907b04e6b4643a	all_human_plus_predicate;inherited_aa77_sibling_anchor	FC-005a_v2.cha	19	7	冇	人	需求	而家根本係人都咯,冇人需求嘅時候呢,𠻺根本就炒唔起.	而且又,以前𠻺少呢,你就,誒,需求多.	你揸咗喺手嗰啲咪盞,唉,睇下點樣樣,幾時甩得身就甩,甩唔到身就真係過渡九七.	negative_human_quantificational_clause	separate_negative_quantificational_sibling	冇人 + predicate ('nobody/no one predicates')	high	冇人 supplies a negative human quantifier or negative existential subject and the following predicate states what no person does or is.	The sources inspected do not establish this as the morphological negative of positive participant-introducing AA56; keep the asymmetry explicit.
AA56-R1-013	aa56-0258ddc2331e04c7c37e	repair_control	FC-005a_v2.cha	32	36	冇	噉		即係靚啲喇,即係你起碼連埋套郵票,噉𠻺好-好睇,噉樣樣囖,喀,就唔使淨係得四個郵票,噉𠻺乜都冇噉.	收藏.	最後,誒,睇下先,九七年七月一號之前呢,最後嗰一套話,誒,都係重係英女皇頭嗰個呢,係唔係有青馬大橋嗰啲𡃉?	negative_property_or_discourse_absence	exclude_as_property_or_discourse_profile	冇 + property/discourse nominal or proform	high	The row expresses absence of a property, change, feature, or discourse referent; any later predicate is not linked to an introduced nominal.	Negative spelling alone cannot donate positive presentational evidence.
AA56-R1-014	aa56-1b03b3d64219565f0e18	predicate_less_initial_control	FC-005a_v2.cha	60	0	有	啲		有啲乜嘢,百週年乜嘢郵局,乜嘢百週年啊.	譬如之前係有啲乜嘢啊?	噉有啲呢,就係奧運會啊好似係奧運會啊.	bare_existential_or_listing	route_to_bare_existential_or_inventory_profile	有／冇 + nominal, without a locally NP-linked following predicate	high	The row asserts, questions, lists, or denies existence/availability of nominal material, but the mechanically located later predicate is absent, internal to the NP, or belongs to another clause.	Does not satisfy the source-linked AA56 NP-plus-predicate endpoint; positive and negative bare existence require separate typing.
AA56-R1-015	aa56-f60c84b5da39f66de619	all_human_plus_predicate;all_initial_indefinite_np_plus_predicate	FC-005a_v2.cha	91	0	冇	人	提	冇人提過嗰個嘢係點嘅樣𡃉.	咦,會唔會出特區旗啊,特區花啊,嗰啲噉嘅嘢呢?	只係話有一-,會出有一套回歸嘅郵票同埋小全章,𠻺首日封,即係乜都出齊,噉樣喇.	negative_human_quantificational_clause	separate_negative_quantificational_sibling	冇人 + predicate ('nobody/no one predicates')	high	冇人 supplies a negative human quantifier or negative existential subject and the following predicate states what no person does or is.	The sources inspected do not establish this as the morphological negative of positive participant-introducing AA56; keep the asymmetry explicit.
AA56-R1-016	aa56-fbbbc9206ae3a14c3951	all_human_plus_predicate;inherited_aa77_sibling_anchor	FC-005a_v2.cha	93	5	冇	人	講	但係呢就,從來冇人講過嗰套嘢嘅樣係點樣樣嘅.	只係話有一-,會出有一套回歸嘅郵票同埋小全章,𠻺首日封,即係乜都出齊,噉樣喇.	即係乜嘢作-,即係嗰啲構思啊,即係邊個係設計啊,以乜嘢為主題啊,點樣樣,冚唪唥全部冇人講過,所以個個好似懵查查啊,好似斷估噉𡃉咋.	negative_human_quantificational_clause	separate_negative_quantificational_sibling	冇人 + predicate ('nobody/no one predicates')	high	冇人 supplies a negative human quantifier or negative existential subject and the following predicate states what no person does or is.	The sources inspected do not establish this as the morphological negative of positive participant-introducing AA56; keep the asymmetry explicit.
AA56-R1-017	aa56-d696aa0417ed55e8aca0	all_human_plus_predicate;inherited_aa77_sibling_anchor	FC-005a_v2.cha	94	27	冇	人	講	即係乜嘢作-,即係嗰啲構思啊,即係邊個係設計啊,以乜嘢為主題啊,點樣樣,冚唪唥全部冇人講過,所以個個好似懵查查啊,好似斷估噉𡃉咋.	但係呢就,從來冇人講過嗰套嘢嘅樣係點樣樣嘅.	所以就出埋哩幾套之後就應該玩完嚹.	negative_human_quantificational_clause	separate_negative_quantificational_sibling	冇人 + predicate ('nobody/no one predicates')	high	冇人 supplies a negative human quantifier or negative existential subject and the following predicate states what no person does or is.	The sources inspected do not establish this as the morphological negative of positive participant-introducing AA56; keep the asymmetry explicit.
AA56-R1-018	aa56-cf4d5769dd7717209a64	all_initial_indefinite_np_plus_predicate	FC-005a_v2.cha	97	0	有	啲	有	有啲有,有啲冇.	你嗰陣時話訂嗰啲呢,即係話有一年裏邊訂呢,噉有冇包埋你頭先講嗰幾款嗰啲?	係囖.	partitive_indefinite_subject_not_marker	exclude_from_aa56_marker_evidence	有啲 / 有啲人 as an indefinite determiner or partitive pronoun + predicate	high	Here 有啲 functions as 'some/some of them' and forms the subject nominal itself; the row does not independently establish existential-marker 有 followed by a separate NP.	HKCanCor token boundaries cannot decide grammatical segmentation; these rows are contrastive evidence against a token-only AA56 rule.
AA56-R1-019	aa56-e339c5220e1ba17edc20	wh_or_embedded_complement_control	FC-005b_v2.cha	11	3	冇	哩	係	但係而家又冇哩一樣𡃉喇,係唔係啊?	心痛嚹.	即係哩排又冇話?	negative_property_or_discourse_absence	exclude_as_property_or_discourse_profile	冇 + property/discourse nominal or proform	high	The row expresses absence of a property, change, feature, or discourse referent; any later predicate is not linked to an introduced nominal.	Negative spelling alone cannot donate positive presentational evidence.
AA56-R1-020	aa56-225f70ac899ce8844b46	explicit_subject_or_possessor_control	FC-005b_v2.cha	16	17	有	啲	炒	嗰陣時嗰啲𠻺純粹炒𡃉啫,嗰陣時嗰啲就,𠻺,我都重有啲炒嘅喺度啊.	而家-,如果而家再揾女皇頭嗰啲呢,就真係儲郵票𡃉嚹,嗰啲真係,真係儲來,即係收集返起來,即係,趁而家跌返啲價,啲人儲返一套喺度.	係咩?	aa55_possession_or_subject_have	exclude_from_aa56_and_route_to_aa55_or_subject_predication	overt subject/possessor + 有／冇 + possessed or associated nominal	high	An overt possessor, experiencer, institution, or affected subject precedes 有／冇, so the nominal is possessed, associated, or predicated of that subject rather than introduced subjectlessly.	Directly contrasts with Lam, Lau, and Lee's subjectless existential-marker analysis.
AA56-R1-021	aa56-0a928e16988466b993ff	repair_control	FC-005b_v2.cha	79	27	有	任何	唔係	而且佢哋話呢,儲成版就有保值嘅作用囖,喀,不過你唔好整花,整摺,有任何損毀嚹,如果唔係就冚唪唥冇,即係價-,冇,點啊?	唔係啊,我諗我下次都係買啲,試下買一版先得.	冇嗰個賣返出去嘅價值囖,變咗你真係永遠就自己揸住來睇𡃉咋.	bare_existential_or_listing	route_to_bare_existential_or_inventory_profile	有／冇 + nominal, without a locally NP-linked following predicate	high	The row asserts, questions, lists, or denies existence/availability of nominal material, but the mechanically located later predicate is absent, internal to the NP, or belongs to another clause.	Does not satisfy the source-linked AA56 NP-plus-predicate endpoint; positive and negative bare existence require separate typing.
AA56-R1-022	aa56-cbfebd5156da98ec2a91	all_human_plus_predicate	FC-005b_v2.cha	130	3	有	人	收購	不過都重有人收購而家.	你用得兩用嘅話,即係,轉多兩轉已經掂咗啲人氣手氣之後呢,就已經冇價值𡃉嚹.	而家只要你係女皇頭,佢就要𡃉嚹.	positive_np_predication_core	retain_as_narrow_positive_aa56_evidence	有 + overt indefinite NP + predicate whose argument is that NP	high	The overt 有 introduces an indefinite nominal and the following verbal, adjectival, copular, modal, or locative predicate is predicated of that nominal.	Supports the positive source-linked family only; it does not prove a negative 冇 counterpart or one mandatory predicate subtype.
AA56-R1-023	aa56-e9646aaaea321ad6eff0	predicate_less_initial_control	FC-005b_v2.cha	134	0	有	啲		有啲噉嘅嘢咩?	係咩?	有啊,喺,乜嘢,旺角嗰度,日日,嗰啲唔知係唔係大陸人來嘅,走落來,黏張紙喺度,有年份嗰啲𠻺特別價錢囖,冇年份嗰啲求其,好似話女皇頭兩毫子嘅,佢就四毫子一個幫你收噉.	bare_existential_or_listing	route_to_bare_existential_or_inventory_profile	有／冇 + nominal, without a locally NP-linked following predicate	high	The row asserts, questions, lists, or denies existence/availability of nominal material, but the mechanically located later predicate is absent, internal to the NP, or belongs to another clause.	Does not satisfy the source-linked AA56 NP-plus-predicate endpoint; positive and negative bare existence require separate typing.
AA56-R1-024	aa56-4337ac87972878c75d82	overt_place_domain_control	FC-005b_v2.cha	135	30	有	年份	冇	有啊,喺,乜嘢,旺角嗰度,日日,嗰啲唔知係唔係大陸人來嘅,走落來,黏張紙喺度,有年份嗰啲𠻺特別價錢囖,冇年份嗰啲求其,好似話女皇頭兩毫子嘅,佢就四毫子一個幫你收噉.	有啲噉嘅嘢咩?	你就俾一拃佢,佢咪照數俾你囖,你俾十個佢,佢俾四蚊你噉樣囖,喀,噉就佢就唔理你乜嘢年代嘞,佢收咗返去,佢自己點搞就唔理佢𡃉嚹,總言之佢就收晒你啲女皇頭嘅返去.	aa77_overt_place_existential	exclude_from_aa56_and_route_to_aa77	overt place/domain + 有／冇 + nominal	high	The clause contains an overt local place or domain before 有／冇 and asserts existence or absence within that domain.	AA77 owns the overt-place relation; no silent deletion of the place is permitted.
AA56-R1-025	aa56-a70463ef7bbc0923ee2f	explicit_subject_or_possessor_control	FC-009b_v.cha	4	3	有	問題	覺得	我都應該有問題嘅,覺得自己.	喀.	跟住後來呢我就停咗啊直程.	aa55_possession_or_subject_have	exclude_from_aa56_and_route_to_aa55_or_subject_predication	overt subject/possessor + 有／冇 + possessed or associated nominal	high	An overt possessor, experiencer, institution, or affected subject precedes 有／冇, so the nominal is possessed, associated, or predicated of that subject rather than introduced subjectlessly.	Directly contrasts with Lam, Lau, and Lee's subjectless existential-marker analysis.
AA56-R1-026	aa56-ad30a30fbdfde7bcb279	all_human_plus_predicate	FC-009b_v.cha	14	4	有	人	幫	跟住後來呢就有人幫我,誒,整嗰啲嘢囖.	喀.	跟住後來我直程行唔到嘍.	positive_np_predication_core	retain_as_narrow_positive_aa56_evidence	有 + overt indefinite NP + predicate whose argument is that NP	high	The overt 有 introduces an indefinite nominal and the following verbal, adjectival, copular, modal, or locative predicate is predicated of that nominal.	Supports the positive source-linked family only; it does not prove a negative 冇 counterpart or one mandatory predicate subtype.
AA56-R1-027	aa56-a8b0b8dbccd30fe9a50e	all_initial_indefinite_np_plus_predicate	FC-009b_v.cha	16	0	有	個	孭	有個男仔孭我走喇.	跟住後來我直程行唔到嘍.	吓?	positive_np_predication_core	retain_as_narrow_positive_aa56_evidence	有 + overt indefinite NP + predicate whose argument is that NP	high	The overt 有 introduces an indefinite nominal and the following verbal, adjectival, copular, modal, or locative predicate is predicated of that nominal.	Supports the positive source-linked family only; it does not prove a negative 冇 counterpart or one mandatory predicate subtype.
AA56-R1-028	aa56-992030eb1058add17b86	repair_control	FC-009b_v.cha	30	3	冇	我	包	噉我就冇-我包咗-包紮咗幾次,就冇去到囖.	嗯.	係.	repair_or_unusable	exclude_from_productive_evidence	retain overt repair tokens; assign no normalized AA56 span	high	A false start, repetition, truncation, or restart prevents one stable overt construction span from being assigned safely.	The underlying continuation may be grammatical, but repaired corpus material cannot establish the productive boundary by itself.
AA56-R1-029	aa56-38c7b88e948150cefa68	post_np_locative_coda_control	FC-009b_v.cha	72	1	有	個	講	咪有個tearing喺你個ligament上邊嘅,嗰度噉講喇.	噉跟住佢話,即係佢係噉講過啲乜嘢英文乜嘢-乜嘢-乜嘢有個tearing.	乜嘢叫做tearing啊?	positive_np_predication_core	retain_as_narrow_positive_aa56_evidence	有 + overt indefinite NP + predicate whose argument is that NP	high	Subjectless 有 introduces 個 tearing and the following 喺你個 ligament 上邊 supplies a locative predicate of that introduced nominal.	Supports the positive source-linked family only; it does not prove a negative 冇 counterpart or one mandatory predicate subtype.
AA56-R1-030	aa56-ac82cedaa9fb53248217	wh_or_embedded_complement_control	FC-009b_v.cha	82	7	冇	乜	跑	噉我由中五開始就冇乜跑過囖.	嗯.	哦.	event_negation_or_minimizer	exclude_as_clausal_event_negation	subject/context + 冇乜/冇 + event predicate	high	The visible material minimizes or negates an event/frequency profile, not existence of an introduced NP.	Law's clausal 冇 boundary and the overt event predicate prevent a token-only existential analysis.
AA56-R1-031	aa56-65ddd1ceb909378b75fd	wh_or_embedded_complement_control	FC-011_v.cha	16	1	冇	乜	咋	其實冇乜福利𡃉咋喎.	福利?	係?	negative_existential_or_availability_complement	separate_negative_existential_or_availability_profile	冇 + nominal + activity/availability complement	high	The clause denies available things, food, work, or analogous nominal material and may license a following activity complement, rather than introducing a participant for predication.	Related existential semantics do not prove identity with positive presentational AA56.
AA56-R1-032	aa56-0ef7f04d6d3fb9a35d40	repair_control	FC-011_v.cha	48	11	冇	乜		噉都-賺咗好多個月錢吖,冇乜所謂吖.	係啊.	都抵𠸏.	lexicalized_or_fixed_expression	exclude_or_lexically_quarantine	fixed 有／冇 expression	high	The matched sequence is a conventional modal, reason, discourse, or evaluative expression whose meaning and syntax are not a productive introduced-NP predication.	Requires lexical or construction-specific handling before parser promotion.
AA56-R1-033	aa56-e2e55d23fe5c2a95463f	explicit_subject_or_possessor_control	FC-011_v.cha	76	12	有	啲	做	噉,誒,係嘞,噉,誒,我哋有啲乜嘢做呢?	係喇.	喀.	aa55_possession_or_subject_have	exclude_from_aa56_and_route_to_aa55_or_subject_predication	overt subject/possessor + 有／冇 + possessed or associated nominal	high	An overt possessor, experiencer, institution, or affected subject precedes 有／冇, so the nominal is possessed, associated, or predicated of that subject rather than introduced subjectlessly.	Directly contrasts with Lam, Lau, and Lee's subjectless existential-marker analysis.
AA56-R1-034	aa56-f09e9b7c3d9d0312fbfb	post_np_locative_coda_control	FC-011_v.cha	88	13	有	啲	擺	即係,誒,喺啲銀行呢,你咪見到有啲機呢,擺咗喺度俾人撳撳撳來問嘢𠸏.	kiosk啊.	交錢嗰啲?	positive_np_predication_core	retain_as_narrow_positive_aa56_evidence	有 + overt indefinite NP + predicate whose argument is that NP	high	有 introduces 啲機 and 擺咗喺度 predicates a resulting location of those machines; the locative predicate is one subtype of the general source pattern.	Supports the positive source-linked family only; it does not prove a negative 冇 counterpart or one mandatory predicate subtype.
AA56-R1-035	aa56-425ece703bcc9a0b848a	all_initial_indefinite_np_plus_predicate	FC-012_v.cha	20	0	有	個	有	有個冷-有個冷氣掣俾佢𠺢嗎.	夜晚先開𠺢嗎.	你都唔-都唔愛錫啲生物𠸏.	repair_or_unusable	exclude_from_productive_evidence	retain overt repair tokens; assign no normalized AA56 span	high	A false start, repetition, truncation, or restart prevents one stable overt construction span from being assigned safely.	The underlying continuation may be grammatical, but repaired corpus material cannot establish the productive boundary by itself.
AA56-R1-036	aa56-df51b464d8646966de8c	repair_control	FC-012_v.cha	20	4	有	個	俾	有個冷-有個冷氣掣俾佢𠺢嗎.	夜晚先開𠺢嗎.	你都唔-都唔愛錫啲生物𠸏.	ambiguous_boundary	quarantine_pending_independent_evidence	preserve the overt 有／冇 and nominal material without forcing a construction span	medium	Context permits more than one analysis, including bare existence, possession, ellipsis, object complementation, topic structure, or disfluent predication.	No hidden subject, predicate, place, or argument may be inserted to resolve the ambiguity.
AA56-R1-037	aa56-8dbf6365615353248c51	post_np_locative_coda_control	FC-012_v.cha	56	1	有	狗		帶有狗嘅味同埋毛啊喺件褸上邊啊.	人着褸啊.	點解入埋衣櫃度𠸏?	lexical_compound_false_positive	exclude_as_lexical_compound	lexical 帶有 + complement	high	The character 有 is part of lexical 帶有 'contain/bear', not an independent existential or possessive marker.	Shared orthography and corpus tokenization cannot donate AA56 evidence.
AA56-R1-038	aa56-ce4154a2d954e1090187	explicit_subject_or_possessor_control	FC-012_v.cha	59	12	有	狗毛		點解你隻狗會整到你-你件褸有狗毛?	喺衣櫃裏邊取暖.	唔係啊.	aa55_possession_or_subject_have	exclude_from_aa56_and_route_to_aa55_or_subject_predication	overt subject/possessor + 有／冇 + possessed or associated nominal	high	An overt possessor, experiencer, institution, or affected subject precedes 有／冇, so the nominal is possessed, associated, or predicated of that subject rather than introduced subjectlessly.	Directly contrasts with Lam, Lau, and Lee's subjectless existential-marker analysis.
AA56-R1-039	aa56-5714e8af63e64f4d93be	wh_or_embedded_complement_control	FC-012_v.cha	67	10	有	啲		噉但係會唔會食食下飯發覺有啲狗毛嗰啲?	慣咗嗱?	會𡃉.	bare_existential_or_listing	route_to_bare_existential_or_inventory_profile	有／冇 + nominal, without a locally NP-linked following predicate	high	The row asserts, questions, lists, or denies existence/availability of nominal material, but the mechanically located later predicate is absent, internal to the NP, or belongs to another clause.	Does not satisfy the source-linked AA56 NP-plus-predicate endpoint; positive and negative bare existence require separate typing.
AA56-R1-040	aa56-48332345f9496e98feff	predicate_less_initial_control	FC-012_v.cha	69	0	有	可能		有可能𡃉.	會𡃉.	哎吔.	lexicalized_or_fixed_expression	exclude_or_lexically_quarantine	fixed 有／冇 expression	high	The matched sequence is a conventional modal, reason, discourse, or evaluative expression whose meaning and syntax are not a productive introduced-NP predication.	Requires lexical or construction-specific handling before parser promotion.
AA56-R1-041	aa56-38c5935b9616c52fc44f	all_initial_indefinite_np_plus_predicate	FC-012_v.cha	101	0	有	個	拖	有個人呢,拖住條曲-拖住隻曲架狗周街走呢,好過癮.	好過癮𡃉,我覺得曲架.	噉跟住有又有一隻呢好似芝娃娃定乜鬼啊,好細隻冇毛嗰啲呢.	positive_np_predication_core	retain_as_narrow_positive_aa56_evidence	有 + overt indefinite NP + predicate whose argument is that NP	high	The overt 有 introduces an indefinite nominal and the following verbal, adjectival, copular, modal, or locative predicate is predicated of that nominal.	Supports the positive source-linked family only; it does not prove a negative 冇 counterpart or one mandatory predicate subtype.
AA56-R1-042	aa56-2eca8be08ca610d0248f	all_human_plus_predicate	FC-012_v.cha	426	7	有	人	傾電話	你O.T.到八,九點重有人傾電話先?	企喺度聽電話囖,企喺度對住部電腦囖.	同屋企人或者朋友傾電話嗰啲唔係公事吖.	positive_np_predication_core	retain_as_narrow_positive_aa56_evidence	有 + overt indefinite NP + predicate whose argument is that NP	high	The overt 有 introduces an indefinite nominal and the following verbal, adjectival, copular, modal, or locative predicate is predicated of that nominal.	Supports the positive source-linked family only; it does not prove a negative 冇 counterpart or one mandatory predicate subtype.
AA56-R1-043	aa56-1762144bc0b85cf9ab4e	explicit_subject_or_possessor_control	FC-013_v.cha	5	4	有	個		十-佢係有個rules𠺢嗎.	梗係分開兩個禮拜.	唔可以一次過放三十日㗎?	aa55_possession_or_subject_have	exclude_from_aa56_and_route_to_aa55_or_subject_predication	overt subject/possessor + 有／冇 + possessed or associated nominal	high	An overt possessor, experiencer, institution, or affected subject precedes 有／冇, so the nominal is possessed, associated, or predicated of that subject rather than introduced subjectlessly.	Directly contrasts with Lam, Lau, and Lee's subjectless existential-marker analysis.
AA56-R1-044	aa56-ab7b908fab3a305ccd4b	all_initial_indefinite_np_plus_predicate	FC-013_v.cha	32	0	有	個	咬	有個BB啊隻腳俾蚊咬咗好大粒啊.	哎吔.	你見唔見到啊?	positive_topic_chain_extended	quarantine_as_extended_discourse_profile	有 + introduced NP + following topic/possessor chain	medium	有個 BB introduces a participant, but the following overt subject is 隻腳 and the passive predicate applies to that possessed body part.	Compatible with broader discourse presentation, but not sufficient to widen the narrow NP-predicate identity automatically.
AA56-R1-045	aa56-41840c6f372dcf18ec2d	wh_or_embedded_complement_control	FC-013_v.cha	86	4	有	乜嘢		你去日本重有乜嘢啊?	梗係睇櫻花喇.	ei1重有乜嘢北海道滑雪呀,啲人走去.	aa77_overt_place_existential	exclude_from_aa56_and_route_to_aa77	overt place/domain + 有／冇 + nominal	high	The clause contains an overt local place or domain before 有／冇 and asserts existence or absence within that domain.	AA77 owns the overt-place relation; no silent deletion of the place is permitted.
AA56-R1-046	aa56-b976606f4938cccf0e32	repair_control	FC-013_v.cha	131	6	有	蚊		佢就話-誒,有蚊啊.	噉即係幾多錢唧?	隻手吖,死喇,咬到噉.	bare_existential_or_listing	route_to_bare_existential_or_inventory_profile	有／冇 + nominal, without a locally NP-linked following predicate	high	The row asserts, questions, lists, or denies existence/availability of nominal material, but the mechanically located later predicate is absent, internal to the NP, or belongs to another clause.	Does not satisfy the source-linked AA56 NP-plus-predicate endpoint; positive and negative bare existence require separate typing.
AA56-R1-047	aa56-3b0d9c3d028d01cff65b	wh_or_embedded_complement_control	FC-018_v.cha	1	6	有	乜嘢	得意	今次你返桂林呢,有乜嘢得意嘅事發生啊?	你,誒,哩個旅行嘅經歷吖.	噉樣講法呀?	existential_interrogative_or_complement	separate_existential_complement_profile	matrix or embedded existential/wh complement, not a simple asserted participant introduction	medium	The wh existential asks whether an event-denoting nominal exists and includes 發生, but interrogative force and internal modification make it a boundary rather than a plain asserted AA56 example.	May share existential semantics, but question force and embedding must remain overt rather than donated to AA56.
AA56-R1-048	aa56-45ff05abb06a20672ec9	all_initial_indefinite_np_plus_predicate	FC-018_v.cha	22	0	有	種	清涼	有種即係清涼個感覺.	係啊.	係咩?	bare_existential_or_listing	route_to_bare_existential_or_inventory_profile	有／冇 + nominal, without a locally NP-linked following predicate	high	The row asserts, questions, lists, or denies existence/availability of nominal material, but the mechanically located later predicate is absent, internal to the NP, or belongs to another clause.	Does not satisfy the source-linked AA56 NP-plus-predicate endpoint; positive and negative bare existence require separate typing.
AA56-R1-049	aa56-136bd24a79d10cdd3654	overt_place_domain_control	FC-018_v.cha	33	21	有	外國		噉啲風景都好靚,有好多嗰啲國內嘅旅遊客啊,有啲香港遊客啊,有外國遊客啊噉樣囖.	哦.	嗯.	bare_existential_or_listing	route_to_bare_existential_or_inventory_profile	有／冇 + nominal, without a locally NP-linked following predicate	high	The row asserts, questions, lists, or denies existence/availability of nominal material, but the mechanically located later predicate is absent, internal to the NP, or belongs to another clause.	Does not satisfy the source-linked AA56 NP-plus-predicate endpoint; positive and negative bare existence require separate typing.
AA56-R1-050	aa56-4f170f3c88d4d1f49f46	repair_control	FC-018_v.cha	52	1	有	香港	放假	邊有-香港都未曾放假喇.	通-嗰陣時啊冚唪唥都退休人士吖.	啲人都未放假喇,啲學生-後生仔.	repair_or_unusable	exclude_from_productive_evidence	retain overt repair tokens; assign no normalized AA56 span	high	A false start, repetition, truncation, or restart prevents one stable overt construction span from being assigned safely.	The underlying continuation may be grammatical, but repaired corpus material cannot establish the productive boundary by itself.
AA56-R1-051	aa56-3356d66b7cfa567a4003	post_np_locative_coda_control	FC-018_v.cha	146	4	冇	嗰啲	喺度	哦,即係周圍冇嗰啲橫額喺度呀?	都唔覺得好熱鬧啊.	"橫額就冇,淨係有少少,誒,即係嗰啲國旗啊,誒,特區個徽章啊,誒,""熱烈慶祝回歸""噉樣喇,係噉寫哩啲噉嘅嘢囖."	aa77_overt_place_existential	exclude_from_aa56_and_route_to_aa77	overt place/domain + 有／冇 + nominal	high	The clause contains an overt local place or domain before 有／冇 and asserts existence or absence within that domain.	AA77 owns the overt-place relation; no silent deletion of the place is permitted.
AA56-R1-052	aa56-1602ac8136e832ad8e6a	predicate_less_initial_control	FC-018_v.cha	158	0	冇	乜		冇乜特別.	即係冇乜特別,返到去.	哦.	negative_property_or_discourse_absence	exclude_as_property_or_discourse_profile	冇 + property/discourse nominal or proform	high	The row expresses absence of a property, change, feature, or discourse referent; any later predicate is not linked to an introduced nominal.	Negative spelling alone cannot donate positive presentational evidence.
AA56-R1-053	aa56-dd51e90320484c7b0591	explicit_subject_or_possessor_control	FC-019_v.cha	73	9	冇	一	特定	"即係我""""其實,我心目中又冇一個,即係,特定嘅,即係style噉樣喇."	嗯.	但係我去到嘅時候我唔知剪短,噉佢會問你想點樣剪短喇.	aa55_possession_or_subject_have	exclude_from_aa56_and_route_to_aa55_or_subject_predication	overt subject/possessor + 有／冇 + possessed or associated nominal	high	An overt possessor, experiencer, institution, or affected subject precedes 有／冇, so the nominal is possessed, associated, or predicated of that subject rather than introduced subjectlessly.	Directly contrasts with Lam, Lau, and Lee's subjectless existential-marker analysis.
AA56-R1-054	aa56-4aae0650786a4293a193	wh_or_embedded_complement_control	FC-019_v.cha	85	12	冇	乜		即係但係如果長呢-我覺得都係,即係冇乜變化啊.	係囖,係囖,係囖.	冇乜變化.	negative_property_or_discourse_absence	exclude_as_property_or_discourse_profile	冇 + property/discourse nominal or proform	high	The row expresses absence of a property, change, feature, or discourse referent; any later predicate is not linked to an introduced nominal.	Negative spelling alone cannot donate positive presentational evidence.
AA56-R1-055	aa56-3b11966d0b09ada82ea8	predicate_less_initial_control	FC-019_v.cha	86	0	冇	乜		冇乜變化.	即係但係如果長呢-我覺得都係,即係冇乜變化啊.	係嘞,係嘞,係嘞.	negative_property_or_discourse_absence	exclude_as_property_or_discourse_profile	冇 + property/discourse nominal or proform	high	The row expresses absence of a property, change, feature, or discourse referent; any later predicate is not linked to an introduced nominal.	Negative spelling alone cannot donate positive presentational evidence.
AA56-R1-056	aa56-5fc30c10624325ab69eb	repair_control	FC-019_v.cha	111	13	有	劉海	剪	哎,我以前試過剪碎陰啊,但係係有-劉海噉樣嘅剪碎蔭,重好肉酸囖.	喀,喀喀喀.	更加細個啊個樣.	repair_or_unusable	exclude_from_productive_evidence	retain overt repair tokens; assign no normalized AA56 span	high	A false start, repetition, truncation, or restart prevents one stable overt construction span from being assigned safely.	The underlying continuation may be grammatical, but repaired corpus material cannot establish the productive boundary by itself.
AA56-R1-057	aa56-415a410addf0795ed783	overt_place_domain_control	FC-020_v.cha	43	13	有	消息		"""噉樣,佢話""你其他啲學校都重係有消息噉𠺢嗎."	做住一年先都好喇.	"""噉我咪話,""噉呀?"	aa55_possession_or_subject_have	exclude_from_aa56_and_route_to_aa55_or_subject_predication	overt subject/possessor + 有／冇 + possessed or associated nominal	high	An overt possessor, experiencer, institution, or affected subject precedes 有／冇, so the nominal is possessed, associated, or predicated of that subject rather than introduced subjectlessly.	Directly contrasts with Lam, Lau, and Lee's subjectless existential-marker analysis.
AA56-R1-058	aa56-c58b868261d095501b07	repair_control	FC-020_v.cha	56	25	有	機會	揾	"跟住我話""誒,啊!但係你嘅資料就會即係留低喇,噉睇下第日會唔會有機會揾你讀-揾你幫手噉樣."	喀,喀,喀.	嗯.	lexicalized_or_fixed_expression	exclude_or_lexically_quarantine	fixed 有／冇 expression	high	The matched sequence is a conventional modal, reason, discourse, or evaluative expression whose meaning and syntax are not a productive introduced-NP predication.	Requires lexical or construction-specific handling before parser promotion.
AA56-R1-059	aa56-e3effad208429fa00a76	wh_or_embedded_complement_control	FC-020_v.cha	101	9	有	乜	揾	噉呢,都係-即係都係有乜就揾乜噉樣喇.	哦.	喀,喀,喀,喀.	existential_interrogative_or_complement	separate_existential_complement_profile	matrix or embedded existential/wh complement, not a simple asserted participant introduction	medium	The 有 phrase is interrogative, free-choice, or selected as a complement of another predicate; its internal nominal-predicate relation is not the ordinary asserted AA56 profile.	May share existential semantics, but question force and embedding must remain overt rather than donated to AA56.
AA56-R1-060	aa56-9d25bb4fd794d1f5382b	explicit_subject_or_possessor_control	FC-020_v.cha	116	5	冇	乜	冇	噉,即係我都冇乜,ei1,我都冇乜啲-即係乜嘢目標噉-噉樣揾嘅,即係揾到乜嘢就揾乜嘢喇.	喀,喀,喀.	喀.	aa55_possession_or_subject_have	exclude_from_aa56_and_route_to_aa55_or_subject_predication	overt subject/possessor + 有／冇 + possessed or associated nominal	high	An overt possessor, experiencer, institution, or affected subject precedes 有／冇, so the nominal is possessed, associated, or predicated of that subject rather than introduced subjectlessly.	Directly contrasts with Lam, Lau, and Lee's subjectless existential-marker analysis.
AA56-R1-061	aa56-855ca5c4e55f1e696558	all_human_plus_predicate	FC-020_v.cha	517	24	有	人	去	"噉呢佢就話,誒,應-因為哩一兩日-佢話哩一兩日都重有人去interview嘅,噉佢話-噉就-誒,同埋""我哋都要計下分噉樣喎."	喀,喀,喀.	"""噉呢佢就話計完晒啲分之後呢,噉如果你係高過人哋呢,佢話噉你就有得secondinterview噉樣囖."	positive_np_predication_core	retain_as_narrow_positive_aa56_evidence	有 + overt indefinite NP + predicate whose argument is that NP	high	The overt 有 introduces an indefinite nominal and the following verbal, adjectival, copular, modal, or locative predicate is predicated of that nominal.	Supports the positive source-linked family only; it does not prove a negative 冇 counterpart or one mandatory predicate subtype.
AA56-R1-062	aa56-b6b8194c8c4187a528b0	repair_control	FC-022a_v.cha	2	7	有	一		誒,每年-即係每年都有一次嗰個書展囖.	誒,乜嘢書展呢?	你知唔知道𡃉?	temporal_or_conditional_have	exclude_as_temporal_or_conditional_structure	有 + time/event/condition nominal + independent clause	high	The nominal supplies a time, occasion, duration, or condition for the following clause rather than serving as its introduced participant subject.	Do not reinterpret temporal adjunct structure as AA56 merely because a later predicate exists.
AA56-R1-063	aa56-fbef4911fceea348482f	overt_place_domain_control	FC-022a_v.cha	42	30	有	個		噉呢,但係呢佢-我會覺得呢,舊版呢就有一個係譬如講地名嘅,後-最尾嗰度有個index噉樣𠺢嗎.	係.	係appendix.	aa77_overt_place_existential	exclude_from_aa56_and_route_to_aa77	overt place/domain + 有／冇 + nominal	high	The clause contains an overt local place or domain before 有／冇 and asserts existence or absence within that domain.	AA77 owns the overt-place relation; no silent deletion of the place is permitted.
AA56-R1-064	aa56-35ed32f2b95ac13ac4e5	explicit_subject_or_possessor_control	FC-022a_v.cha	67	3	冇	乜	聽	誒,我冇乜點聽過.	我諗你應該有用𡃉.	"誒,陸谷孫嗰本呢就係叫做""英漢大辭典""."	event_negation_or_minimizer	exclude_as_clausal_event_negation	subject/context + 冇乜/冇 + event predicate	high	The visible material minimizes or negates an event/frequency profile, not existence of an introduced NP.	Law's clausal 冇 boundary and the overt event predicate prevent a token-only existential analysis.
AA56-R1-065	aa56-6c7587498b455e8c7ab4	explicit_subject_or_possessor_control	FC-022b_v.cha	36	4	有	一啲	係	噉佢就係有一啲字呢,或者係深啲嘅名詞,或者係,誒,中國大陸嘅用語呢,係冇收到落去嘅.	係啊.	喀.	aa55_possession_or_subject_have	exclude_from_aa56_and_route_to_aa55_or_subject_predication	overt subject/possessor + 有／冇 + possessed or associated nominal	high	An overt possessor, experiencer, institution, or affected subject precedes 有／冇, so the nominal is possessed, associated, or predicated of that subject rather than introduced subjectlessly.	Directly contrasts with Lam, Lau, and Lee's subjectless existential-marker analysis.
AA56-R1-066	aa56-d1cbb9053c370d1e7df2	post_np_locative_coda_control	FC-022b_v.cha	206	1	有	個	喺度	係有個分別喺度𡃉喎.	係.	分別喺邊呢?	positive_np_predication_core	retain_as_narrow_positive_aa56_evidence	有 + overt indefinite NP + predicate whose argument is that NP	high	Subjectless 係有 introduces 個分別 and 喺度 is a locative/existential predicate; this is compatible with a locative subtype but does not justify making locative codas mandatory.	Supports the positive source-linked family only; it does not prove a negative 冇 counterpart or one mandatory predicate subtype.
AA56-R1-067	aa56-4c576512361871028551	predicate_less_initial_control	FC-022b_v.cha	212	0	冇	例子		冇例子啊,基本上.	即係話佢𠻺好少例子.	係直程冇例子.	bare_existential_or_listing	route_to_bare_existential_or_inventory_profile	有／冇 + nominal, without a locally NP-linked following predicate	high	The row asserts, questions, lists, or denies existence/availability of nominal material, but the mechanically located later predicate is absent, internal to the NP, or belongs to another clause.	Does not satisfy the source-linked AA56 NP-plus-predicate endpoint; positive and negative bare existence require separate typing.
AA56-R1-068	aa56-ab9bd76cacaef05d9800	all_initial_indefinite_np_plus_predicate	FC-022b_v.cha	214	0	有	啲	好	有啲好啲嘅可能會有一句噉樣喇.	係直程冇例子.	係.	partitive_indefinite_subject_not_marker	exclude_from_aa56_marker_evidence	有啲 / 有啲人 as an indefinite determiner or partitive pronoun + predicate	high	Here 有啲 functions as 'some/some of them' and forms the subject nominal itself; the row does not independently establish existential-marker 有 followed by a separate NP.	HKCanCor token boundaries cannot decide grammatical segmentation; these rows are contrastive evidence against a token-only AA56 rule.
AA56-R1-069	aa56-a0a558d7520e14b1042f	all_initial_indefinite_np_plus_predicate	FC-025_v.cha	45	0	有	個	係	有個肥仔又係我哋班𡃉.	唔係肥豪,肥豪我實認得喇.	唔係好記得.	positive_np_predication_core	retain_as_narrow_positive_aa56_evidence	有 + overt indefinite NP + predicate whose argument is that NP	high	The overt 有 introduces an indefinite nominal and the following verbal, adjectival, copular, modal, or locative predicate is predicated of that nominal.	Supports the positive source-linked family only; it does not prove a negative 冇 counterpart or one mandatory predicate subtype.
AA56-R1-070	aa56-8aad1b1b0a6609ac5793	all_initial_indefinite_np_plus_predicate	FC-025_v.cha	49	0	有	幾	肥	有幾肥啊?	係啊.	都幾肥吓𡃉.	wh_degree_or_quantity	exclude_as_measure_or_quantity_question	有幾/有幾多 or other measure-question material	high	The matched sequence belongs to degree, quantity, or measure interrogation rather than existential participant introduction.	POS ambiguity around 幾 and classifiers is a mechanical retrieval boundary only.
AA56-R1-071	aa56-584c80d163bf7c12d27c	explicit_subject_or_possessor_control	FC-025_v.cha	69	18	有	五		喂數一數呢,我又發覺原來我哋班嘅都有成連埋我有五個人喎竟然.	艾爾頓嗰陣時佢乜嘢𠸏.	唏,缺少咗南哥就爭啲嘅.	aa55_possession_or_subject_have	exclude_from_aa56_and_route_to_aa55_or_subject_predication	overt subject/possessor + 有／冇 + possessed or associated nominal	high	An overt possessor, experiencer, institution, or affected subject precedes 有／冇, so the nominal is possessed, associated, or predicated of that subject rather than introduced subjectlessly.	Directly contrasts with Lam, Lau, and Lee's subjectless existential-marker analysis.
AA56-R1-072	aa56-d6851f43990498497ceb	wh_or_embedded_complement_control	FC-025_v.cha	81	1	有	躉		即係有躉office噉呀?	但係乜嘢貨櫃碼頭?	係啊.	wh_degree_or_quantity	exclude_as_measure_or_quantity_question	有幾/有幾多 or other measure-question material	high	The matched sequence belongs to degree, quantity, or measure interrogation rather than existential participant introduction.	POS ambiguity around 幾 and classifiers is a mechanical retrieval boundary only.
AA56-R1-073	aa56-f960fcff7b7782876045	predicate_less_initial_control	FC-025_v.cha	93	0	有	幾		有幾間唔同嘅公司.	MTL啊噉樣.	幾間公司.	bare_existential_or_listing	route_to_bare_existential_or_inventory_profile	有／冇 + nominal, without a locally NP-linked following predicate	high	The row asserts, questions, lists, or denies existence/availability of nominal material, but the mechanically located later predicate is absent, internal to the NP, or belongs to another clause.	Does not satisfy the source-linked AA56 NP-plus-predicate endpoint; positive and negative bare existence require separate typing.
AA56-R1-074	aa56-cbc0a33cd1d9ab680991	overt_place_domain_control	FC-025_v.cha	189	3	冇	電話		因為嗰度又冇電話.	直至到你哋call我,我先發覺到原來啲時間已經係十二點鐘嚹.	你知喺人公司,同埋揾唔到電話,好難揾電話𡃉.	aa77_overt_place_existential	exclude_from_aa56_and_route_to_aa77	overt place/domain + 有／冇 + nominal	high	The clause contains an overt local place or domain before 有／冇 and asserts existence or absence within that domain.	AA77 owns the overt-place relation; no silent deletion of the place is permitted.
AA56-R1-075	aa56-cd559174e68be7cb7031	all_human_plus_predicate	FC-025_v.cha	628	4	有	人	𠝹手	你唔係見到有人喺街𠝹手咁邪啞?	你講起女仔.	肚餓.	positive_np_predication_core	retain_as_narrow_positive_aa56_evidence	有 + overt indefinite NP + predicate whose argument is that NP	high	The overt 有 introduces an indefinite nominal and the following verbal, adjectival, copular, modal, or locative predicate is predicated of that nominal.	Supports the positive source-linked family only; it does not prove a negative 冇 counterpart or one mandatory predicate subtype.
AA56-R1-076	aa56-ac826f135db8b89f13b7	wh_or_embedded_complement_control	FC-026_v2.cha	67	6	有	幾多		但係你間公司幾-有幾多人啊?	哎,我都覺得幾搞嘢.	幾大規模啊?	aa77_overt_place_existential	exclude_from_aa56_and_route_to_aa77	overt place/domain + 有／冇 + nominal	high	The clause contains an overt local place or domain before 有／冇 and asserts existence or absence within that domain.	AA77 owns the overt-place relation; no silent deletion of the place is permitted.
AA56-R1-077	aa56-ddf1bbf431c1da37ea47	overt_place_domain_control	FC-026_v2.cha	69	7	有	七十幾		其實total來講喺香港就有七十幾人喇.	幾大規模啊?	嘩噉都好大喎.	aa77_overt_place_existential	exclude_from_aa56_and_route_to_aa77	overt place/domain + 有／冇 + nominal	high	The clause contains an overt local place or domain before 有／冇 and asserts existence or absence within that domain.	AA77 owns the overt-place relation; no silent deletion of the place is permitted.
AA56-R1-078	aa56-3fbe0008b75315f7a055	predicate_less_initial_control	FC-026_v2.cha	187	0	冇	理由		冇理由喎.	嗰陣時你知喇冇乜錢,過去都純粹係睇嘢囖.	但係就買嘢都會買嘢,但係當然冇-冇人-冇阿餅咁有錢買咁多嘢喇.	lexicalized_or_fixed_expression	exclude_or_lexically_quarantine	fixed 有／冇 expression	high	The matched sequence is a conventional modal, reason, discourse, or evaluative expression whose meaning and syntax are not a productive introduced-NP predication.	Requires lexical or construction-specific handling before parser promotion.
AA56-R1-079	aa56-5e3ef3cbf19d3cb8b9d3	all_human_plus_predicate	FC-026_v2.cha	188	13	冇	人	冇	但係就買嘢都會買嘢,但係當然冇-冇人-冇阿餅咁有錢買咁多嘢喇.	冇理由喎.	係呀?	repair_or_unusable	exclude_from_productive_evidence	retain overt repair tokens; assign no normalized AA56 span	high	A false start, repetition, truncation, or restart prevents one stable overt construction span from being assigned safely.	The underlying continuation may be grammatical, but repaired corpus material cannot establish the productive boundary by itself.
AA56-R1-080	aa56-472e12111ac9aa720df4	post_np_locative_coda_control	FC-026_v2.cha	283	12	有	廠	有	哦,即係其實你哋係哩間公司就喺香港有廠,喺大陸又有廠噉呀?	噉變咗嗰邊其實都唔係話咁多人講國語囖.	唔係.	aa77_overt_place_existential	exclude_from_aa56_and_route_to_aa77	overt place/domain + 有／冇 + nominal	high	The clause contains an overt local place or domain before 有／冇 and asserts existence or absence within that domain.	AA77 owns the overt-place relation; no silent deletion of the place is permitted.
AA56-R1-081	aa56-d4e16aff62f0ff7023e6	all_human_plus_predicate;all_initial_indefinite_np_plus_predicate	FC-027_v2.cha	70	0	冇	人	嗌	冇人嗌咪唔嗌囖.	嗯.	但沙律係必備𡃉喎.	negative_human_quantificational_clause	separate_negative_quantificational_sibling	冇人 + predicate ('nobody/no one predicates')	high	冇人 supplies a negative human quantifier or negative existential subject and the following predicate states what no person does or is.	The sources inspected do not establish this as the morphological negative of positive participant-introducing AA56; keep the asymmetry explicit.
AA56-R1-082	aa56-0b7b419c7ecc4f80c330	all_human_plus_predicate;all_initial_indefinite_np_plus_predicate	FC-027_v2.cha	105	0	有	人	double	有人doubleE喇總之就.	唔知啊.	哦即係唔讀Engin呀?	positive_np_predication_core	retain_as_narrow_positive_aa56_evidence	有 + overt indefinite NP + predicate whose argument is that NP	high	The overt 有 introduces an indefinite nominal and the following verbal, adjectival, copular, modal, or locative predicate is predicated of that nominal.	Supports the positive source-linked family only; it does not prove a negative 冇 counterpart or one mandatory predicate subtype.
AA56-R1-083	aa56-83f7c30ac005d7bcd1b1	predicate_less_initial_control	FC-027_v2.cha	133	0	有	Account		有Account.	有.	係咩?	bare_existential_or_listing	route_to_bare_existential_or_inventory_profile	有／冇 + nominal, without a locally NP-linked following predicate	high	The row asserts, questions, lists, or denies existence/availability of nominal material, but the mechanically located later predicate is absent, internal to the NP, or belongs to another clause.	Does not satisfy the source-linked AA56 NP-plus-predicate endpoint; positive and negative bare existence require separate typing.
AA56-R1-084	aa56-4305fe3b997cd5b82971	all_human_plus_predicate	FC-027_v2.cha	202	3	冇	人	揀	我哋學校都冇人揀嗰啲𡃉喇.	噉好驚𠺢嗎令人會.	哦你哋幾時揀𡃉Jupas?	negative_human_quantificational_clause	separate_negative_quantificational_sibling	冇人 + predicate ('nobody/no one predicates')	high	冇人 supplies a negative human quantifier or negative existential subject and the following predicate states what no person does or is.	The sources inspected do not establish this as the morphological negative of positive participant-introducing AA56; keep the asymmetry explicit.
AA56-R1-085	aa56-369b772019bb3d066354	all_initial_indefinite_np_plus_predicate	FC-027_v2.cha	238	0	有	啲	夠	有啲B都夠𡃉嚹喎.	我有啲B就算𡃉嚹.	BBCC已經可以𡃉嚹.	partitive_indefinite_subject_not_marker	exclude_from_aa56_marker_evidence	有啲 / 有啲人 as an indefinite determiner or partitive pronoun + predicate	high	Here 有啲 functions as 'some/some of them' and forms the subject nominal itself; the row does not independently establish existential-marker 有 followed by a separate NP.	HKCanCor token boundaries cannot decide grammatical segmentation; these rows are contrastive evidence against a token-only AA56 rule.
AA56-R1-086	aa56-8d65e70d6273eea6f6ec	all_human_plus_predicate	FC-027_v2.cha	294	1	有	人	讀	但係有人讀四科𡃉咋喎我見到.	報六科.	係呀.	positive_np_predication_core	retain_as_narrow_positive_aa56_evidence	有 + overt indefinite NP + predicate whose argument is that NP	high	The overt 有 introduces an indefinite nominal and the following verbal, adjectival, copular, modal, or locative predicate is predicated of that nominal.	Supports the positive source-linked family only; it does not prove a negative 冇 counterpart or one mandatory predicate subtype.
AA56-R1-087	aa56-a7f8774daec701b5ef5a	all_human_plus_predicate;all_initial_indefinite_np_plus_predicate	FC-027_v2.cha	334	0	有	人	攞	有人一心攞A𡃉咩?	一心攞A.	嘩你理科班唔攞A呢真係有啲問題.	positive_np_predication_core	retain_as_narrow_positive_aa56_evidence	有 + overt indefinite NP + predicate whose argument is that NP	high	The overt 有 introduces an indefinite nominal and the following verbal, adjectival, copular, modal, or locative predicate is predicated of that nominal.	Supports the positive source-linked family only; it does not prove a negative 冇 counterpart or one mandatory predicate subtype.
AA56-R1-088	aa56-d18ce6d4cd6c36c2290c	overt_place_domain_control	FC-027_v2.cha	417	4	有	啲		你間學校係有啲辦法嘅.	噉都幾好.	辦乜嘢法吖.	aa55_possession_or_subject_have	exclude_from_aa56_and_route_to_aa55_or_subject_predication	overt subject/possessor + 有／冇 + possessed or associated nominal	high	An overt possessor, experiencer, institution, or affected subject precedes 有／冇, so the nominal is possessed, associated, or predicated of that subject rather than introduced subjectlessly.	Directly contrasts with Lam, Lau, and Lee's subjectless existential-marker analysis.
AA56-R1-089	aa56-4fae48e4972a5833281c	predicate_less_initial_control	FC-028_v2.cha	77	0	有	郭		有郭富城呀?	係啊.	郭富城最易請吖嗎.	bare_existential_or_listing	route_to_bare_existential_or_inventory_profile	有／冇 + nominal, without a locally NP-linked following predicate	high	The row asserts, questions, lists, or denies existence/availability of nominal material, but the mechanically located later predicate is absent, internal to the NP, or belongs to another clause.	Does not satisfy the source-linked AA56 NP-plus-predicate endpoint; positive and negative bare existence require separate typing.
AA56-R1-090	aa56-3648339139fd6199a2c8	overt_place_domain_control	FC-028_v2.cha	159	28	有	事	會	"即係大家都唔知佢去邊𡃉喇,打電話call佢,佢又話自己,乜嘢""我而家唔喺香港,有事我會盡快覆你."	喀.	喀.	temporal_or_conditional_have	exclude_as_temporal_or_conditional_structure	有 + time/event/condition nominal + independent clause	high	The nominal supplies a time, occasion, duration, or condition for the following clause rather than serving as its introduced participant subject.	Do not reinterpret temporal adjunct structure as AA56 merely because a later predicate exists.
AA56-R1-091	aa56-9bd0cea4256ff5ebb22c	all_human_plus_predicate	FC-029_v.cha	30	2	有	人	有	323,有人有喇嗎,323唔好啊,上次睇嗰架323啊,有啲𤓓味啊.	323好啊.	咦,你講過喇,嗰架係你喺雜誌度睇𠺢嗎.	positive_np_predication_core	retain_as_narrow_positive_aa56_evidence	有 + overt indefinite NP + predicate whose argument is that NP	high	The overt 有 introduces an indefinite nominal and the following verbal, adjectival, copular, modal, or locative predicate is predicated of that nominal.	Supports the positive source-linked family only; it does not prove a negative 冇 counterpart or one mandatory predicate subtype.
AA56-R1-092	aa56-68bbf5d43081bad80689	overt_place_domain_control	FC-029_v.cha	224	7	冇	位		哦,最衰你馬會嗰度冇位喇已經.	係啊,我都想啊真係.	嘩,唔使錢啊如果有位.	aa77_overt_place_existential	exclude_from_aa56_and_route_to_aa77	overt place/domain + 有／冇 + nominal	high	The clause contains an overt local place or domain before 有／冇 and asserts existence or absence within that domain.	AA77 owns the overt-place relation; no silent deletion of the place is permitted.
AA56-R1-093	aa56-2a4a8d0219c9d089155f	post_np_locative_coda_control	FC-029_v.cha	242	3	有	架	泊	跟住見到有架車呢泊咗喺度喎.	喀.	喀.	positive_np_predication_core	retain_as_narrow_positive_aa56_evidence	有 + overt indefinite NP + predicate whose argument is that NP	high	The overt 有 introduces an indefinite nominal and the following verbal, adjectival, copular, modal, or locative predicate is predicated of that nominal.	Supports the positive source-linked family only; it does not prove a negative 冇 counterpart or one mandatory predicate subtype.
AA56-R1-094	aa56-fd72d7df24236392af5f	all_initial_indefinite_np_plus_predicate	FC-029_v.cha	399	0	有	架	去	有架van仔就去HongKongU嘅.	喀.	嘩,直接去HongKongU呀?	positive_np_predication_core	retain_as_narrow_positive_aa56_evidence	有 + overt indefinite NP + predicate whose argument is that NP	high	The overt 有 introduces an indefinite nominal and the following verbal, adjectival, copular, modal, or locative predicate is predicated of that nominal.	Supports the positive source-linked family only; it does not prove a negative 冇 counterpart or one mandatory predicate subtype.
AA56-R1-095	aa56-6a771a332940f7b86fe5	all_initial_indefinite_np_plus_predicate	FC-033_v2.cha	13	0	冇	嘢	做	冇嘢做咪養下魚囖.	嘿!養魚,養魚好玩吖嗎.	噉𠻺係啫.	negative_existential_or_availability_complement	separate_negative_existential_or_availability_profile	冇 + nominal + activity/availability complement	high	The clause denies available things, food, work, or analogous nominal material and may license a following activity complement, rather than introducing a participant for predication.	Related existential semantics do not prove identity with positive presentational AA56.
AA56-R1-096	aa56-18c913d05203bd4be1cb	all_initial_indefinite_np_plus_predicate	FC-033_v2.cha	70	0	有	啲	知道	有啲魚呀,成-我知道成幾千蚊一條啊.	好貴𡃉喎啲魚.	而家呀?	bare_existential_or_listing	route_to_bare_existential_or_inventory_profile	有／冇 + nominal, without a locally NP-linked following predicate	high	The row asserts, questions, lists, or denies existence/availability of nominal material, but the mechanically located later predicate is absent, internal to the NP, or belongs to another clause.	Does not satisfy the source-linked AA56 NP-plus-predicate endpoint; positive and negative bare existence require separate typing.
AA56-R1-097	aa56-ea00b41029c5331bf27c	all_initial_indefinite_np_plus_predicate	FC-033_v2.cha	87	0	有	啲	有	有啲水草啊,有啲石啊,噉樣.	你望埋去呢就好舒服嘅.	噉我都好鍾意養魚嘅.	bare_existential_or_listing	route_to_bare_existential_or_inventory_profile	有／冇 + nominal, without a locally NP-linked following predicate	high	The row asserts, questions, lists, or denies existence/availability of nominal material, but the mechanically located later predicate is absent, internal to the NP, or belongs to another clause.	Does not satisfy the source-linked AA56 NP-plus-predicate endpoint; positive and negative bare existence require separate typing.
AA56-R1-098	aa56-7459579374fe21a6471f	overt_place_domain_control	FC-033_v2.cha	97	5	有	缸		我都幾鍾意屋企有缸魚.	其實缸魚都幾好啊.	我養過嗰啲七彩神仙呀.	aa77_overt_place_existential	exclude_from_aa56_and_route_to_aa77	overt place/domain + 有／冇 + nominal	high	The clause contains an overt local place or domain before 有／冇 and asserts existence or absence within that domain.	AA77 owns the overt-place relation; no silent deletion of the place is permitted.
AA56-R1-099	aa56-05a63763bb1d31df4d9f	all_initial_indefinite_np_plus_predicate	FC-033_v2.cha	138	0	有	啲	貪	有啲人啊貪佢夠大條呢.	不過有啲人鍾意𠸏.	但係而家睇睇下呢,都覺得都幾靚𠸏.	partitive_indefinite_subject_not_marker	exclude_from_aa56_marker_evidence	有啲 / 有啲人 as an indefinite determiner or partitive pronoun + predicate	high	Here 有啲 functions as 'some/some of them' and forms the subject nominal itself; the row does not independently establish existential-marker 有 followed by a separate NP.	HKCanCor token boundaries cannot decide grammatical segmentation; these rows are contrastive evidence against a token-only AA56 rule.
AA56-R1-100	aa56-9f9af9c1c60f578e7360	predicate_less_initial_control	FC-033_v2.cha	198	0	有	啲		有啲石啊,嗰啲嘢.	你望埋去咪好似啲山水畫噉囖.	係咩?	bare_existential_or_listing	route_to_bare_existential_or_inventory_profile	有／冇 + nominal, without a locally NP-linked following predicate	high	The row asserts, questions, lists, or denies existence/availability of nominal material, but the mechanically located later predicate is absent, internal to the NP, or belongs to another clause.	Does not satisfy the source-linked AA56 NP-plus-predicate endpoint; positive and negative bare existence require separate typing.
AA56-R1-101	aa56-0d289c73e78af81f5d27	overt_place_domain_control	FC-035_v2.cha	20	10	有	醫院		噉,佢就話咗俾我哋聽邊度有醫院嘞.	問個包租婆喇.	於是乎我就同我個friend一早就去揾哩個醫院喇.	aa77_overt_place_existential	exclude_from_aa56_and_route_to_aa77	overt place/domain + 有／冇 + nominal	high	The clause contains an overt local place or domain before 有／冇 and asserts existence or absence within that domain.	AA77 owns the overt-place relation; no silent deletion of the place is permitted.
AA56-R1-102	aa56-7fb873e23779f6335241	post_np_locative_coda_control	FC-035_v2.cha	27	4	有	兩	話	跟住呢,就有兩個話係佢哋係警察嘅人呢就走埋來囖,噉,於是乎話我哋非法喺度暢錢喎.	噉又唔知點解嗱嗱臨噉呢攞啲錢出來喎.	於是乎又叫我哋即係show一show哩個passports同埋,即係,俾佢哋睇喇.	positive_np_predication_core	retain_as_narrow_positive_aa56_evidence	有 + overt indefinite NP + predicate whose argument is that NP	high	有 introduces a relative-modified indefinite human NP and 走埋來 predicates of the complete NP; later 喺度 material belongs to the following accusation, not this span.	Supports the positive source-linked family only; it does not prove a negative 冇 counterpart or one mandatory predicate subtype.
AA56-R1-103	aa56-ecb0048faf81cc6ce013	inherited_aa77_sibling_anchor	FC-035_v2.cha	34	9	有	啲	可能	雖然覺得怪怪地,但係又冇諗過有啲乜嘢問題吖,所以,即係,可能係噉,佢又俾佢睇吖.	或者嗰陣時,因為捷克嗰陣時我,之前我喺捷克嗰陣時都有類似嘅情況,但係嗰次我哋冇損失.	噉於是乎,因為我覺得嗰條友真係好唔妥吖,所以呢我就即係盯住啲錢,盯得好實喇.	existential_interrogative_or_complement	separate_existential_complement_profile	matrix or embedded existential/wh complement, not a simple asserted participant introduction	high	有啲乜嘢問題 is selected by 諗過 as an embedded existential/wh complement; the mechanically found 可能 belongs to the following discourse, not to the introduced nominal.	May share existential semantics, but question force and embedding must remain overt rather than donated to AA56.
AA56-R1-104	aa56-242900034ed2810f650f	all_initial_indefinite_np_plus_predicate	FC-035_v2.cha	48	0	有	啲	犀利	有啲就,就喺火車度喇,佢哋重犀利,即係點啊?	因為我哋撞到,另外,即係有啲中國人呢,又係有啲同樣嘅事發生,但係就即係不同嘅方法喇.	四個人喺一個車卡入邊,八-即係點樣?	partitive_indefinite_subject_not_marker	exclude_from_aa56_marker_evidence	有啲 / 有啲人 as an indefinite determiner or partitive pronoun + predicate	high	Here 有啲 functions as 'some/some of them' and forms the subject nominal itself; the row does not independently establish existential-marker 有 followed by a separate NP.	HKCanCor token boundaries cannot decide grammatical segmentation; these rows are contrastive evidence against a token-only AA56 rule.
AA56-R1-105	aa56-d7c8c101711b55acaa35	all_initial_indefinite_np_plus_predicate	FC-035_v2.cha	50	0	有	八	望	有八隻眼喇,或者四對眼望住,都可以俾人得手.	四個人喺一個車卡入邊,八-即係點樣?	噉所以我哋-同重要唔見埋啲passports喇,乜嘢機票啊,誒,哩個,歐洲火車証吖.	positive_np_predication_core	retain_as_narrow_positive_aa56_evidence	有 + overt indefinite NP + predicate whose argument is that NP	high	The overt 有 introduces an indefinite nominal and the following verbal, adjectival, copular, modal, or locative predicate is predicated of that nominal.	Supports the positive source-linked family only; it does not prove a negative 冇 counterpart or one mandatory predicate subtype.
AA56-R1-106	aa56-9b57093b8f99d9b20f9d	predicate_less_initial_control	FC-038a_v2.cha	6	0	有	幾多		有幾多位啊而家?	係呀?	幾多位呀?	wh_degree_or_quantity	exclude_as_measure_or_quantity_question	有幾/有幾多 or other measure-question material	high	The matched sequence belongs to degree, quantity, or measure interrogation rather than existential participant introduction.	POS ambiguity around 幾 and classifiers is a mechanical retrieval boundary only.
AA56-R1-107	aa56-d0efc944bcc20dc138fc	all_initial_indefinite_np_plus_predicate	FC-038a_v2.cha	15	0	有	三	報串	有三個人報串.	諗住呢,死死氣噉返屋企喇噉樣喇,冇行喇.	前邊嗰幾個人有啲人唔要喎.	positive_np_predication_core	retain_as_narrow_positive_aa56_evidence	有 + overt indefinite NP + predicate whose argument is that NP	high	The overt 有 introduces an indefinite nominal and the following verbal, adjectival, copular, modal, or locative predicate is predicated of that nominal.	Supports the positive source-linked family only; it does not prove a negative 冇 counterpart or one mandatory predicate subtype.
AA56-R1-108	aa56-0cb04f3ecd8efbec8b8d	all_human_plus_predicate;all_initial_indefinite_np_plus_predicate	FC-038a_v2.cha	37	0	有	人	幫	有人幫你倒垃圾喇.	喀.	嘩.	positive_np_predication_core	retain_as_narrow_positive_aa56_evidence	有 + overt indefinite NP + predicate whose argument is that NP	high	The overt 有 introduces an indefinite nominal and the following verbal, adjectival, copular, modal, or locative predicate is predicated of that nominal.	Supports the positive source-linked family only; it does not prove a negative 冇 counterpart or one mandatory predicate subtype.
AA56-R1-109	aa56-78f0d7420be7e264c020	all_human_plus_predicate;all_initial_indefinite_np_plus_predicate	FC-038a_v2.cha	40	0	有	人	有	有人-有人幫你換床鋪喇.	即係住酒店噉樣.	喀.	repair_or_unusable	exclude_from_productive_evidence	retain overt repair tokens; assign no normalized AA56 span	high	A false start, repetition, truncation, or restart prevents one stable overt construction span from being assigned safely.	The underlying continuation may be grammatical, but repaired corpus material cannot establish the productive boundary by itself.
AA56-R1-110	aa56-8a4c908b798fd21e3d74	all_human_plus_predicate	FC-038a_v2.cha	40	3	有	人	幫	有人-有人幫你換床鋪喇.	即係住酒店噉樣.	喀.	positive_np_predication_core	retain_as_narrow_positive_aa56_evidence	有 + overt indefinite NP + predicate whose argument is that NP	high	The overt 有 introduces an indefinite nominal and the following verbal, adjectival, copular, modal, or locative predicate is predicated of that nominal.	Supports the positive source-linked family only; it does not prove a negative 冇 counterpart or one mandatory predicate subtype.
AA56-R1-111	aa56-bec056ea510360005374	all_human_plus_predicate;all_initial_indefinite_np_plus_predicate	FC-038a_v2.cha	44	0	有	人	幫	有人幫你拖地喇.	喀.	喀,喀,喀.	positive_np_predication_core	retain_as_narrow_positive_aa56_evidence	有 + overt indefinite NP + predicate whose argument is that NP	high	The overt 有 introduces an indefinite nominal and the following verbal, adjectival, copular, modal, or locative predicate is predicated of that nominal.	Supports the positive source-linked family only; it does not prove a negative 冇 counterpart or one mandatory predicate subtype.
AA56-R1-112	aa56-dbc3363dff31093ee91a	post_np_locative_coda_control	FC-038a_v2.cha	89	2	有	朋友	畢業	"""我有朋友""喺美國畢業喎."	真係睇唔出呀?	你覺得贊唔贊成佢去讀postgrad噉啊?	aa55_possession_or_subject_have	exclude_from_aa56_and_route_to_aa55_or_subject_predication	overt subject/possessor + 有／冇 + possessed or associated nominal	high	An overt possessor, experiencer, institution, or affected subject precedes 有／冇, so the nominal is possessed, associated, or predicated of that subject rather than introduced subjectlessly.	Directly contrasts with Lam, Lau, and Lee's subjectless existential-marker analysis.
AA56-R1-113	aa56-254545044b726b39b9ae	all_initial_indefinite_np_plus_predicate	FC-038b_v2.cha	261	0	有	一	見	有一個啊,真係我見到,好似做show噉樣.	唉.	係喇.	ambiguous_boundary	quarantine_pending_independent_evidence	preserve the overt 有／冇 and nominal material without forcing a construction span	medium	有一個 introduces an elided referent followed by 我見到, but the missing head and object relation leave bare existence, relative modification, and discourse repair unresolved.	No hidden subject, predicate, place, or argument may be inserted to resolve the ambiguity.
AA56-R1-114	aa56-998baf6a5de009ac0701	all_human_plus_predicate	FC-042_v.cha	15	6	有	人	好似	會唔會係即係如果有人基督教嗰啲呢,你好似會覺得即係地球就好似宇宙嘅中心噉,上帝就創造咗人類.	唔知呢.	個聖經好似冇提過上帝創造宇宙人.	ambiguous_boundary	quarantine_pending_independent_evidence	preserve the overt 有／冇 and nominal material without forcing a construction span	medium	如果有人基督教嗰啲 is disfluent and omits the relation between 人 and 基督教; an existential, copular, or classifier interpretation cannot be selected safely.	No hidden subject, predicate, place, or argument may be inserted to resolve the ambiguity.
AA56-R1-115	aa56-a085d15581bf714e9240	all_human_plus_predicate	FC-042_v.cha	58	2	有	人	行	即係如果有人行行下街dut2一聲唔見咗.	噉好似真係幾神秘一樣嘢囖.	又唔知去咗邊度.	positive_np_predication_core	retain_as_narrow_positive_aa56_evidence	有 + overt indefinite NP + predicate whose argument is that NP	high	The overt 有 introduces an indefinite nominal and the following verbal, adjectival, copular, modal, or locative predicate is predicated of that nominal.	Supports the positive source-linked family only; it does not prove a negative 冇 counterpart or one mandatory predicate subtype.
AA56-R1-116	aa56-d345bc02668e53bbe507	all_initial_indefinite_np_plus_predicate	FC-042_v.cha	77	0	有	隻	common	有隻好common嘅雪茄形囖.	但係其實原來重有少少唔同嘅形狀𡃉.	即係我成日覺得點飛得起啊?	bare_existential_or_listing	route_to_bare_existential_or_inventory_profile	有／冇 + nominal, without a locally NP-linked following predicate	high	The row asserts, questions, lists, or denies existence/availability of nominal material, but the mechanically located later predicate is absent, internal to the NP, or belongs to another clause.	Does not satisfy the source-linked AA56 NP-plus-predicate endpoint; positive and negative bare existence require separate typing.
AA56-R1-117	aa56-e771ff650a5620728953	all_human_plus_predicate	FC-042_v.cha	84	8	有	人	見	但係,誒,或多或少其實香港都有人話成日見到呢.	幽浮喇,嗰樣嘢喇.	哦,係啊.	layered_place_plus_positive_predication	compose_aa77_place_with_positive_aa56_predication	overt place/domain + [有 + indefinite NP + NP-linked predicate]	high	An overt place or domain scopes over a locally complete participant-introducing positive clause.	The place belongs to AA77-level locative structure and must not be hidden inside the AA56 participant-introduction span.
AA56-R1-118	aa56-152ed829f05eb3df9c9c	all_human_plus_predicate	FC-042_v.cha	98	1	冇	人	知	都冇人知係乜嘢.	好吖.	鬼玩人吖.	negative_human_quantificational_clause	separate_negative_quantificational_sibling	冇人 + predicate ('nobody/no one predicates')	high	冇人 supplies a negative human quantifier or negative existential subject and the following predicate states what no person does or is.	The sources inspected do not establish this as the morphological negative of positive participant-introducing AA56; keep the asymmetry explicit.
AA56-R1-119	aa56-a0d77210a9de5645ad6e	post_np_locative_coda_control	FC-044_v2.cha	164	8	有	朋友	陪	係因為-因為-因為你重有朋友或者親人喺-喺身邊陪住你一齊過-過生日吖嗎或者慶祝嗰隻.	你生日吖嗎.	就死就死嗰啲呢.	aa55_possession_or_subject_have	exclude_from_aa56_and_route_to_aa55_or_subject_predication	overt subject/possessor + 有／冇 + possessed or associated nominal	high	An overt possessor, experiencer, institution, or affected subject precedes 有／冇, so the nominal is possessed, associated, or predicated of that subject rather than introduced subjectlessly.	Directly contrasts with Lam, Lau, and Lee's subjectless existential-marker analysis.
AA56-R1-120	aa56-4f46369d3903a32ab137	all_initial_indefinite_np_plus_predicate	FC-044_v2.cha	299	0	有	班	出來	有班人出來劈友啊.	如果我哋食食下飯突然間,或者行行下街突然間會有一班人衝出來.	銀樂隊嗰啲噉呢.	positive_np_predication_core	retain_as_narrow_positive_aa56_evidence	有 + overt indefinite NP + predicate whose argument is that NP	high	The overt 有 introduces an indefinite nominal and the following verbal, adjectival, copular, modal, or locative predicate is predicated of that nominal.	Supports the positive source-linked family only; it does not prove a negative 冇 counterpart or one mandatory predicate subtype.
AA56-R1-121	aa56-63918e0f9f01aed2f01b	all_human_plus_predicate	FC-044_v2.cha	354	1	有	人	掛住	邊有人掛住你吖?	見-見-見親我都話掛住子陵𡃉.	咪就係喇.	rhetorical_polarity_human	separate_rhetorical_negative_polarity_profile	邊有人 + predicate	high	邊有人掛住你 is a rhetorical question conventionally conveying that nobody misses the addressee, not an assertion that an indefinite person exists.	Question/polarity force reverses the discourse contribution and must remain represented.
AA56-R1-122	aa56-965834629cdbdb7f0e6e	all_human_plus_predicate	FC-044_v2.cha	378	2	冇	人	來	如果噉冇人嘅咪來你度囖.	噉所以就應該就禮拜三或者禮拜四先返嘅.	但係好難講喎.	negative_human_quantificational_clause	separate_negative_quantificational_sibling	冇人 + predicate ('nobody/no one predicates')	high	冇人 supplies a negative human quantifier or negative existential subject and the following predicate states what no person does or is.	The sources inspected do not establish this as the morphological negative of positive participant-introducing AA56; keep the asymmetry explicit.
AA56-R1-123	aa56-d2718845fae199565fc7	all_human_plus_predicate	FC-044_v2.cha	402	15	冇	人	睇	雖然我哩排都有好多戲想睇,但係冇-,苦冇人同我睇囖.	噉但係睇戲又好似即係無聊咗少少即係.	點解啊?	negative_human_quantificational_clause	separate_negative_quantificational_sibling	冇人 + predicate ('nobody/no one predicates')	high	冇人 supplies a negative human quantifier or negative existential subject and the following predicate states what no person does or is.	The sources inspected do not establish this as the morphological negative of positive participant-introducing AA56; keep the asymmetry explicit.
AA56-R1-124	aa56-c226db7574a219f52757	all_human_plus_predicate	FC-045_v2.cha	202	2	有	人	捉	William,有人捉到你喎.	咦,噉樣都俾你影到偷情喎.	偷影到喎.	positive_np_predication_core	retain_as_narrow_positive_aa56_evidence	有 + overt indefinite NP + predicate whose argument is that NP	high	The overt 有 introduces an indefinite nominal and the following verbal, adjectival, copular, modal, or locative predicate is predicated of that nominal.	Supports the positive source-linked family only; it does not prove a negative 冇 counterpart or one mandatory predicate subtype.
AA56-R1-125	aa56-ac30f642f85365670b8d	all_initial_indefinite_np_plus_predicate	FC-046_v2.cha	21	0	有	一	有	有一張-有一張紙可以講晒啲指令都夠𡃉.	對我來講,都係複雜咗少少.	係啊.	repair_or_unusable	exclude_from_productive_evidence	retain overt repair tokens; assign no normalized AA56 span	high	A false start, repetition, truncation, or restart prevents one stable overt construction span from being assigned safely.	The underlying continuation may be grammatical, but repaired corpus material cannot establish the productive boundary by itself.
AA56-R1-126	aa56-84b719f3ca3381a7b110	all_initial_indefinite_np_plus_predicate	FC-046_v2.cha	112	0	有	啲	要	有啲特登要pit3咗佢噉嗰啲呢就部部機有啲唔同嘅.	係啊,有啲要遮住個鏡頭拍一下先𠺢嗎?	噉所以呢,就都要講下嘅.	partitive_indefinite_subject_not_marker	exclude_from_aa56_marker_evidence	有啲 / 有啲人 as an indefinite determiner or partitive pronoun + predicate	high	Here 有啲 functions as 'some/some of them' and forms the subject nominal itself; the row does not independently establish existential-marker 有 followed by a separate NP.	HKCanCor token boundaries cannot decide grammatical segmentation; these rows are contrastive evidence against a token-only AA56 rule.
AA56-R1-127	aa56-7ac5142db04fc33b6cdd	all_initial_indefinite_np_plus_predicate	FC-048_v2.cha	227	0	有	一	有	有一-有一段時間飲-飲黑啡𡃉.	唔係.	點可以哩啲嘢𡃉呢?	temporal_or_conditional_have	exclude_as_temporal_or_conditional_structure	有 + time/event/condition nominal + independent clause	high	The nominal supplies a time, occasion, duration, or condition for the following clause rather than serving as its introduced participant subject.	Do not reinterpret temporal adjunct structure as AA56 merely because a later predicate exists.
AA56-R1-128	aa56-f892e12695b801828c6c	post_np_locative_coda_control	FC-048_v2.cha	305	8	有	三	儲	我就帶三部機去,有三個programme儲咗喺裏邊嘅.	嗰陣時可以嘅.	係咩?	positive_np_predication_core	retain_as_narrow_positive_aa56_evidence	有 + overt indefinite NP + predicate whose argument is that NP	high	有 introduces 三個 programme and 儲咗喺裏邊 predicates their stored result-location; the preceding 我帶三部機去 is a separate clause.	Supports the positive source-linked family only; it does not prove a negative 冇 counterpart or one mandatory predicate subtype.
AA56-R1-129	aa56-9103f6bac645dc5e5502	all_initial_indefinite_np_plus_predicate	FC-049_v2.cha	188	0	冇	嘢	講	冇嘢講咋話?	幾點食飯啊?	係啊.	lexicalized_or_fixed_expression	exclude_or_lexically_quarantine	fixed 有／冇 expression	high	The matched sequence is a conventional modal, reason, discourse, or evaluative expression whose meaning and syntax are not a productive introduced-NP predication.	Requires lexical or construction-specific handling before parser promotion.
AA56-R1-130	aa56-8bbff729b44a0c35c528	all_initial_indefinite_np_plus_predicate	FC-049_v2.cha	190	0	冇	嘢	講	冇嘢講啊,點吖?	係啊.	拉呀?	lexicalized_or_fixed_expression	exclude_or_lexically_quarantine	fixed 有／冇 expression	high	The matched sequence is a conventional modal, reason, discourse, or evaluative expression whose meaning and syntax are not a productive introduced-NP predication.	Requires lexical or construction-specific handling before parser promotion.
AA56-R1-131	aa56-aeda97be13d71646ef02	all_initial_indefinite_np_plus_predicate	FC-052_v2.cha	43	0	有	個	想	有個問題想問一問就係你點樣可以知道,你得到更多嘅資料係有關哩啲音響𡃉呢?	哦.	誒,睇啲音響書囖.	ambiguous_boundary	quarantine_pending_independent_evidence	preserve the overt 有／冇 and nominal material without forcing a construction span	medium	有個問題想問 can mean that the speaker has a question they want to ask; the understood subject of 想問 is not transparently 個問題, so it does not meet the narrow NP-linked-predicate test.	No hidden subject, predicate, place, or argument may be inserted to resolve the ambiguity.
AA56-R1-132	aa56-fd1f1180c938fb57b107	all_initial_indefinite_np_plus_predicate	FC-053_v2.cha	3	0	有	一	上	有一日呢我上上下堂噉有個學生傾偈.	係啊.	噉我呢就,誒,整咗個口罩噉就幫佢戴咗上個口嗰度喇.	temporal_or_conditional_have	exclude_as_temporal_or_conditional_structure	有 + time/event/condition nominal + independent clause	high	The nominal supplies a time, occasion, duration, or condition for the following clause rather than serving as its introduced participant subject.	Do not reinterpret temporal adjunct structure as AA56 merely because a later predicate exists.
AA56-R1-133	aa56-9865fc46485e01070eee	post_np_locative_coda_control	FC-053_v2.cha	82	5	有	份		噉自己都會覺得有份成功感喺度囖.	即係最多都係某一兩個同學特別差,所以唔合格𡃉唧.	嗯-我都係啊.	ambiguous_boundary	quarantine_pending_independent_evidence	preserve the overt 有／冇 and nominal material without forcing a construction span	medium	有份成功感喺度 is an abstract experiential/existential expression under 覺得; possession, state predication, and locative idiom remain possible.	No hidden subject, predicate, place, or argument may be inserted to resolve the ambiguity.
AA56-R1-134	aa56-3afc129ecd2c2e392d9c	all_human_plus_predicate	FC-055_v2.cha	137	2	有	人	操縱	噉可能有人幕後操縱喇.	哦.	我知,我知.	positive_np_predication_core	retain_as_narrow_positive_aa56_evidence	有 + overt indefinite NP + predicate whose argument is that NP	high	The overt 有 introduces an indefinite nominal and the following verbal, adjectival, copular, modal, or locative predicate is predicated of that nominal.	Supports the positive source-linked family only; it does not prove a negative 冇 counterpart or one mandatory predicate subtype.
AA56-R1-135	aa56-37562d021ea2d7342e24	all_initial_indefinite_np_plus_predicate	FC-055_v2.cha	203	0	有	一	睇	有一次我睇報紙呢,話財經,誒,係唔係叫經濟日報,係嘞.	睇多啲報紙咪得囖.	噉𠻺入邊有一個專欄呢,有作家佢就講佢自己呢,攞一萬蚊出來做本金喎.	temporal_or_conditional_have	exclude_as_temporal_or_conditional_structure	有 + time/event/condition nominal + independent clause	high	The nominal supplies a time, occasion, duration, or condition for the following clause rather than serving as its introduced participant subject.	Do not reinterpret temporal adjunct structure as AA56 merely because a later predicate exists.
AA56-R1-136	aa56-14b3a41d8523ce5bc050	all_initial_indefinite_np_plus_predicate	FC-056_v2.cha	70	0	有	好多	買	有好多人買吖而家.	幾抵.	噉而家任天堂嘅情況點啊?	positive_np_predication_core	retain_as_narrow_positive_aa56_evidence	有 + overt indefinite NP + predicate whose argument is that NP	high	The overt 有 introduces an indefinite nominal and the following verbal, adjectival, copular, modal, or locative predicate is predicated of that nominal.	Supports the positive source-linked family only; it does not prove a negative 冇 counterpart or one mandatory predicate subtype.
AA56-R1-137	aa56-54f933dfc9a218af495a	all_initial_indefinite_np_plus_predicate	FC-101_v2.cha	25	0	冇	嘢	講	冇嘢講𡃉喎.	你點同人講啫?	同人傾生意?	lexicalized_or_fixed_expression	exclude_or_lexically_quarantine	fixed 有／冇 expression	high	The matched sequence is a conventional modal, reason, discourse, or evaluative expression whose meaning and syntax are not a productive introduced-NP predication.	Requires lexical or construction-specific handling before parser promotion.
AA56-R1-138	aa56-ea9a23b4f61764c6b99b	all_initial_indefinite_np_plus_predicate	FC-101_v2.cha	92	0	有	啲	有	有啲乜嘢工啊重有?	佢如果請我,我都做啊.	算喇.	existential_interrogative_or_complement	separate_existential_complement_profile	matrix or embedded existential/wh complement, not a simple asserted participant introduction	medium	The 有 phrase is interrogative, free-choice, or selected as a complement of another predicate; its internal nominal-predicate relation is not the ordinary asserted AA56 profile.	May share existential semantics, but question force and embedding must remain overt rather than donated to AA56.
AA56-R1-139	aa56-b5a94e6b0e6efbf5ecd6	all_initial_indefinite_np_plus_predicate	FC-105_v2.cha	81	0	有	啲	捐血	有啲人捐血越捐越健康𡃉.	點會啊?	即係好似你頭髮噉.	partitive_indefinite_subject_not_marker	exclude_from_aa56_marker_evidence	有啲 / 有啲人 as an indefinite determiner or partitive pronoun + predicate	high	Here 有啲 functions as 'some/some of them' and forms the subject nominal itself; the row does not independently establish existential-marker 有 followed by a separate NP.	HKCanCor token boundaries cannot decide grammatical segmentation; these rows are contrastive evidence against a token-only AA56 rule.
AA56-R1-140	aa56-fae06715dfd69e04716b	all_initial_indefinite_np_plus_predicate	FC-105_v2.cha	370	0	有	一	揾	有一批人揾唔到工囖.	即係我覺得相信其實,講真揾唔到工哩啲嘢,都係即係-一-係-點講啊?	其實我覺得有好多人揾工都重係一件好容易嘅事來嘅我覺得.	positive_np_predication_core	retain_as_narrow_positive_aa56_evidence	有 + overt indefinite NP + predicate whose argument is that NP	high	The overt 有 introduces an indefinite nominal and the following verbal, adjectival, copular, modal, or locative predicate is predicated of that nominal.	Supports the positive source-linked family only; it does not prove a negative 冇 counterpart or one mandatory predicate subtype.
AA56-R1-141	aa56-9fb3453d609f2c2929e1	all_human_plus_predicate;all_initial_indefinite_np_plus_predicate	FC-107_v2.cha	66	0	冇	人	講	冇人同你講嘢.	有乜嘢辦法啊.	"坐喺度""呆鏟症""啊直情."	negative_human_quantificational_clause	separate_negative_quantificational_sibling	冇人 + predicate ('nobody/no one predicates')	high	冇人 supplies a negative human quantifier or negative existential subject and the following predicate states what no person does or is.	The sources inspected do not establish this as the morphological negative of positive participant-introducing AA56; keep the asymmetry explicit.
AA56-R1-142	aa56-7c34cb5ce6ac2db51ba9	all_human_plus_predicate	FC-107_v2.cha	151	1	冇	人	整	又冇人整𡃉喎.	跟住呢啲影印機全部壞晒.	噉咪係囖.	negative_human_quantificational_clause	separate_negative_quantificational_sibling	冇人 + predicate ('nobody/no one predicates')	high	冇人 supplies a negative human quantifier or negative existential subject and the following predicate states what no person does or is.	The sources inspected do not establish this as the morphological negative of positive participant-introducing AA56; keep the asymmetry explicit.
AA56-R1-143	aa56-fc2e9dbebb864ab0af23	all_human_plus_predicate	FC-107_v2.cha	157	7	冇	人	整	我都係噉話,又冇人整喎,唉,真係廢𡃉,簡直.	不過,不過,唔知啊,一層-一層有三部影印機通常都壞咗有兩部𡃉嚹.	不過讀得哩度,跟住呃咗你呢,幾萬蚊學費呢,跟住一啲facilities都冇呢.	negative_human_quantificational_clause	separate_negative_quantificational_sibling	冇人 + predicate ('nobody/no one predicates')	high	冇人 supplies a negative human quantifier or negative existential subject and the following predicate states what no person does or is.	The sources inspected do not establish this as the morphological negative of positive participant-introducing AA56; keep the asymmetry explicit.
AA56-R1-144	aa56-2d7ee69f6d087e11d293	all_human_plus_predicate	FC-107_v2.cha	280	11	冇	人	要	唓,噉但係個女生得核突都係冇人要𡃉喎.	唔使個女做.	噉但係冇辦法啊,同埋我控制唔到喎哩樣嘢.	negative_human_quantificational_clause	separate_negative_quantificational_sibling	冇人 + predicate ('nobody/no one predicates')	high	冇人 supplies a negative human quantifier or negative existential subject and the following predicate states what no person does or is.	The sources inspected do not establish this as the morphological negative of positive participant-introducing AA56; keep the asymmetry explicit.
AA56-R1-145	aa56-19b3b127c9d2cf035a0a	all_initial_indefinite_np_plus_predicate	FC-108a_v2.cha	349	0	有	個	殘	有個CP即刻殘咗喎.	好辛苦啊嗰陣時真係,頂唔順啊真係,遲早毀滅啊.	係喇.	positive_np_predication_core	retain_as_narrow_positive_aa56_evidence	有 + overt indefinite NP + predicate whose argument is that NP	high	The overt 有 introduces an indefinite nominal and the following verbal, adjectival, copular, modal, or locative predicate is predicated of that nominal.	Supports the positive source-linked family only; it does not prove a negative 冇 counterpart or one mandatory predicate subtype.
AA56-R1-146	aa56-9c7db64f3d04dd006ded	all_human_plus_predicate;all_initial_indefinite_np_plus_predicate	FC-108c_v2.cha	115	0	有	人	聽	有人八十幾分啊,我聽隔離group講.	係啊.	哦.	ambiguous_boundary	quarantine_pending_independent_evidence	preserve the overt 有／冇 and nominal material without forcing a construction span	medium	有人八十幾分 lacks a locally overt verbal or adjectival predicate; 聽 occurs after a clause break, leaving measure predication or omitted 有 unresolved.	No hidden subject, predicate, place, or argument may be inserted to resolve the ambiguity.
AA56-R1-147	aa56-496668f50ec4b3845176	all_initial_indefinite_np_plus_predicate	FC-108c_v2.cha	199	0	有	一	係	有一個呢就係因為大部份嗰啲friend都考𡁵試,所以就冇人-冇人得閒同佢慶祝囖.	嗯.	噉咪好可憐囖?	bare_existential_or_listing	route_to_bare_existential_or_inventory_profile	有／冇 + nominal, without a locally NP-linked following predicate	high	The row asserts, questions, lists, or denies existence/availability of nominal material, but the mechanically located later predicate is absent, internal to the NP, or belongs to another clause.	Does not satisfy the source-linked AA56 NP-plus-predicate endpoint; positive and negative bare existence require separate typing.
AA56-R1-148	aa56-c7f926511598c12a0ed0	all_human_plus_predicate	FC-108c_v2.cha	199	18	冇	人	冇	有一個呢就係因為大部份嗰啲friend都考𡁵試,所以就冇人-冇人得閒同佢慶祝囖.	嗯.	噉咪好可憐囖?	repair_or_unusable	exclude_from_productive_evidence	retain overt repair tokens; assign no normalized AA56 span	high	A false start, repetition, truncation, or restart prevents one stable overt construction span from being assigned safely.	The underlying continuation may be grammatical, but repaired corpus material cannot establish the productive boundary by itself.
AA56-R1-149	aa56-2fc6fca88bcc90822335	all_human_plus_predicate	FC-108c_v2.cha	199	21	冇	人	得閒	有一個呢就係因為大部份嗰啲friend都考𡁵試,所以就冇人-冇人得閒同佢慶祝囖.	嗯.	噉咪好可憐囖?	negative_human_quantificational_clause	separate_negative_quantificational_sibling	冇人 + predicate ('nobody/no one predicates')	high	冇人 supplies a negative human quantifier or negative existential subject and the following predicate states what no person does or is.	The sources inspected do not establish this as the morphological negative of positive participant-introducing AA56; keep the asymmetry explicit.
AA56-R1-150	aa56-03b483052643bfb6e68f	all_human_plus_predicate	FC-108c_v2.cha	327	15	有	人	勁	你-你-,你唔-即係你唔勁過人或者有人更唔勁過你嘅啫,係唔係?	真係.	係唔係?	positive_np_predication_core	retain_as_narrow_positive_aa56_evidence	有 + overt indefinite NP + predicate whose argument is that NP	high	The overt 有 introduces an indefinite nominal and the following verbal, adjectival, copular, modal, or locative predicate is predicated of that nominal.	Supports the positive source-linked family only; it does not prove a negative 冇 counterpart or one mandatory predicate subtype.
AA56-R1-151	aa56-a2217fabe41f56130e2f	all_human_plus_predicate	FC-108d_v2.cha	27	8	冇	人	去	你-你哋噉你哋冇-咪冇人去囖.	傻咗啊你?	冇啊.	repair_or_unusable	exclude_from_productive_evidence	retain overt repair tokens; assign no normalized AA56 span	high	A false start, repetition, truncation, or restart prevents one stable overt construction span from being assigned safely.	The underlying continuation may be grammatical, but repaired corpus material cannot establish the productive boundary by itself.
AA56-R1-152	aa56-ff5c78b8401fc5a9c044	all_initial_indefinite_np_plus_predicate	FC-109a_v2.cha	61	0	有	啲	可能	有啲人可能覺得,佢嗰個偶像好值得,即係好值得佢去使好多錢買佢啲碟嘅話,噉佢都會買返正版𠸏.	不過我覺得其實每個人觀點角度都唔同𠸏,即係有啲人覺得,邊一樣嘢值得囖.	嗯.	partitive_indefinite_subject_not_marker	exclude_from_aa56_marker_evidence	有啲 / 有啲人 as an indefinite determiner or partitive pronoun + predicate	high	Here 有啲 functions as 'some/some of them' and forms the subject nominal itself; the row does not independently establish existential-marker 有 followed by a separate NP.	HKCanCor token boundaries cannot decide grammatical segmentation; these rows are contrastive evidence against a token-only AA56 rule.
AA56-R1-153	aa56-ad32a436b822f5bda57b	all_initial_indefinite_np_plus_predicate	FC-109a_v2.cha	88	0	有	啲	夠	有啲都未必夠-未必夠十五歲啊,噉佢哋做埋part-time,噉佢哋譬如佢哋就算有得做part-time都係麥當勞啊,啲幾蚊一個鐘啊嗰啲噉啊都唔夠賺埋賺埋都唔夠佢買一個袋喇.	嘩!咁細個根本就唔需要咁-點做part-time啊?	噉𠻺係.	partitive_indefinite_subject_not_marker	exclude_from_aa56_marker_evidence	有啲 / 有啲人 as an indefinite determiner or partitive pronoun + predicate	high	Here 有啲 functions as 'some/some of them' and forms the subject nominal itself; the row does not independently establish existential-marker 有 followed by a separate NP.	HKCanCor token boundaries cannot decide grammatical segmentation; these rows are contrastive evidence against a token-only AA56 rule.
AA56-R1-154	aa56-cd0366a6a6bc2d43b84b	all_initial_indefinite_np_plus_predicate	FC-109a_v2.cha	123	0	有	啲	為	有啲人真係純粹為錢.	唔係一定下下爭錢喎我覺得.	"啊!早排呢,咪""城市追擊""嗰度咪有個大陸嗰個人,嗰個人落來呢,寫信去啲有錢佬度啊,有冇睇啊?"	partitive_indefinite_subject_not_marker	exclude_from_aa56_marker_evidence	有啲 / 有啲人 as an indefinite determiner or partitive pronoun + predicate	high	Here 有啲 functions as 'some/some of them' and forms the subject nominal itself; the row does not independently establish existential-marker 有 followed by a separate NP.	HKCanCor token boundaries cannot decide grammatical segmentation; these rows are contrastive evidence against a token-only AA56 rule.
AA56-R1-155	aa56-fc7a8880dfda5122fb80	all_initial_indefinite_np_plus_predicate	FC-109a_v2.cha	151	0	有	啲	可能	有啲人真係可能中-中一開始真係唔鍾意讀書.	亦都唔可以用,即係讀書嗰個讀書嘅成績來定佢嘅成就.	你逼佢夾硬讀埋中三呢,但係佢過多幾年真係,即係讀書都要講啲天份𠺢嗎,同埋自己肯唔肯去讀𠺢嗎.	partitive_indefinite_subject_not_marker	exclude_from_aa56_marker_evidence	有啲 / 有啲人 as an indefinite determiner or partitive pronoun + predicate	high	Here 有啲 functions as 'some/some of them' and forms the subject nominal itself; the row does not independently establish existential-marker 有 followed by a separate NP.	HKCanCor token boundaries cannot decide grammatical segmentation; these rows are contrastive evidence against a token-only AA56 rule.
AA56-R1-156	aa56-f0d000436def6bd2a4d3	all_human_plus_predicate	FC-R002b_v2.cha	19	4	有	人	跳	佢一開場就有人喺度跳艷舞,其實全部都見唔到嗰啲艷舞係點樣𡃉喎.	噉呢,成套戲都係𡃉喎.	佢哋排練就排咗一陣呢,就停𡃉嚹.	positive_np_predication_core	retain_as_narrow_positive_aa56_evidence	有 + overt indefinite NP + predicate whose argument is that NP	high	The overt 有 introduces an indefinite nominal and the following verbal, adjectival, copular, modal, or locative predicate is predicated of that nominal.	Supports the positive source-linked family only; it does not prove a negative 冇 counterpart or one mandatory predicate subtype.
AA56-R1-157	aa56-640698a5b19b030954b8	all_human_plus_predicate	FC-R002b_v2.cha	122	1	冇	人	知	即係冇人知𡃉.	另外沿途大家都驚,有心理障礙,因為佢諗住去好遠跳𡃉.	吖到後來原來好多人知.	negative_human_quantificational_clause	separate_negative_quantificational_sibling	冇人 + predicate ('nobody/no one predicates')	high	冇人 supplies a negative human quantifier or negative existential subject and the following predicate states what no person does or is.	The sources inspected do not establish this as the morphological negative of positive participant-introducing AA56; keep the asymmetry explicit.
AA56-R1-158	aa56-b366a358cc986b3ac111	all_initial_indefinite_np_plus_predicate	FC-R003_v2.cha	38	0	有	啲	係	有啲門市啊,噉嗰啲都係受到影響啊.	嗯.	係.	partitive_indefinite_subject_not_marker	exclude_from_aa56_marker_evidence	有啲 / 有啲人 as an indefinite determiner or partitive pronoun + predicate	high	Here 有啲 functions as 'some/some of them' and forms the subject nominal itself; the row does not independently establish existential-marker 有 followed by a separate NP.	HKCanCor token boundaries cannot decide grammatical segmentation; these rows are contrastive evidence against a token-only AA56 rule.
AA56-R1-159	aa56-f1f1901a007f11cd1a84	all_initial_indefinite_np_plus_predicate	FC-R003_v2.cha	66	0	有	啲	係	有啲即係精品來𡃉噉樣啊.	佢嗰陣時養好多𡃉.	啲鸚鵡啊,了哥嗰啲噉樣,喀.	partitive_indefinite_subject_not_marker	exclude_from_aa56_marker_evidence	有啲 / 有啲人 as an indefinite determiner or partitive pronoun + predicate	high	Here 有啲 functions as 'some/some of them' and forms the subject nominal itself; the row does not independently establish existential-marker 有 followed by a separate NP.	HKCanCor token boundaries cannot decide grammatical segmentation; these rows are contrastive evidence against a token-only AA56 rule.
AA56-R1-160	aa56-51b64eb35cec9a8b0996	all_human_plus_predicate	FC-R004_v2.cha	33	10	有	人	行入	你一路fast-forward呢,你都見唔到有人行入過來𡃉嚹.	廿四小時有錄影帶.	以為係定格.	positive_np_predication_core	retain_as_narrow_positive_aa56_evidence	有 + overt indefinite NP + predicate whose argument is that NP	high	The overt 有 introduces an indefinite nominal and the following verbal, adjectival, copular, modal, or locative predicate is predicated of that nominal.	Supports the positive source-linked family only; it does not prove a negative 冇 counterpart or one mandatory predicate subtype.
AA56-R1-161	aa56-fc196742b1a72a2a8168	all_human_plus_predicate	FC-R004_v2.cha	40	1	冇	人	行	就冇人行嘅噉樣.	反覆擰頭.	噉𠻺另一招呢,都係都幾work𡃉.	negative_human_quantificational_clause	separate_negative_quantificational_sibling	冇人 + predicate ('nobody/no one predicates')	high	冇人 supplies a negative human quantifier or negative existential subject and the following predicate states what no person does or is.	The sources inspected do not establish this as the morphological negative of positive participant-introducing AA56; keep the asymmetry explicit.
AA56-R1-162	aa56-b767ab03a67befc1706e	all_human_plus_predicate	FC-R004_v2.cha	72	17	有	人	封舖	噉另外有啲呢,就即係已經開-即係預計到來有人封舖嘅時候呢,佢連貨都唔要啊.	閂埋佢噉樣.	棄舖潛逃啊.	positive_np_predication_core	retain_as_narrow_positive_aa56_evidence	有 + overt indefinite NP + predicate whose argument is that NP	high	The overt 有 introduces an indefinite nominal and the following verbal, adjectival, copular, modal, or locative predicate is predicated of that nominal.	Supports the positive source-linked family only; it does not prove a negative 冇 counterpart or one mandatory predicate subtype.
AA56-R1-163	aa56-62725509b22859ce0db9	all_initial_indefinite_np_plus_predicate	FC-R004_v2.cha	128	0	有	啲	細	有啲細啲呢,即係不停噉收信啊.	業主即係除咗有好多人示威之外呢,即係嗰啲大鑊喇.	據佢哋講呢就話呢,收到信呢,就大同小異嘅內容喇,同埋標點符號都一樣𡃉,基本上.	partitive_indefinite_subject_not_marker	exclude_from_aa56_marker_evidence	有啲 / 有啲人 as an indefinite determiner or partitive pronoun + predicate	high	Here 有啲 functions as 'some/some of them' and forms the subject nominal itself; the row does not independently establish existential-marker 有 followed by a separate NP.	HKCanCor token boundaries cannot decide grammatical segmentation; these rows are contrastive evidence against a token-only AA56 rule.
AA56-R1-164	aa56-b795e7128b15aaeabdff	all_human_plus_predicate	FC-R004_v2.cha	144	6	有	人	係	即係好難重係有人即係如果你話即係除非做-唔知做啲乜嘢生意啊,係唔係?	又係冇用,噉講啊真係.	噉其實個吉舖一個,噉你租俾人,你一係就話泊車𡃉啫.	ambiguous_boundary	quarantine_pending_independent_evidence	preserve the overt 有／冇 and nominal material without forcing a construction span	low	The heavily disfluent sequence around 重係有人 and the following hypothetical does not expose a stable NP-linked predicate.	No hidden subject, predicate, place, or argument may be inserted to resolve the ambiguity.
AA56-R1-165	aa56-6b23e32d6bd096333084	all_human_plus_predicate	FC-R004_v2.cha	208	8	冇	人	租	黏一頭半個月又係冇人租噉日日蝕.	噉你揸住個吉舖喺度又係黏紙.	亦都冇人負擔得起.	negative_human_quantificational_clause	separate_negative_quantificational_sibling	冇人 + predicate ('nobody/no one predicates')	high	冇人 supplies a negative human quantifier or negative existential subject and the following predicate states what no person does or is.	The sources inspected do not establish this as the morphological negative of positive participant-introducing AA56; keep the asymmetry explicit.
AA56-R1-166	aa56-1b8b95e9b50e0be91974	all_human_plus_predicate	FC-R004_v2.cha	209	1	冇	人	負擔	亦都冇人負擔得起.	黏一頭半個月又係冇人租噉日日蝕.	邊敢搞啊?	negative_human_quantificational_clause	separate_negative_quantificational_sibling	冇人 + predicate ('nobody/no one predicates')	high	冇人 supplies a negative human quantifier or negative existential subject and the following predicate states what no person does or is.	The sources inspected do not establish this as the morphological negative of positive participant-introducing AA56; keep the asymmetry explicit.
AA56-R1-167	aa56-1245f524a0dd5ed6ed69	all_human_plus_predicate	FC-R005_v2.cha	66	1	有	人	提出	其實有人提出.	佢哋有講過𡃉.	有講𡃉其實.	positive_np_predication_core	retain_as_narrow_positive_aa56_evidence	有 + overt indefinite NP + predicate whose argument is that NP	high	The overt 有 introduces an indefinite nominal and the following verbal, adjectival, copular, modal, or locative predicate is predicated of that nominal.	Supports the positive source-linked family only; it does not prove a negative 冇 counterpart or one mandatory predicate subtype.
AA56-R1-168	aa56-37e5334348454a9b0de0	all_human_plus_predicate;all_initial_indefinite_np_plus_predicate	FC-R005_v2.cha	189	0	有	人	分擔	有人分擔埋真係好啊真係.	係嘞.	好啊.	positive_np_predication_core	retain_as_narrow_positive_aa56_evidence	有 + overt indefinite NP + predicate whose argument is that NP	high	The overt 有 introduces an indefinite nominal and the following verbal, adjectival, copular, modal, or locative predicate is predicated of that nominal.	Supports the positive source-linked family only; it does not prove a negative 冇 counterpart or one mandatory predicate subtype.
AA56-R1-169	aa56-748ab6bfa4e7b83a5960	all_initial_indefinite_np_plus_predicate	FC-R005_v2.cha	191	0	有	個	大單	有個大單啊.	好啊.	有個大單真係冇得頂啊.	bare_existential_or_listing	route_to_bare_existential_or_inventory_profile	有／冇 + nominal, without a locally NP-linked following predicate	high	The row asserts, questions, lists, or denies existence/availability of nominal material, but the mechanically located later predicate is absent, internal to the NP, or belongs to another clause.	Does not satisfy the source-linked AA56 NP-plus-predicate endpoint; positive and negative bare existence require separate typing.
AA56-R1-170	aa56-6d8cf5820b30ec6b4a3b	all_initial_indefinite_np_plus_predicate	FC-R005_v2.cha	192	0	有	個	大單	有個大單真係冇得頂啊.	有個大單啊.		positive_np_predication_core	retain_as_narrow_positive_aa56_evidence	有 + overt indefinite NP + predicate whose argument is that NP	high	有 introduces 個大單 and 真係冇得頂 supplies an evaluative predicate of that nominal; the lexicalized predicate remains separately typed.	Supports the positive source-linked family only; it does not prove a negative 冇 counterpart or one mandatory predicate subtype.
AA56-R1-171	aa56-c85c6ec1ca4bd33706a9	all_human_plus_predicate	FC-R006_v2.cha	53	3	有	人	剁	我真係信有人啊,剁出來𠺢嗎嗰舊嘢.	因為地下真係有塊噉嘅嘢喺度啊.	似啊.	ambiguous_boundary	quarantine_pending_independent_evidence	preserve the overt 有／冇 and nominal material without forcing a construction span	low	信有人 treats 有人 as a possible complement of 信, while 剁出來 follows after hesitation and may predicate of a different referent; the structure is not recoverable securely.	No hidden subject, predicate, place, or argument may be inserted to resolve the ambiguity.
AA56-R1-172	aa56-4a33bd2f04fcd17ca3cb	all_human_plus_predicate	FC-R009_v.cha	19	3	冇	人	信	就講都冇人信.	唔係,以後我哋唔歡迎你.	如果係發生噉樣嘅事喺黎明身上呢,好大影響𠺢嗎.	negative_human_quantificational_clause	separate_negative_quantificational_sibling	冇人 + predicate ('nobody/no one predicates')	high	冇人 supplies a negative human quantifier or negative existential subject and the following predicate states what no person does or is.	The sources inspected do not establish this as the morphological negative of positive participant-introducing AA56; keep the asymmetry explicit.
AA56-R1-173	aa56-e1dcf12c79d6d4a38946	all_human_plus_predicate	FC-R010a_v.cha	12	18	有	人	認	如果計人口比例呢,我覺得香港真係即係認咗第二,都幾難有人認第一嚹.	就唔係計人口比例.	香港幾部𡃉,香港人.	positive_np_predication_core	retain_as_narrow_positive_aa56_evidence	有 + overt indefinite NP + predicate whose argument is that NP	high	The overt 有 introduces an indefinite nominal and the following verbal, adjectival, copular, modal, or locative predicate is predicated of that nominal.	Supports the positive source-linked family only; it does not prove a negative 冇 counterpart or one mandatory predicate subtype.
AA56-R1-174	aa56-decf809719379e88bfc4	all_initial_indefinite_np_plus_predicate	FC-R011_v.cha	0	0	有	一	叫	有一單官司真係叫審死官啊.		噉呢就有個,誒,阿嬸吖,喀,就都其實都應該叫婆婆𡃉嚹,就八十歲𡃉嚹.	positive_np_predication_core	retain_as_narrow_positive_aa56_evidence	有 + overt indefinite NP + predicate whose argument is that NP	high	The overt 有 introduces an indefinite nominal and the following verbal, adjectival, copular, modal, or locative predicate is predicated of that nominal.	Supports the positive source-linked family only; it does not prove a negative 冇 counterpart or one mandatory predicate subtype.
AA56-R1-175	aa56-7edc4856f034d04b96cb	all_initial_indefinite_np_plus_predicate	FC-R013a_v.cha	13	0	有	一	開心	有一班好開心嘅人一齊做嘢.	即係喺嗰段時間,同埋係有一班人好開心囖.	噉其實嗰班好開心嘅人一路做到而家𡃉其實.	positive_np_predication_core	retain_as_narrow_positive_aa56_evidence	有 + overt indefinite NP + predicate whose argument is that NP	high	The overt 有 introduces an indefinite nominal and the following verbal, adjectival, copular, modal, or locative predicate is predicated of that nominal.	Supports the positive source-linked family only; it does not prove a negative 冇 counterpart or one mandatory predicate subtype.
AA56-R1-176	aa56-28485786e476b139e4dc	all_human_plus_predicate	FC-R013a_v.cha	271	8	冇	人	做	但係我覺得係我哋而家sofar冇人做過一啲乜嘢節目.	我想做啊其實.	"你覺得,""係嚹!即係嗰個係我個夢想."	negative_human_quantificational_clause	separate_negative_quantificational_sibling	冇人 + predicate ('nobody/no one predicates')	high	冇人 supplies a negative human quantifier or negative existential subject and the following predicate states what no person does or is.	The sources inspected do not establish this as the morphological negative of positive participant-introducing AA56; keep the asymmetry explicit.
AA56-R1-177	aa56-84c74d46e6dc77790ac8	all_initial_indefinite_np_plus_predicate	FC-R013b_v.cha	219	0	有	個	大	有個好大嘅-嘅建築物.	不過問題佢即係當佢行出來,大家着晒西裝,好靚仔噉樣.	好宏偉噉.	bare_existential_or_listing	route_to_bare_existential_or_inventory_profile	有／冇 + nominal, without a locally NP-linked following predicate	high	The row asserts, questions, lists, or denies existence/availability of nominal material, but the mechanically located later predicate is absent, internal to the NP, or belongs to another clause.	Does not satisfy the source-linked AA56 NP-plus-predicate endpoint; positive and negative bare existence require separate typing.
AA56-R1-178	aa56-406457199a314d86198f	all_initial_indefinite_np_plus_predicate	FC-R017_v.cha	228	0	有	好多	會	有好多人呢,就會覺得突然之間冇咗一個安全感啊.	係.	嗯.	positive_np_predication_core	retain_as_narrow_positive_aa56_evidence	有 + overt indefinite NP + predicate whose argument is that NP	high	The overt 有 introduces an indefinite nominal and the following verbal, adjectival, copular, modal, or locative predicate is predicated of that nominal.	Supports the positive source-linked family only; it does not prove a negative 冇 counterpart or one mandatory predicate subtype.
AA56-R1-179	aa56-9b5e478227f11df8dd1d	all_initial_indefinite_np_plus_predicate	FC-R017_v.cha	370	0	有	兩	係	有兩個你嘅即係手下係平過你,加埋就已經做到你嘅嘢.	嗯.	噉你嘅競爭力就已經唔夠佢嘞.	positive_np_predication_core	retain_as_narrow_positive_aa56_evidence	有 + overt indefinite NP + predicate whose argument is that NP	high	The overt 有 introduces an indefinite nominal and the following verbal, adjectival, copular, modal, or locative predicate is predicated of that nominal.	Supports the positive source-linked family only; it does not prove a negative 冇 counterpart or one mandatory predicate subtype.
