id	ordinal	section	subsection	item_type	register	source_display	source_jyutping	source_english	source_morpheme_gloss	source_hash	normalized_cantonese	duplicate_status	ingress_classification	duplicate_candidate_paths	source_discrepancies_json	review_state
GLOSSIKA-YUEHK-A1-W15-20260628-I001	1	functional_language	respond_to_thanks	sentence	casual	唔使客氣。	M4 sai2 haak3 hei3.	You're welcome.	not-need polite	sha256:9917f3f76ca410b28f10265dd2e9d9fbc3e44c0e9b45fb438e7339fc8ae358d1	唔使客氣	no_mechanical_match	new_attestation		[]	REQUIRES_EXPERT_CONTEXT_REVIEW
GLOSSIKA-YUEHK-A1-W15-20260628-I002	2	functional_language	respond_to_thanks	sentence	casual	冇嘢。	Mou5 je5.	It's nothing.	not-have thing	sha256:87cb5cdac6a71c3cd2c04f1505d2ef89852d66adad9c3b69b230ed8d4b5ae631	冇嘢	mechanical_normalized_candidate	duplicate_candidate	archive/migration-phase5-retired-test-workflow/test-data/regression-snapshots.json|archive/registry-pre-obsidian-v0.5.184/full-construction-registry.json|archive/research-history/docs/research/CP021B-R9-SOURCE-SEARCH-LOG.tsv|archive/research-history/docs/research/EVALUATION-PACKET-BLUEPRINTS-CP021B-R36.json|archive/research-history/docs/research/PARSER-CONSTRUCTION-SOURCE-MATRIX-CP021B-R10.tsv|archive/research-history/docs/research/PARSER-CONSTRUCTION-SOURCE-MATRIX-CP021B-R11.tsv|archive/research-history/docs/research/PARSER-CONSTRUCTION-SOURCE-MATRIX-CP021B-R12.tsv|archive/research-history/docs/research/PARSER-CONSTRUCTION-SOURCE-MATRIX-CP021B-R13.tsv|archive/research-history/docs/research/PARSER-CONSTRUCTION-SOURCE-MATRIX-CP021B-R14.tsv|archive/research-history/docs/research/PARSER-CONSTRUCTION-SOURCE-MATRIX-CP021B-R15.tsv|archive/research-history/docs/research/PARSER-CONSTRUCTION-SOURCE-MATRIX-CP021B-R16.tsv|archive/research-history/docs/research/PARSER-CONSTRUCTION-SOURCE-MATRIX-CP021B-R17.tsv|archive/research-history/docs/research/PARSER-CONSTRUCTION-SOURCE-MATRIX-CP021B-R18.tsv|archive/research-history/docs/research/PARSER-CONSTRUCTION-SOURCE-MATRIX-CP021B-R19.tsv|archive/research-history/docs/research/PARSER-CONSTRUCTION-SOURCE-MATRIX-CP021B-R20.tsv|archive/research-history/docs/research/PARSER-CONSTRUCTION-SOURCE-MATRIX-CP021B-R21.tsv|archive/research-history/docs/research/PARSER-CONSTRUCTION-SOURCE-MATRIX-CP021B-R22.tsv|archive/research-history/docs/research/PARSER-CONSTRUCTION-SOURCE-MATRIX-CP021B-R23.tsv|archive/research-history/docs/research/PARSER-CONSTRUCTION-SOURCE-MATRIX-CP021B-R24.tsv|archive/research-history/docs/research/PARSER-CONSTRUCTION-SOURCE-MATRIX-CP021B-R25.tsv|archive/research-history/docs/research/PARSER-CONSTRUCTION-SOURCE-MATRIX-CP021B-R26.tsv|archive/research-history/docs/research/PARSER-CONSTRUCTION-SOURCE-MATRIX-CP021B-R27.tsv|archive/research-history/docs/research/PARSER-CONSTRUCTION-SOURCE-MATRIX-CP021B-R28.tsv|archive/research-history/docs/research/PARSER-CONSTRUCTION-SOURCE-MATRIX-CP021B-R29.tsv|archive/research-history/docs/research/PARSER-CONSTRUCTION-SOURCE-MATRIX-CP021B-R30.tsv|archive/research-history/docs/research/PARSER-CONSTRUCTION-SOURCE-MATRIX-CP021B-R31.tsv|archive/research-history/docs/research/PARSER-CONSTRUCTION-SOURCE-MATRIX-CP021B-R32.tsv|archive/research-history/docs/research/PARSER-CONSTRUCTION-SOURCE-MATRIX-CP021B-R33.tsv|archive/research-history/docs/research/PARSER-CONSTRUCTION-SOURCE-MATRIX-CP021B-R34.tsv|archive/research-history/docs/research/PARSER-CONSTRUCTION-SOURCE-MATRIX-CP021B-R35.tsv|archive/research-history/docs/research/PARSER-CONSTRUCTION-SOURCE-MATRIX-CP021B-R36.tsv|archive/research-history/docs/research/PARSER-CONSTRUCTION-SOURCE-MATRIX-CP021B-R9-ADDITIONS.tsv|archive/research-history/docs/research/PARSER-CONSTRUCTION-SOURCE-MATRIX-CP021B-R9.tsv|archive/test-data-history/cp021b-lx1-construction-freeze-baseline-v0.5.175.json|data/natural-corpus/wechat-father-daughter-001.txt|docs/research/EVALUATION-PACKET-BLUEPRINTS-CP021B-R37.json|docs/research/EXISTENTIAL-POSSESSIVE-AVAILABILITY-SOURCE-MAP-CP021B-R9.md|docs/research/GLOSSIKA-WEEK16-LEXICON-PROVENANCE.md|docs/research/PARSER-CONSTRUCTION-CANONICAL-CONSOLIDATION-MATRIX-CP021B-R35.tsv|docs/research/PARSER-CONSTRUCTION-SOURCE-MATRIX-CP021B-R37.tsv|external-evidence/aa07-hkcancor/hkcancor-aa07-ge-nominal-head-candidate-inventory.tsv|external-evidence/aa30-hkcancor/hkcancor-aa30-tung-tungmaai-candidate-inventory.json|external-evidence/aa30-hkcancor/hkcancor-aa30-tung-tungmaai-candidate-inventory.tsv|external-evidence/aa62-hkcancor/hkcancor-aa62-v-gwo-candidate-inventory.json|external-evidence/aa62-hkcancor/hkcancor-aa62-v-gwo-candidate-inventory.tsv|external-evidence/aa76-hkcancor/hkcancor-aa76-bei-give-candidate-inventory.json|external-evidence/aa76-hkcancor/hkcancor-aa76-bei-give-candidate-inventory.tsv|external-evidence/aa77-hkcancor/hkcancor-aa77-jau-mou-candidate-inventory.tsv|external-evidence/aa89-hkcancor/hkcancor-aa89-modal-lexeme-candidate-inventory.tsv|external-evidence/cp021b/hkcancor-cp021b-candidate-inventory.json|external-evidence/cp021b/hkcancor-cp021b-candidate-inventory.tsv|review-packets/corpus-review/AB30/candidate-ledger.json|review-packets/corpus-review/AB30/candidates.json|review-packets/corpus-review/AB30/candidates.tsv|test-data/cp021b-lx1-construction-freeze-baseline.json|test-data/native-speaker-naturalness-evidence-v1.json|test-data/native-speaker-naturalness-evidence-v1.tsv|test-data/natural-corpus-wechat-father-daughter-001-turns.json|test-data/natural-corpus-wechat-father-daughter-001-turns.tsv|test-data/natural-corpus-wechat-father-daughter-001-units.json|test-data/natural-corpus-wechat-father-daughter-001-units.tsv|tests/constructions/ExistentialQuestion.json|tests/fixtures/regression-snapshots.json|tests/tooling/lexicon/glossika-week16-runtime-lexicon.test.js	[]	REQUIRES_EXPERT_CONTEXT_REVIEW
GLOSSIKA-YUEHK-A1-W15-20260628-I003	3	functional_language	respond_to_thanks	sentence	polite	唔使唔該。	M4 sai2 m4 goi1.	Don't mention it.	not-need excuse-me	sha256:41b591eb65aa75da1579280935f2b7dcbf59b53fc3982faf23b93b83c2e9d413	唔使唔該	no_mechanical_match	naturalness_review_candidate		[{"type":"naturalness_register","status":"requires_native_and_corpus_review","note":"Preserved exactly; do not accept the Polite label or formula without independent review."}]	REQUIRES_EXPERT_CONTEXT_REVIEW
GLOSSIKA-YUEHK-A1-W15-20260628-I004	4	functional_language	respond_to_thanks	sentence	polite	小事啫，唔使客氣。	Siu2 si6 ze1, m4 sai2 haak3 hei3.	It's a small matter, don't mention it.	small matter only not-need polite	sha256:934f6f838c9231956f3888c2180a61b0c8cdf064db581b385796d323aed023b7	小事啫唔使客氣	no_mechanical_match	new_attestation		[]	REQUIRES_EXPERT_CONTEXT_REVIEW
GLOSSIKA-YUEHK-A1-W15-20260628-I005	5	functional_language	congratulations_and_well_wishes	sentence	casual	恭喜恭喜！	Gung1 hei2 gung1 hei2!	Congratulations!	congratulations congratulations	sha256:8c731ea2a7a4bc3b830f38591c56a2c01f2d62cf449b03049e53d12e3eccbac2	恭喜恭喜	no_mechanical_match	new_attestation		[]	REQUIRES_EXPERT_CONTEXT_REVIEW
GLOSSIKA-YUEHK-A1-W15-20260628-I006	6	functional_language	congratulations_and_well_wishes	sentence	casual	生日快樂！	Saang1 jat6 faai3 lok6!	Happy birthday!	birthday happy	sha256:555113bb95b652645499907ef75f7165dd3636de967e5bae64eecd094855c461	生日快樂	no_mechanical_match	new_attestation		[]	REQUIRES_EXPERT_CONTEXT_REVIEW
GLOSSIKA-YUEHK-A1-W15-20260628-I007	7	functional_language	congratulations_and_well_wishes	sentence	polite	新年快樂，身體健康。	San1 nin4 faai3 lok6, san1 tai2 gin6 hong1.	Happy New Year, wishing you good health.	new year happy body healthy	sha256:38bf413bb240a1aa86eaa23ef220d49e8eb986f95fa17921cfe855db7b01ca93	新年快樂身體健康	no_mechanical_match	new_attestation		[]	REQUIRES_EXPERT_CONTEXT_REVIEW
GLOSSIKA-YUEHK-A1-W15-20260628-I008	8	functional_language	congratulations_and_well_wishes	sentence	polite	祝你一切順利。	Zuk1 nei5 jat1 cai3 seon6 lei6.	Wishing you all the best.	wish you all smooth	sha256:daacc23368b67742481db9aa36a1dca355c21f044ca7263ce6fc8844d5f39559	祝你一切順利	no_mechanical_match	new_attestation		[]	REQUIRES_EXPERT_CONTEXT_REVIEW
GLOSSIKA-YUEHK-A1-W15-20260628-I009	9	vocabulary_and_situations	directions_and_places	lexical_entry		隔籬	gaak3 lei4	next to		sha256:2edd730464511ab580878f3ac94a636c469f4c894f9ed923f3da5a48970556be	隔籬	no_mechanical_match	lexical_only_attestation		[]	REQUIRES_EXPERT_CONTEXT_REVIEW
GLOSSIKA-YUEHK-A1-W15-20260628-I010	10	vocabulary_and_situations	directions_and_places	lexical_entry		對面	deoi3 min6	opposite		sha256:b73602ff16cbc6c1df4616b3a287ffa71ad68354ab62e50675f4bdb715d458b0	對面	mechanical_exact_candidate	duplicate_candidate	external-evidence/aa07-hkcancor/hkcancor-aa07-ge-nominal-head-candidate-inventory.tsv|external-evidence/aa77-hkcancor/hkcancor-aa77-jau-mou-candidate-inventory.tsv	[]	REQUIRES_EXPERT_CONTEXT_REVIEW
GLOSSIKA-YUEHK-A1-W15-20260628-I011	11	vocabulary_and_situations	directions_and_places	lexical_entry		附近	fu6 gan6	nearby		sha256:39f60fc9a41a9cf527d0885e43943d32146684c75c9c541369c689d42acfe8ec	附近	mechanical_exact_candidate	duplicate_candidate	docs/research/WECHAT-GX-TRAVEL-002-ADJUDICATION-REPORT.md|docs/research/WECHAT-GX-TRAVEL-002-LEXICON-JYUTPING-VERIFICATION-R2.md|external-evidence/aa07-hkcancor/hkcancor-aa07-ge-nominal-head-candidate-inventory.tsv|external-evidence/aa07-hkcancor/hkcancor-aa07-ge-nominal-head-query-summary.json|external-evidence/aa30-hkcancor/hkcancor-aa30-tung-tungmaai-candidate-inventory.json|external-evidence/aa30-hkcancor/hkcancor-aa30-tung-tungmaai-candidate-inventory.tsv|external-evidence/aa77-hkcancor/hkcancor-aa77-jau-mou-candidate-inventory.tsv|external-evidence/aa89-hkcancor/hkcancor-aa89-modal-lexeme-candidate-inventory.tsv|main.js|review-packets/corpus-review/AB30/candidate-ledger.json|review-packets/corpus-review/AB30/candidates.json|review-packets/corpus-review/AB30/candidates.tsv|src/runtime-resources/lexicon/token-lexicon/study-suite.js|test-data/WECHAT-GX-TRAVEL-002-ADJUDICATION-MATRIX.json|test-data/WECHAT-GX-TRAVEL-002-ADJUDICATION-MATRIX.tsv|test-data/WECHAT-GX-TRAVEL-002-LEXICON-JYUTPING-READINESS-R1.json|test-data/WECHAT-GX-TRAVEL-002-LEXICON-JYUTPING-READINESS-R1.tsv|test-data/WECHAT-GX-TRAVEL-002-LEXICON-JYUTPING-VERIFICATION-R2.json|test-data/WECHAT-GX-TRAVEL-002-LEXICON-JYUTPING-VERIFICATION-R2.tsv|test-data/WECHAT-GX-TRAVEL-002-QUEUE-D-context_disfluency_research.tsv|test-data/WECHAT-GX-TRAVEL-002-QUEUE-G-grammar_research_external_evidence.tsv|test-data/WECHAT-GX-TRAVEL-002-QUEUE-L-lexicon_jyutping_enrichment.tsv|test-data/natural-corpus-wechat-guangxi-travel-002-raw.txt|test-data/natural-corpus-wechat-guangxi-travel-002-turns.json|test-data/natural-corpus-wechat-guangxi-travel-002-turns.tsv|test-data/natural-corpus-wechat-guangxi-travel-002-units.json|test-data/natural-corpus-wechat-guangxi-travel-002-units.tsv|validation/v0.5.181/WECHAT-GX-TRAVEL-002-PARSER-OBSERVATIONS-v0.5.181.json	[]	REQUIRES_EXPERT_CONTEXT_REVIEW
GLOSSIKA-YUEHK-A1-W15-20260628-I012	12	vocabulary_and_situations	directions_and_places	lexical_entry		遠	jyun5	far		sha256:7b5c0e85440ca19752b7783780ecab96922fffc1f9fa08e78e7da0176c3d75f1	遠	mechanical_exact_candidate	duplicate_candidate	archive/documentation-pre-DOC1/docs-current/IMPACT-BACKLOG.json|archive/research-history/docs/research/PARSER-CONSTRUCTION-SOURCE-MATRIX-CP021B-R19-ADDITIONS.tsv|archive/research-history/docs/research/PARSER-CONSTRUCTION-SOURCE-MATRIX-CP021B-R19.tsv|archive/research-history/docs/research/PARSER-CONSTRUCTION-SOURCE-MATRIX-CP021B-R20.tsv|archive/research-history/docs/research/PARSER-CONSTRUCTION-SOURCE-MATRIX-CP021B-R21.tsv|archive/research-history/docs/research/PARSER-CONSTRUCTION-SOURCE-MATRIX-CP021B-R22.tsv|archive/research-history/docs/research/PARSER-CONSTRUCTION-SOURCE-MATRIX-CP021B-R23.tsv|archive/research-history/docs/research/PARSER-CONSTRUCTION-SOURCE-MATRIX-CP021B-R24.tsv|archive/research-history/docs/research/PARSER-CONSTRUCTION-SOURCE-MATRIX-CP021B-R25.tsv|archive/research-history/docs/research/PARSER-CONSTRUCTION-SOURCE-MATRIX-CP021B-R26.tsv|archive/research-history/docs/research/PARSER-CONSTRUCTION-SOURCE-MATRIX-CP021B-R27.tsv|archive/research-history/docs/research/PARSER-CONSTRUCTION-SOURCE-MATRIX-CP021B-R28.tsv|archive/research-history/docs/research/PARSER-CONSTRUCTION-SOURCE-MATRIX-CP021B-R29.tsv|archive/research-history/docs/research/PARSER-CONSTRUCTION-SOURCE-MATRIX-CP021B-R30.tsv|archive/research-history/docs/research/PARSER-CONSTRUCTION-SOURCE-MATRIX-CP021B-R31.tsv|archive/research-history/docs/research/PARSER-CONSTRUCTION-SOURCE-MATRIX-CP021B-R32.tsv|archive/research-history/docs/research/PARSER-CONSTRUCTION-SOURCE-MATRIX-CP021B-R33.tsv|archive/research-history/docs/research/PARSER-CONSTRUCTION-SOURCE-MATRIX-CP021B-R34.tsv|archive/research-history/docs/research/PARSER-CONSTRUCTION-SOURCE-MATRIX-CP021B-R35.tsv|archive/research-history/docs/research/PARSER-CONSTRUCTION-SOURCE-MATRIX-CP021B-R36.tsv|data/construction-adjudication-batches/batch-06.json|data/construction-identities.json|data/slot-model.json|docs/research/CONSTRUCTION-ADJUDICATION-BATCH-06.md|docs/research/PARSER-CONSTRUCTION-SOURCE-MATRIX-CP021B-R37.tsv|external-evidence/aa07-hkcancor/hkcancor-aa07-ge-nominal-head-candidate-inventory.tsv|external-evidence/aa30-hkcancor/hkcancor-aa30-tung-tungmaai-candidate-inventory.json|external-evidence/aa30-hkcancor/hkcancor-aa30-tung-tungmaai-candidate-inventory.tsv|external-evidence/aa62-hkcancor/hkcancor-aa62-v-gwo-candidate-inventory.json|external-evidence/aa62-hkcancor/hkcancor-aa62-v-gwo-candidate-inventory.tsv|external-evidence/aa76-hkcancor/hkcancor-aa76-bei-give-candidate-inventory.json|external-evidence/aa76-hkcancor/hkcancor-aa76-bei-give-candidate-inventory.tsv|external-evidence/aa77-hkcancor/hkcancor-aa77-jau-mou-candidate-inventory.tsv|external-evidence/aa77-hkcancor/hkcancor-aa77-jau-mou-query-summary.json|external-evidence/aa89-hkcancor/hkcancor-aa89-modal-lexeme-candidate-inventory.tsv|external-evidence/aa91-hkcancor/hkcancor-aa91-hou-x-noun-candidate-inventory.json|external-evidence/aa91-hkcancor/hkcancor-aa91-hou-x-noun-candidate-inventory.tsv|external-evidence/ab30-hkcancor/hkcancor-ab30-zo-m-candidate-inventory.json|external-evidence/ab30-hkcancor/hkcancor-ab30-zo-m-candidate-inventory.tsv|external-evidence/ab30-hkcancor/hkcancor-ab30-zo-r-candidate-inventory.json|external-evidence/ab30-hkcancor/hkcancor-ab30-zo-r-candidate-inventory.tsv|external-evidence/cp021b/hkcancor-cp021b-candidate-inventory.json|external-evidence/cp021b/hkcancor-cp021b-candidate-inventory.tsv|main.js|review-packets/corpus-review/AB30/hkcancor-zo-r-decisions-r2.json|src/parser/detectors/questions/wh-scalar.js|src/parser/features/token-features.js|src/plugin-entry.js|src/runtime-resources/grammar/templates/category-span-templates.js|src/runtime-resources/grammar/templates/slot-generation-rules.js|src/runtime-resources/lexicon/token-lexicon/statives.js|test-data/review-only-readiness.tsv|test-data/w17-corpus-semantic-disposition.tsv|test-data/w17-functional-corpus.tsv|test-data/w17-glossika-corpus.tsv|tests/constructions/ScalarValueQuestion.json	[]	REQUIRES_EXPERT_CONTEXT_REVIEW
GLOSSIKA-YUEHK-A1-W15-20260628-I013	13	vocabulary_and_situations	directions_and_places	lexical_entry		近	kan5	near		sha256:396a2f83b69a585f64b4ad9486d4d9cb8aa48993b920b0c6ebac3dde3e8170b7	近	mechanical_exact_candidate	duplicate_candidate	archive/documentation-pre-DOC1/docs-current/IMPACT-BACKLOG.json|archive/migration-phase5-retired-test-workflow/test-data/regression-snapshots.json|archive/registry-pre-obsidian-v0.5.184/full-construction-registry.json|archive/research-history/docs/research/EVALUATION-PACKET-BLUEPRINTS-CP021B-R36.json|archive/retired-labels/v0.5.214-r4-scalar-question-reconciliation/EvaluationWithDouSyun.md|archive/test-data-history/cp021b-lx1-construction-freeze-baseline-v0.5.175.json|data/construction-adjudication-batches/batch-13.json|data/slot-model.json|docs/research/CONSTRUCTION-ADJUDICATION-BATCH-13.md|docs/research/CP053-P1-EVALUATION-WITH-DOU-SYUN-EXTERNAL-EVIDENCE-R1.md|docs/research/EVALUATION-PACKET-BLUEPRINTS-CP021B-R37.json|docs/research/PARSER-CONSTRUCTION-CANONICAL-CONSOLIDATION-MATRIX-CP021B-R35.tsv|docs/research/UC-RQ-027-ZEOI3-SUPERLATIVE-COLLISION-AUDIT-R1.tsv|docs/research/UC-RQ-027-ZEOI3-SUPERLATIVE-RESEARCH-R1.md|docs/research/UC-RQ-036-SEOI1JIN4-DAAN6HAI6-CONCESSIVE-RESEARCH-R1.md|docs/research/WECHAT-GX-TRAVEL-002-ADJUDICATION-REPORT.md|docs/research/WECHAT-GX-TRAVEL-002-LEXICON-JYUTPING-VERIFICATION-R2.md|external-evidence/aa07-hkcancor/hkcancor-aa07-ge-nominal-head-candidate-inventory.tsv|external-evidence/aa07-hkcancor/hkcancor-aa07-ge-nominal-head-query-summary.json|external-evidence/aa30-hkcancor/hkcancor-aa30-tung-tungmaai-candidate-inventory.json|external-evidence/aa30-hkcancor/hkcancor-aa30-tung-tungmaai-candidate-inventory.tsv|external-evidence/aa30-hkcancor/hkcancor-aa30-tung-tungmaai-query-summary.json|external-evidence/aa62-hkcancor/hkcancor-aa62-v-gwo-candidate-inventory.json|external-evidence/aa62-hkcancor/hkcancor-aa62-v-gwo-candidate-inventory.tsv|external-evidence/aa76-hkcancor/hkcancor-aa76-bei-give-candidate-inventory.json|external-evidence/aa76-hkcancor/hkcancor-aa76-bei-give-candidate-inventory.tsv|external-evidence/aa77-hkcancor/hkcancor-aa77-jau-mou-candidate-inventory.tsv|external-evidence/aa77-hkcancor/hkcancor-aa77-jau-mou-query-summary.json|external-evidence/aa82-hkcancor/hkcancor-aa82-bin-dou-candidate-inventory.json|external-evidence/aa82-hkcancor/hkcancor-aa82-bin-dou-candidate-inventory.tsv|external-evidence/aa82-hkcancor/hkcancor-aa82-bin-dou-query-summary.json|external-evidence/aa89-hkcancor/hkcancor-aa89-modal-lexeme-candidate-inventory.tsv|external-evidence/aa89-hkcancor/hkcancor-aa89-modal-lexeme-query-summary.json|external-evidence/aa91-hkcancor/hkcancor-aa91-hou-x-noun-candidate-inventory.json|external-evidence/aa91-hkcancor/hkcancor-aa91-hou-x-noun-candidate-inventory.tsv|external-evidence/ab30-hkcancor/hkcancor-ab30-zo-m-candidate-inventory.json|external-evidence/ab30-hkcancor/hkcancor-ab30-zo-m-candidate-inventory.tsv|external-evidence/cp021b/hkcancor-cp021b-candidate-inventory.json|external-evidence/cp021b/hkcancor-cp021b-candidate-inventory.tsv|main.js|review-packets/corpus-review/AB30/candidate-ledger.json|review-packets/corpus-review/AB30/candidates.json|review-packets/corpus-review/AB30/candidates.tsv|src/parser/detectors/questions/wh-scalar.js|src/parser/features/token-features.js|src/runtime-resources/grammar/templates/slot-generation-rules.js|src/runtime-resources/lexicon/token-lexicon/referents-and-boundaries.js|src/runtime-resources/lexicon/token-lexicon/statives.js|src/runtime-resources/lexicon/token-lexicon/study-suite.js|test-data/WECHAT-GX-TRAVEL-002-ADJUDICATION-MATRIX.json|test-data/WECHAT-GX-TRAVEL-002-ADJUDICATION-MATRIX.tsv|test-data/WECHAT-GX-TRAVEL-002-LEXICON-JYUTPING-READINESS-R1.json|test-data/WECHAT-GX-TRAVEL-002-LEXICON-JYUTPING-READINESS-R1.tsv|test-data/WECHAT-GX-TRAVEL-002-LEXICON-JYUTPING-VERIFICATION-R2.json|test-data/WECHAT-GX-TRAVEL-002-LEXICON-JYUTPING-VERIFICATION-R2.tsv|test-data/WECHAT-GX-TRAVEL-002-QUEUE-D-context_disfluency_research.tsv|test-data/WECHAT-GX-TRAVEL-002-QUEUE-G-grammar_research_external_evidence.tsv|test-data/WECHAT-GX-TRAVEL-002-QUEUE-L-lexicon_jyutping_enrichment.tsv|test-data/cp021b-lx1-construction-freeze-baseline.json|test-data/native-speaker-naturalness-evidence-v1.json|test-data/native-speaker-naturalness-evidence-v1.tsv|test-data/natural-corpus-wechat-guangxi-travel-002-raw.txt|test-data/natural-corpus-wechat-guangxi-travel-002-turns.json|test-data/natural-corpus-wechat-guangxi-travel-002-turns.tsv|test-data/natural-corpus-wechat-guangxi-travel-002-units.json|test-data/natural-corpus-wechat-guangxi-travel-002-units.tsv|test-data/review-only-readiness.tsv|test-data/w17-corpus-semantic-disposition.tsv|test-data/w17-functional-corpus.tsv|test-data/w17-glossika-corpus.tsv|test-data/w17-naturalized-alternatives.tsv|tests/constructions/ClauseRelationGraph.json|tests/constructions/ClauseSpan.json|tests/constructions/DegreeStativePredicate.json|tests/constructions/FormulaDiscourseUnit.json|tests/constructions/ModifierNP.json|tests/constructions/StativePredicate.json|tests/fixtures/regression-snapshots.json|validation/v0.5.181/WECHAT-GX-TRAVEL-002-PARSER-OBSERVATIONS-v0.5.181.json	[]	REQUIRES_EXPERT_CONTEXT_REVIEW
GLOSSIKA-YUEHK-A1-W15-20260628-I014	14	vocabulary_and_situations	directions_and_places	lexical_entry		上面	soeng6 min6	above/upstairs		sha256:a76fd34eae387fca8683b2660abd5761e90b3ce9c0e79e6dce544f8baba088ac	上面	mechanical_exact_candidate	duplicate_candidate	archive/documentation-pre-DOC1/docs-current/IMPACT-BACKLOG.json|archive/migration-phase5-retired-test-workflow/render-review/CP022-P1-PFV01-R1-FOCUSED-RENDER-REVIEW.md|archive/migration-phase5-retired-test-workflow/test-data/regression-snapshots.json|archive/registry-pre-obsidian-v0.5.184/full-construction-registry.json|archive/research-history/docs/research/CP021B-R22-RESEARCH-CHECKPOINT.md|archive/research-history/docs/research/EVALUATION-PACKET-BLUEPRINTS-CP021B-R36.json|archive/research-history/docs/research/PARSER-CONSTRUCTION-INTERNAL-PROVENANCE-REGISTER-CP021B-R22.tsv|archive/research-history/docs/research/PARSER-CONSTRUCTION-INTERNAL-PROVENANCE-REGISTER-CP021B-R23.tsv|archive/research-history/docs/research/PARSER-CONSTRUCTION-INTERNAL-PROVENANCE-REGISTER-CP021B-R24.tsv|archive/research-history/docs/research/PARSER-CONSTRUCTION-INTERNAL-PROVENANCE-REGISTER-CP021B-R25.tsv|archive/research-history/docs/research/PARSER-CONSTRUCTION-INTERNAL-PROVENANCE-REGISTER-CP021B-R26.tsv|archive/research-history/docs/research/PARSER-CONSTRUCTION-INTERNAL-PROVENANCE-REGISTER-CP021B-R27.tsv|archive/research-history/docs/research/PARSER-CONSTRUCTION-INTERNAL-PROVENANCE-REGISTER-CP021B-R28.tsv|archive/research-history/docs/research/PARSER-CONSTRUCTION-INTERNAL-PROVENANCE-REGISTER-CP021B-R29.tsv|archive/research-history/docs/research/PARSER-CONSTRUCTION-INTERNAL-PROVENANCE-REGISTER-CP021B-R30.tsv|archive/research-history/docs/research/PARSER-CONSTRUCTION-INTERNAL-PROVENANCE-REGISTER-CP021B-R31.tsv|archive/research-history/docs/research/PARSER-CONSTRUCTION-INTERNAL-PROVENANCE-REGISTER-CP021B-R32.tsv|archive/research-history/docs/research/PARSER-CONSTRUCTION-INTERNAL-PROVENANCE-REGISTER-CP021B-R33.tsv|archive/research-history/docs/research/PARSER-CONSTRUCTION-INTERNAL-PROVENANCE-REGISTER-CP021B-R34.tsv|archive/research-history/docs/research/PARSER-CONSTRUCTION-INTERNAL-PROVENANCE-REGISTER-CP021B-R35.tsv|archive/research-history/docs/research/PARSER-CONSTRUCTION-INTERNAL-PROVENANCE-REGISTER-CP021B-R36.tsv|archive/research-history/docs/research/PARSER-CONSTRUCTION-SOURCE-LINKS-CP021B-R2.md|archive/research-history/docs/research/PARSER-CONSTRUCTION-SOURCE-LINKS-CP021B-R22.md|archive/research-history/docs/research/PARSER-CONSTRUCTION-SOURCE-LINKS-CP021B-R23.md|archive/research-history/docs/research/PARSER-CONSTRUCTION-SOURCE-LINKS-CP021B-R24.md|archive/research-history/docs/research/PARSER-CONSTRUCTION-SOURCE-LINKS-CP021B-R25.md|archive/research-history/docs/research/PARSER-CONSTRUCTION-SOURCE-LINKS-CP021B-R26.md|archive/research-history/docs/research/PARSER-CONSTRUCTION-SOURCE-LINKS-CP021B-R27.md|archive/research-history/docs/research/PARSER-CONSTRUCTION-SOURCE-LINKS-CP021B-R28.md|archive/research-history/docs/research/PARSER-CONSTRUCTION-SOURCE-LINKS-CP021B-R29.md|archive/research-history/docs/research/PARSER-CONSTRUCTION-SOURCE-LINKS-CP021B-R30.md|archive/research-history/docs/research/PARSER-CONSTRUCTION-SOURCE-LINKS-CP021B-R31.md|archive/research-history/docs/research/PARSER-CONSTRUCTION-SOURCE-LINKS-CP021B-R32.md|archive/research-history/docs/research/PARSER-CONSTRUCTION-SOURCE-LINKS-CP021B-R33.md|archive/research-history/docs/research/PARSER-CONSTRUCTION-SOURCE-MATRIX-CP021B-R10.tsv|archive/research-history/docs/research/PARSER-CONSTRUCTION-SOURCE-MATRIX-CP021B-R11.tsv|archive/research-history/docs/research/PARSER-CONSTRUCTION-SOURCE-MATRIX-CP021B-R12.tsv|archive/research-history/docs/research/PARSER-CONSTRUCTION-SOURCE-MATRIX-CP021B-R13.tsv|archive/research-history/docs/research/PARSER-CONSTRUCTION-SOURCE-MATRIX-CP021B-R14.tsv|archive/research-history/docs/research/PARSER-CONSTRUCTION-SOURCE-MATRIX-CP021B-R15.tsv|archive/research-history/docs/research/PARSER-CONSTRUCTION-SOURCE-MATRIX-CP021B-R16.tsv|archive/research-history/docs/research/PARSER-CONSTRUCTION-SOURCE-MATRIX-CP021B-R17.tsv|archive/research-history/docs/research/PARSER-CONSTRUCTION-SOURCE-MATRIX-CP021B-R18.tsv|archive/research-history/docs/research/PARSER-CONSTRUCTION-SOURCE-MATRIX-CP021B-R19.tsv|archive/research-history/docs/research/PARSER-CONSTRUCTION-SOURCE-MATRIX-CP021B-R2-ADDITIONS.tsv|archive/research-history/docs/research/PARSER-CONSTRUCTION-SOURCE-MATRIX-CP021B-R2.tsv|archive/research-history/docs/research/PARSER-CONSTRUCTION-SOURCE-MATRIX-CP021B-R20.tsv|archive/research-history/docs/research/PARSER-CONSTRUCTION-SOURCE-MATRIX-CP021B-R21.tsv|archive/research-history/docs/research/PARSER-CONSTRUCTION-SOURCE-MATRIX-CP021B-R22-ADDITIONS.tsv|archive/research-history/docs/research/PARSER-CONSTRUCTION-SOURCE-MATRIX-CP021B-R22.tsv|archive/research-history/docs/research/PARSER-CONSTRUCTION-SOURCE-MATRIX-CP021B-R23.tsv|archive/research-history/docs/research/PARSER-CONSTRUCTION-SOURCE-MATRIX-CP021B-R24.tsv|archive/research-history/docs/research/PARSER-CONSTRUCTION-SOURCE-MATRIX-CP021B-R25.tsv|archive/research-history/docs/research/PARSER-CONSTRUCTION-SOURCE-MATRIX-CP021B-R26.tsv|archive/research-history/docs/research/PARSER-CONSTRUCTION-SOURCE-MATRIX-CP021B-R27.tsv|archive/research-history/docs/research/PARSER-CONSTRUCTION-SOURCE-MATRIX-CP021B-R28.tsv|archive/research-history/docs/research/PARSER-CONSTRUCTION-SOURCE-MATRIX-CP021B-R29.tsv|archive/research-history/docs/research/PARSER-CONSTRUCTION-SOURCE-MATRIX-CP021B-R30.tsv|archive/research-history/docs/research/PARSER-CONSTRUCTION-SOURCE-MATRIX-CP021B-R31.tsv|archive/research-history/docs/research/PARSER-CONSTRUCTION-SOURCE-MATRIX-CP021B-R32.tsv|archive/research-history/docs/research/PARSER-CONSTRUCTION-SOURCE-MATRIX-CP021B-R33.tsv|archive/research-history/docs/research/PARSER-CONSTRUCTION-SOURCE-MATRIX-CP021B-R34.tsv|archive/research-history/docs/research/PARSER-CONSTRUCTION-SOURCE-MATRIX-CP021B-R35.tsv|archive/research-history/docs/research/PARSER-CONSTRUCTION-SOURCE-MATRIX-CP021B-R36.tsv|archive/research-history/docs/research/PARSER-CONSTRUCTION-SOURCE-MATRIX-CP021B-R4.tsv|archive/research-history/docs/research/PARSER-CONSTRUCTION-SOURCE-MATRIX-CP021B-R5.tsv|archive/research-history/docs/research/PARSER-CONSTRUCTION-SOURCE-MATRIX-CP021B-R6.tsv|archive/research-history/docs/research/PARSER-CONSTRUCTION-SOURCE-MATRIX-CP021B-R7.tsv|archive/research-history/docs/research/PARSER-CONSTRUCTION-SOURCE-MATRIX-CP021B-R8.tsv|archive/research-history/docs/research/PARSER-CONSTRUCTION-SOURCE-MATRIX-CP021B-R9-ADDITIONS.tsv|archive/research-history/docs/research/PARSER-CONSTRUCTION-SOURCE-MATRIX-CP021B-R9.tsv|archive/research-history/docs/research/PARSER-CONSTRUCTION-SOURCE-REGISTER-CP021B-R22.tsv|archive/research-history/docs/research/PARSER-CONSTRUCTION-SOURCE-REGISTER-CP021B-R23.tsv|archive/research-history/docs/research/PARSER-CONSTRUCTION-SOURCE-REGISTER-CP021B-R24.tsv|archive/research-history/docs/research/PARSER-CONSTRUCTION-SOURCE-REGISTER-CP021B-R25.tsv|archive/research-history/docs/research/PARSER-CONSTRUCTION-SOURCE-REGISTER-CP021B-R26.tsv|archive/research-history/docs/research/PARSER-CONSTRUCTION-SOURCE-REGISTER-CP021B-R27.tsv|archive/research-history/docs/research/PARSER-CONSTRUCTION-SOURCE-REGISTER-CP021B-R28.tsv|archive/research-history/docs/research/PARSER-CONSTRUCTION-SOURCE-REGISTER-CP021B-R29.tsv|archive/research-history/docs/research/PARSER-CONSTRUCTION-SOURCE-REGISTER-CP021B-R30.tsv|archive/research-history/docs/research/PARSER-CONSTRUCTION-SOURCE-REGISTER-CP021B-R31.tsv|archive/research-history/docs/research/PARSER-CONSTRUCTION-SOURCE-REGISTER-CP021B-R32.tsv|archive/research-history/docs/research/PARSER-CONSTRUCTION-SOURCE-REGISTER-CP021B-R33.tsv|archive/research-history/docs/research/PARSER-CONSTRUCTION-SOURCE-REGISTER-CP021B-R34.tsv|archive/research-history/docs/research/PARSER-CONSTRUCTION-SOURCE-REGISTER-CP021B-R35.tsv|archive/research-history/docs/research/PARSER-CONSTRUCTION-SOURCE-REGISTER-CP021B-R36.tsv|archive/test-data-history/cp021b-lx1-construction-freeze-baseline-v0.5.175.json|data/construction-adjudication-batches/batch-11.json|data/construction-identities.json|docs/research/CONSTRUCTION-ADJUDICATION-BATCH-11.md|docs/research/CP025-P1-PFV01-IMPLEMENTATION-PROBE-R1.tsv|docs/research/CP025-P1-PFV01-SPEAKER-A-RAW-R2.md|docs/research/CP025-P1-PFV01-SPEAKER-A-RESULT-R2.tsv|docs/research/CP029-P1-PFV01-BOUNDARY-INVENTORY-R1.tsv|docs/research/CP029-P1-PFV01-PUBLIC-PANEL-R1-RESULT.md|docs/research/ENVIRONMENTAL-LOCATIVE-FRAMES-SOURCE-MAP-CP021B-R22.md|docs/research/EVALUATION-PACKET-BLUEPRINTS-CP021B-R37.json|docs/research/PARSER-CONSTRUCTION-CANONICAL-CONSOLIDATION-MATRIX-CP021B-R35.tsv|docs/research/PARSER-CONSTRUCTION-INTERNAL-PROVENANCE-REGISTER-CP021B-R37.tsv|docs/research/PARSER-CONSTRUCTION-INTERNAL-PROVENANCE-REGISTER-CP022-I1A-I04-R1.tsv|docs/research/PARSER-CONSTRUCTION-SOURCE-MATRIX-CP021B-R37.tsv|docs/research/PARSER-CONSTRUCTION-SOURCE-REGISTER-CP021B-R37.tsv|docs/research/UC-RQ-004-005-COMPARISON-HKCANCOR-ATTESTATION-R1.md|docs/research/UC-RQ-029-ZYU6-DURATIVE-DISPOSITION-R1.md|external-evidence/aa07-hkcancor/hkcancor-aa07-ge-nominal-head-candidate-inventory.tsv|external-evidence/aa30-hkcancor/hkcancor-aa30-tung-tungmaai-candidate-inventory.json|external-evidence/aa30-hkcancor/hkcancor-aa30-tung-tungmaai-candidate-inventory.tsv|external-evidence/aa77-hkcancor/hkcancor-aa77-jau-mou-candidate-inventory.tsv|external-evidence/aa89-hkcancor/hkcancor-aa89-modal-lexeme-candidate-inventory.tsv|main.js|review-packets/cp022-evaluation/EP-CP022-P1-PFV01-D1/development-baseline.json|review-packets/cp022-evaluation/EP-CP022-P1-PFV01-D1/focused-evaluation-packet.json|review-packets/cp025-p1-pfv01-speaker-review-r1/CP025-P1-PFV01-SPEAKER-A-FORM-R1.md|review-packets/cp025-p1-pfv01-speaker-review-r1/CP025-P1-PFV01-SPEAKER-B-FORM-R1.md|review-packets/cp025-p1-pfv01-speaker-review-r1/speaker-packet-internal.json|review-packets/native-speaker/active-v1/Code.gs|review-packets/native-speaker/active-v1/completed/PFV01-SPEAKER-B-PUBLIC-R1/PFV01-PUBLIC-PANEL-ITEM-SUMMARY-R1.tsv|review-packets/native-speaker/active-v1/completed/PFV01-SPEAKER-B-PUBLIC-R1/PFV01-PUBLIC-PANEL-SNAPSHOT-R1.json|review-packets/native-speaker/active-v1/form-specs.json|src/runtime-resources/lexicon/token-lexicon/things.js|test-data/WECHAT-GX-TRAVEL-002-ADJUDICATION-MATRIX.json|test-data/WECHAT-GX-TRAVEL-002-ADJUDICATION-MATRIX.tsv|test-data/WECHAT-GX-TRAVEL-002-QUEUE-G-grammar_research_external_evidence.tsv|test-data/WECHAT-GX-TRAVEL-002-QUEUE-L-lexicon_jyutping_enrichment.tsv|test-data/cp021b-lx1-construction-freeze-baseline.json|test-data/natural-corpus-wechat-guangxi-travel-002-raw.txt|test-data/natural-corpus-wechat-guangxi-travel-002-turns.json|test-data/natural-corpus-wechat-guangxi-travel-002-turns.tsv|test-data/natural-corpus-wechat-guangxi-travel-002-units.json|test-data/natural-corpus-wechat-guangxi-travel-002-units.tsv|tests/constructions/LocativeExistentialClause.json|tests/constructions/LocativeFrameClause.json|tests/constructions/LocativePlacePhrase.json|tests/constructions/ModifiedNP.json|tests/constructions/PerfectiveVP.json|tests/constructions/PostverbalZoPerfectiveVP.json|tests/fixtures/regression-snapshots.json|validation/cp025-p1-pfv01-reaudit-r1/PFV01-VISIBLE-CURRENT.json|validation/v0.5.181/WECHAT-GX-TRAVEL-002-PARSER-OBSERVATIONS-v0.5.181.json	[]	REQUIRES_EXPERT_CONTEXT_REVIEW
GLOSSIKA-YUEHK-A1-W15-20260628-I015	15	vocabulary_and_situations	directions_and_places	lexical_entry		下面	haa6 min6	below/downstairs		sha256:2bb4a42d66d1eb9b9006b320b4aaf85a0a82abdee58d5dc49c615e69b60ea140	下面	mechanical_exact_candidate	duplicate_candidate	review-packets/native-speaker/active-v1/completed/RUL01-SPEAKER-B-PUBLIC-R1/RUL01-PUBLIC-PANEL-SNAPSHOT-R1.json	[]	REQUIRES_EXPERT_CONTEXT_REVIEW
GLOSSIKA-YUEHK-A1-W15-20260628-I016	16	vocabulary_and_situations	directions_and_places	lexical_entry		入面	jap6 min6	inside		sha256:7790201ab07d1f1385b01c7dcea545a78a843ec63a76a71cf00fd2ec0485b279	入面	mechanical_exact_candidate	duplicate_candidate	data/construction-adjudication-batches/batch-11.json|data/construction-identities.json|docs/research/CONSTRUCTION-ADJUDICATION-BATCH-11.md|docs/research/CP025-P1-PFV01-SPEAKER-A-RAW-R2.md|docs/research/CP026-P1-RUL01-SPEAKER-A-FORM-R1.md|docs/research/UC-RQ-001-GENERAL-ZOENG1-DISPOSAL-RESEARCH-R1.md|main.js|src/parser/detectors/existential/clauses.js|src/runtime-resources/lexicon/token-lexicon/verbs.js	[]	REQUIRES_EXPERT_CONTEXT_REVIEW
GLOSSIKA-YUEHK-A1-W15-20260628-I017	17	vocabulary_and_situations	directions_and_places	lexical_entry		外面	ngoi6 min6	outside		sha256:8ded4e190ee3c22a611091ee5c753e888b25fd4f77c97b5d2d37808faa8d7f80	外面	no_mechanical_match	lexical_only_attestation		[]	REQUIRES_EXPERT_CONTEXT_REVIEW
GLOSSIKA-YUEHK-A1-W15-20260628-I018	18	vocabulary_and_situations	directions_and_places	lexical_entry		地鐵站	dei6 tit3 zaam6	MTR station		sha256:73846b8fa7f5c1f7dc998797bdf1a9a6b9c3c905c6b8e69086081304bf30c38a	地鐵站	mechanical_exact_candidate	duplicate_candidate	external-evidence/aa82-hkcancor/hkcancor-aa82-bin-dou-candidate-inventory.json|external-evidence/aa82-hkcancor/hkcancor-aa82-bin-dou-candidate-inventory.tsv|main.js|src/runtime-resources/lexicon/token-lexicon/study-suite.js	[]	REQUIRES_EXPERT_CONTEXT_REVIEW
GLOSSIKA-YUEHK-A1-W15-20260628-I019	19	vocabulary_and_situations	directions_and_places	lexical_entry		巴士站	baa1 si2 zaam6	bus stop		sha256:fbc9fe4c655cf569f24079e088c5d58a421088b8d2513da28ee9389622563858	巴士站	mechanical_exact_candidate	duplicate_candidate	external-evidence/aa62-hkcancor/hkcancor-aa62-v-gwo-candidate-inventory.json|external-evidence/aa62-hkcancor/hkcancor-aa62-v-gwo-candidate-inventory.tsv|external-evidence/aa77-hkcancor/hkcancor-aa77-jau-mou-candidate-inventory.tsv	[]	REQUIRES_EXPERT_CONTEXT_REVIEW
GLOSSIKA-YUEHK-A1-W15-20260628-I020	20	vocabulary_and_situations	directions_and_places	lexical_entry		醫院	ji1 jyun2	hospital		sha256:5abf3821438d13de6c9ca7bd93d4ab6096cd6bb48215c0747b096fa6dd002351	醫院	mechanical_exact_candidate	duplicate_candidate	external-evidence/aa07-hkcancor/hkcancor-aa07-ge-nominal-head-candidate-inventory.tsv|external-evidence/aa30-hkcancor/hkcancor-aa30-tung-tungmaai-candidate-inventory.json|external-evidence/aa30-hkcancor/hkcancor-aa30-tung-tungmaai-candidate-inventory.tsv|external-evidence/aa76-hkcancor/hkcancor-aa76-bei-give-candidate-inventory.json|external-evidence/aa76-hkcancor/hkcancor-aa76-bei-give-candidate-inventory.tsv|external-evidence/aa77-hkcancor/hkcancor-aa77-jau-mou-candidate-inventory.tsv|external-evidence/aa77-hkcancor/hkcancor-aa77-jau-mou-query-summary.json|external-evidence/aa82-hkcancor/hkcancor-aa82-bin-dou-candidate-inventory.json|external-evidence/aa82-hkcancor/hkcancor-aa82-bin-dou-candidate-inventory.tsv|external-evidence/aa89-hkcancor/hkcancor-aa89-modal-lexeme-candidate-inventory.tsv|external-evidence/cp021b/hkcancor-cp021b-candidate-inventory.json|external-evidence/cp021b/hkcancor-cp021b-candidate-inventory.tsv|main.js|src/runtime-resources/lexicon/token-lexicon/verbs.js	[]	REQUIRES_EXPERT_CONTEXT_REVIEW
GLOSSIKA-YUEHK-A1-W15-20260628-I021	21	vocabulary_and_situations	directions_and_places	lexical_entry		公園	gung1 jyun2	park		sha256:ca6c3320b3bd4e5375a16f85adc640605e22fa455ad63b3fed74e7e8fdaaf286	公園	mechanical_exact_candidate	duplicate_candidate	archive/research-history/docs/research/PARSER-CONSTRUCTION-SOURCE-MATRIX-CP021B-R28-ADDITIONS.tsv|archive/research-history/docs/research/PARSER-CONSTRUCTION-SOURCE-MATRIX-CP021B-R28.tsv|archive/research-history/docs/research/PARSER-CONSTRUCTION-SOURCE-MATRIX-CP021B-R29.tsv|archive/research-history/docs/research/PARSER-CONSTRUCTION-SOURCE-MATRIX-CP021B-R30.tsv|archive/research-history/docs/research/PARSER-CONSTRUCTION-SOURCE-MATRIX-CP021B-R31.tsv|archive/research-history/docs/research/PARSER-CONSTRUCTION-SOURCE-MATRIX-CP021B-R32.tsv|archive/research-history/docs/research/PARSER-CONSTRUCTION-SOURCE-MATRIX-CP021B-R33.tsv|archive/research-history/docs/research/PARSER-CONSTRUCTION-SOURCE-MATRIX-CP021B-R34.tsv|archive/research-history/docs/research/PARSER-CONSTRUCTION-SOURCE-MATRIX-CP021B-R35.tsv|archive/research-history/docs/research/PARSER-CONSTRUCTION-SOURCE-MATRIX-CP021B-R36.tsv|docs/research/GLOSSIKA-WEEK16-LEXICON-PROVENANCE.md|docs/research/PARSER-CONSTRUCTION-SOURCE-MATRIX-CP021B-R37.tsv|docs/research/PRQ2-001-YAU5-MOU5-DAK1-AVAILABILITY-RESEARCH-R1.md|docs/research/RESULT-CHANGE-WRAPPERS-SOURCE-MAP-CP021B-R28.md|external-evidence/aa76-hkcancor/hkcancor-aa76-bei-give-candidate-inventory.json|external-evidence/aa76-hkcancor/hkcancor-aa76-bei-give-candidate-inventory.tsv|external-evidence/cp021b/hkcancor-cp021b-candidate-inventory.json|external-evidence/cp021b/hkcancor-cp021b-candidate-inventory.tsv|main.js|src/runtime-resources/lexicon/token-lexicon/places-and-times.js|src/runtime-resources/lexicon/token-lexicon/referents-and-boundaries.js|src/runtime-resources/lexicon/token-lexicon/study-suite.js|src/runtime-resources/presentation/learner-glosses.js|src/runtime-resources/pronunciation/jyutping-review-expectations.js|test-data/pre-intermediate-gold-corpus.tsv|tests/tooling/lexicon/glossika-week16-runtime-lexicon.test.js	[]	REQUIRES_EXPERT_CONTEXT_REVIEW
GLOSSIKA-YUEHK-A1-W15-20260628-I022	22	vocabulary_and_situations	directions_and_places	lexical_entry		教堂	gaau3 tong4	church		sha256:039af4692b7431c0c91cf06d110d018dcc96d5b938b51117e33a1af230a45d70	教堂	no_mechanical_match	lexical_only_attestation		[]	REQUIRES_EXPERT_CONTEXT_REVIEW
GLOSSIKA-YUEHK-A1-W15-20260628-I023	23	vocabulary_and_situations	directions_and_places	lexical_entry		郵局	jau4 guk2	post office		sha256:dea94e1798640d6316694cf581ed7d7b62d97ce0db982ab7cf0f9bd4d0b9cb96	郵局	mechanical_exact_candidate	duplicate_candidate	external-evidence/aa07-hkcancor/hkcancor-aa07-ge-nominal-head-candidate-inventory.tsv|external-evidence/aa76-hkcancor/hkcancor-aa76-bei-give-candidate-inventory.json|external-evidence/aa76-hkcancor/hkcancor-aa76-bei-give-candidate-inventory.tsv|external-evidence/aa77-hkcancor/hkcancor-aa77-jau-mou-candidate-inventory.tsv|external-evidence/aa89-hkcancor/hkcancor-aa89-modal-lexeme-candidate-inventory.tsv|external-evidence/cp021b/hkcancor-cp021b-candidate-inventory.json|external-evidence/cp021b/hkcancor-cp021b-candidate-inventory.tsv	[]	REQUIRES_EXPERT_CONTEXT_REVIEW
GLOSSIKA-YUEHK-A1-W15-20260628-I024	24	vocabulary_and_situations	directions_and_places	lexical_entry		街	gaai1	street		sha256:b9d96365cbcf9ec4417d05c5fdaeb4b8bbb5323ef5b5994952e63432898dc5ee	街	mechanical_exact_candidate	duplicate_candidate	archive/migration-phase5-retired-test-workflow/test-data/regression-snapshots.json|archive/registry-pre-obsidian-v0.5.184/full-construction-registry.json|archive/research-history/docs/research/EVALUATION-PACKET-BLUEPRINTS-CP021B-R36.json|archive/research-history/docs/research/PARSER-CONSTRUCTION-SOURCE-LINKS-CP021B-R13.md|archive/research-history/docs/research/PARSER-CONSTRUCTION-SOURCE-LINKS-CP021B-R14.md|archive/research-history/docs/research/PARSER-CONSTRUCTION-SOURCE-LINKS-CP021B-R15.md|archive/research-history/docs/research/PARSER-CONSTRUCTION-SOURCE-LINKS-CP021B-R16.md|archive/research-history/docs/research/PARSER-CONSTRUCTION-SOURCE-LINKS-CP021B-R17.md|archive/research-history/docs/research/PARSER-CONSTRUCTION-SOURCE-LINKS-CP021B-R18.md|archive/research-history/docs/research/PARSER-CONSTRUCTION-SOURCE-LINKS-CP021B-R19.md|archive/research-history/docs/research/PARSER-CONSTRUCTION-SOURCE-LINKS-CP021B-R20.md|archive/research-history/docs/research/PARSER-CONSTRUCTION-SOURCE-LINKS-CP021B-R21.md|archive/research-history/docs/research/PARSER-CONSTRUCTION-SOURCE-LINKS-CP021B-R22.md|archive/research-history/docs/research/PARSER-CONSTRUCTION-SOURCE-LINKS-CP021B-R23.md|archive/research-history/docs/research/PARSER-CONSTRUCTION-SOURCE-LINKS-CP021B-R24.md|archive/research-history/docs/research/PARSER-CONSTRUCTION-SOURCE-LINKS-CP021B-R25.md|archive/research-history/docs/research/PARSER-CONSTRUCTION-SOURCE-LINKS-CP021B-R26.md|archive/research-history/docs/research/PARSER-CONSTRUCTION-SOURCE-LINKS-CP021B-R27.md|archive/research-history/docs/research/PARSER-CONSTRUCTION-SOURCE-LINKS-CP021B-R28.md|archive/research-history/docs/research/PARSER-CONSTRUCTION-SOURCE-MATRIX-CP021B-R20-ADDITIONS.tsv|archive/research-history/docs/research/PARSER-CONSTRUCTION-SOURCE-MATRIX-CP021B-R20.tsv|archive/research-history/docs/research/PARSER-CONSTRUCTION-SOURCE-MATRIX-CP021B-R21.tsv|archive/research-history/docs/research/PARSER-CONSTRUCTION-SOURCE-MATRIX-CP021B-R22.tsv|archive/research-history/docs/research/PARSER-CONSTRUCTION-SOURCE-MATRIX-CP021B-R23.tsv|archive/research-history/docs/research/PARSER-CONSTRUCTION-SOURCE-MATRIX-CP021B-R24.tsv|archive/research-history/docs/research/PARSER-CONSTRUCTION-SOURCE-MATRIX-CP021B-R25.tsv|archive/research-history/docs/research/PARSER-CONSTRUCTION-SOURCE-MATRIX-CP021B-R26.tsv|archive/research-history/docs/research/PARSER-CONSTRUCTION-SOURCE-MATRIX-CP021B-R27.tsv|archive/research-history/docs/research/PARSER-CONSTRUCTION-SOURCE-MATRIX-CP021B-R28.tsv|archive/research-history/docs/research/PARSER-CONSTRUCTION-SOURCE-MATRIX-CP021B-R29.tsv|archive/research-history/docs/research/PARSER-CONSTRUCTION-SOURCE-MATRIX-CP021B-R30.tsv|archive/research-history/docs/research/PARSER-CONSTRUCTION-SOURCE-MATRIX-CP021B-R31.tsv|archive/research-history/docs/research/PARSER-CONSTRUCTION-SOURCE-MATRIX-CP021B-R32.tsv|archive/research-history/docs/research/PARSER-CONSTRUCTION-SOURCE-MATRIX-CP021B-R33.tsv|archive/research-history/docs/research/PARSER-CONSTRUCTION-SOURCE-MATRIX-CP021B-R34.tsv|archive/research-history/docs/research/PARSER-CONSTRUCTION-SOURCE-MATRIX-CP021B-R35.tsv|archive/research-history/docs/research/PARSER-CONSTRUCTION-SOURCE-MATRIX-CP021B-R36.tsv|archive/research-history/docs/research/PARSER-CONSTRUCTION-SOURCE-REGISTER-CP021B-R13.tsv|archive/research-history/docs/research/PARSER-CONSTRUCTION-SOURCE-REGISTER-CP021B-R14.tsv|archive/research-history/docs/research/PARSER-CONSTRUCTION-SOURCE-REGISTER-CP021B-R15.tsv|archive/research-history/docs/research/PARSER-CONSTRUCTION-SOURCE-REGISTER-CP021B-R16.tsv|archive/research-history/docs/research/PARSER-CONSTRUCTION-SOURCE-REGISTER-CP021B-R17.tsv|archive/research-history/docs/research/PARSER-CONSTRUCTION-SOURCE-REGISTER-CP021B-R18.tsv|archive/research-history/docs/research/PARSER-CONSTRUCTION-SOURCE-REGISTER-CP021B-R19.tsv|archive/research-history/docs/research/PARSER-CONSTRUCTION-SOURCE-REGISTER-CP021B-R20.tsv|archive/research-history/docs/research/PARSER-CONSTRUCTION-SOURCE-REGISTER-CP021B-R21.tsv|archive/research-history/docs/research/PARSER-CONSTRUCTION-SOURCE-REGISTER-CP021B-R22.tsv|archive/research-history/docs/research/PARSER-CONSTRUCTION-SOURCE-REGISTER-CP021B-R23.tsv|archive/research-history/docs/research/PARSER-CONSTRUCTION-SOURCE-REGISTER-CP021B-R24.tsv|archive/research-history/docs/research/PARSER-CONSTRUCTION-SOURCE-REGISTER-CP021B-R25.tsv|archive/research-history/docs/research/PARSER-CONSTRUCTION-SOURCE-REGISTER-CP021B-R26.tsv|archive/research-history/docs/research/PARSER-CONSTRUCTION-SOURCE-REGISTER-CP021B-R27.tsv|archive/test-data-history/cp021b-lx1-construction-freeze-baseline-v0.5.175.json|data/natural-corpus/wechat-father-daughter-001.txt|docs/research/EVALUATION-PACKET-BLUEPRINTS-CP021B-R37.json|docs/research/LANE-09-SERIAL-PURPOSE-SOURCE-MAP-CP021B-R16.md|docs/research/PARSER-CONSTRUCTION-CANONICAL-CONSOLIDATION-MATRIX-CP021B-R35.tsv|docs/research/PARSER-CONSTRUCTION-SOURCE-MATRIX-CP021B-R37.tsv|docs/research/PRQ2-011-M4DAAN1ZI2-ZUNG6-ADDITIVE-CORRELATIVE-COLLISION-AUDIT-R1.tsv|docs/research/PRQ2-011-M4DAAN1ZI2-ZUNG6-ADDITIVE-CORRELATIVE-RESEARCH-R1.md|docs/research/UC-RQ-036-SEOI1JIN4-DAAN6HAI6-CONCESSIVE-RESEARCH-R1.md|external-evidence/aa07-hkcancor/hkcancor-aa07-ge-nominal-head-candidate-inventory.tsv|external-evidence/aa07-hkcancor/hkcancor-aa07-ge-nominal-head-query-summary.json|external-evidence/aa30-hkcancor/hkcancor-aa30-tung-tungmaai-candidate-inventory.json|external-evidence/aa30-hkcancor/hkcancor-aa30-tung-tungmaai-candidate-inventory.tsv|external-evidence/aa30-hkcancor/hkcancor-aa30-tung-tungmaai-query-summary.json|external-evidence/aa62-hkcancor/hkcancor-aa62-v-gwo-candidate-inventory.json|external-evidence/aa62-hkcancor/hkcancor-aa62-v-gwo-candidate-inventory.tsv|external-evidence/aa76-hkcancor/hkcancor-aa76-bei-give-candidate-inventory.json|external-evidence/aa76-hkcancor/hkcancor-aa76-bei-give-candidate-inventory.tsv|external-evidence/aa77-hkcancor/hkcancor-aa77-jau-mou-candidate-inventory.tsv|external-evidence/aa82-hkcancor/hkcancor-aa82-bin-dou-candidate-inventory.json|external-evidence/aa82-hkcancor/hkcancor-aa82-bin-dou-candidate-inventory.tsv|external-evidence/aa89-hkcancor/hkcancor-aa89-modal-lexeme-candidate-inventory.tsv|external-evidence/aa89-hkcancor/hkcancor-aa89-modal-lexeme-query-summary.json|external-evidence/ab30-hkcancor/hkcancor-ab30-zo-m-candidate-inventory.json|external-evidence/ab30-hkcancor/hkcancor-ab30-zo-m-candidate-inventory.tsv|external-evidence/ab30-hkcancor/hkcancor-ab30-zo-r-candidate-inventory.json|external-evidence/ab30-hkcancor/hkcancor-ab30-zo-r-candidate-inventory.tsv|external-evidence/cp021b/hkcancor-cp021b-candidate-inventory.json|external-evidence/cp021b/hkcancor-cp021b-candidate-inventory.tsv|grammar/research_pending/NamingClause.md|main.js|review-packets/corpus-review/AB30/candidate-ledger.json|review-packets/corpus-review/AB30/candidates.json|review-packets/corpus-review/AB30/candidates.tsv|src/runtime-resources/lexicon/token-lexicon/places-and-times.js|src/runtime-resources/lexicon/token-lexicon/referents-and-boundaries.js|src/runtime-resources/lexicon/token-lexicon/study-suite.js|src/runtime-resources/presentation/learner-glosses.js|src/runtime-resources/pronunciation/jyutping-review-expectations.js|test-data/cp021b-lx1-construction-freeze-baseline.json|test-data/native-speaker-naturalness-evidence-v1.json|test-data/native-speaker-naturalness-evidence-v1.tsv|test-data/natural-corpus-wechat-father-daughter-001-turns.json|test-data/natural-corpus-wechat-father-daughter-001-turns.tsv|test-data/natural-corpus-wechat-father-daughter-001-units.json|test-data/natural-corpus-wechat-father-daughter-001-units.tsv|tests/constructions/ClauseSpan.json|tests/constructions/MotionGoalVP.json|tests/constructions/SerialVerbPurposeChain.json|tests/constructions/TransitiveVP.json|tests/fixtures/regression-snapshots.json|tests/tooling/lexicon/glossika-week16-runtime-lexicon.test.js	[]	REQUIRES_EXPERT_CONTEXT_REVIEW
GLOSSIKA-YUEHK-A1-W15-20260628-I025	25	vocabulary_and_situations	directions_and_places	lexical_entry		十字路口	sap6 zi6 lou6 hau2	intersection		sha256:f92bad19c6b44bc277136bb9be1ac745b78700aa7c3080e96782da9cb52c569b	十字路口	no_mechanical_match	lexical_only_attestation		[]	REQUIRES_EXPERT_CONTEXT_REVIEW
GLOSSIKA-YUEHK-A1-W15-20260628-I026	26	vocabulary_and_situations	directions_and_places	lexical_entry		行人路	haang4 jan4 lou6	sidewalk		sha256:c0377d5e8bce86cc96c98fab5c215d6ce000145baeec7b2e29610a8dbf9cf7f0	行人路	no_mechanical_match	lexical_only_attestation		[]	REQUIRES_EXPERT_CONTEXT_REVIEW
GLOSSIKA-YUEHK-A1-W15-20260628-I027	27	vocabulary_and_situations	directions_and_places	lexical_entry		噴泉	pan3 cyun4	fountain		sha256:c3c2f94cbd525b7e63a35f05ee521bee96d747bf65ff5597dd464d87b9497ac4	噴泉	no_mechanical_match	lexical_only_attestation		[]	REQUIRES_EXPERT_CONTEXT_REVIEW
GLOSSIKA-YUEHK-A1-W15-20260628-I028	28	vocabulary_and_situations	directions_and_places	lexical_entry		雕像	diu1 zoeng6	statue		sha256:ea699dba9b566a8c96c18ca318532849df196fa74d1703d879d1cd39733f0254	雕像	no_mechanical_match	lexical_only_attestation		[]	REQUIRES_EXPERT_CONTEXT_REVIEW
GLOSSIKA-YUEHK-A1-W15-20260628-I029	29	vocabulary_and_situations	directions_and_places	lexical_entry		窄巷	zaak3 hong6	alley		sha256:8da8d840ecb54aaba15759e599ba8b1e338648c0433f59970aa24c6e37e606ab	窄巷	no_mechanical_match	lexical_only_attestation		[]	REQUIRES_EXPERT_CONTEXT_REVIEW
GLOSSIKA-YUEHK-A1-W15-20260628-I030	30	vocabulary_and_situations	directions_and_places	lexical_entry		迴旋處	wui4 syun4 cyu3	roundabout		sha256:e83fd68f624f3023108fabbba2dc5f5512d6a04e13831bb26d537f20498b9036	迴旋處	no_mechanical_match	lexical_only_attestation		[]	REQUIRES_EXPERT_CONTEXT_REVIEW
GLOSSIKA-YUEHK-A1-W15-20260628-I031	31	vocabulary_and_situations	directions_and_places	lexical_entry		天橋	tin1 kiu4	overpass		sha256:b132d15d3327009f910038917f2eb5539913d9573c48d45bb1489919f7ff9339	天橋	no_mechanical_match	lexical_only_attestation		[]	REQUIRES_EXPERT_CONTEXT_REVIEW
GLOSSIKA-YUEHK-A1-W15-20260628-I032	32	vocabulary_and_situations	directions_and_places	lexical_entry		隧道	seoi6 dou6	tunnel		sha256:838ccf23968b50ce0e2a46f420e3067b40e62911b10b6353b71513862f20ef54	隧道	mechanical_exact_candidate	duplicate_candidate	archive/research-history/docs/research/PARSER-CONSTRUCTION-SOURCE-MATRIX-CP021B-R3.tsv|external-evidence/aa89-hkcancor/hkcancor-aa89-modal-lexeme-candidate-inventory.tsv	[]	REQUIRES_EXPERT_CONTEXT_REVIEW
GLOSSIKA-YUEHK-A1-W15-20260628-I033	33	vocabulary_and_situations	directions_and_places	lexical_entry		橋	kiu4	bridge		sha256:e530ae61b966d87ecc5f69cf66faa50d2a41cea202c1ebf0924401366e4855c3	橋	mechanical_exact_candidate	duplicate_candidate	external-evidence/aa07-hkcancor/hkcancor-aa07-ge-nominal-head-candidate-inventory.tsv|external-evidence/aa30-hkcancor/hkcancor-aa30-tung-tungmaai-candidate-inventory.json|external-evidence/aa30-hkcancor/hkcancor-aa30-tung-tungmaai-candidate-inventory.tsv|external-evidence/aa62-hkcancor/hkcancor-aa62-v-gwo-candidate-inventory.json|external-evidence/aa62-hkcancor/hkcancor-aa62-v-gwo-candidate-inventory.tsv|external-evidence/aa76-hkcancor/hkcancor-aa76-bei-give-candidate-inventory.json|external-evidence/aa76-hkcancor/hkcancor-aa76-bei-give-candidate-inventory.tsv|external-evidence/aa77-hkcancor/hkcancor-aa77-jau-mou-candidate-inventory.tsv|external-evidence/aa77-hkcancor/hkcancor-aa77-jau-mou-query-summary.json|external-evidence/aa89-hkcancor/hkcancor-aa89-modal-lexeme-candidate-inventory.tsv|external-evidence/aa91-hkcancor/hkcancor-aa91-hou-x-noun-candidate-inventory.json|external-evidence/aa91-hkcancor/hkcancor-aa91-hou-x-noun-candidate-inventory.tsv|external-evidence/cp021b/hkcancor-cp021b-candidate-inventory.json|external-evidence/cp021b/hkcancor-cp021b-candidate-inventory.tsv|test-data/natural-corpus-wechat-guangxi-travel-002-turns.json|test-data/natural-corpus-wechat-guangxi-travel-002-turns.tsv	[]	REQUIRES_EXPERT_CONTEXT_REVIEW
GLOSSIKA-YUEHK-A1-W15-20260628-I034	34	vocabulary_and_situations	directions_and_places	lexical_entry		廣場	gwong2 coeng4	square		sha256:0a801db0181df17baeb2c3bb8a5915c9b5a9cedf1957c4772cc20c7c3f3bce5d	廣場	mechanical_exact_candidate	duplicate_candidate	docs/research/PRQ2-005-HOI1-HABITUAL-ESTABLISHED-ACTIVITY-COLLISION-AUDIT-R1.tsv|docs/research/PRQ2-005-HOI1-HABITUAL-ESTABLISHED-ACTIVITY-RESEARCH-R1.md	[]	REQUIRES_EXPERT_CONTEXT_REVIEW
GLOSSIKA-YUEHK-A1-W15-20260628-I035	35	vocabulary_and_situations	directions_and_places	lexical_entry		噴水池	pan3 seoi2 ci4	fountain		sha256:96edcac77b525d7ec6f15bc6b0c7a9d17dc43a5fc7e4cdb43b16283b63a02171	噴水池	no_mechanical_match	lexical_only_attestation		[]	REQUIRES_EXPERT_CONTEXT_REVIEW
GLOSSIKA-YUEHK-A1-W15-20260628-I036	36	vocabulary_and_situations	directions_and_places	lexical_entry		行人天橋	haang4 jan4 tin1 kiu4	overpass		sha256:9382961d9b4adac287dacf685d0174be3af1302bd46125be295d0deb0917bfc5	行人天橋	no_mechanical_match	lexical_only_attestation		[]	REQUIRES_EXPERT_CONTEXT_REVIEW
GLOSSIKA-YUEHK-A1-W15-20260628-I037	37	vocabulary_and_situations	directions_and_places	lexical_entry		戲票	hei3 piu3	theater ticket		sha256:04f1d76c1702d53d39f5c03628e31eb564cd19dc0c82e1d86ccf955981406231	戲票	no_mechanical_match	lexical_only_attestation		[]	REQUIRES_EXPERT_CONTEXT_REVIEW
GLOSSIKA-YUEHK-A1-W15-20260628-I038	38	vocabulary_and_situations	numbers	lexical_entry		十萬	sap6 maan6	100 thousand		sha256:d998a6f5c28ff60eb4f6f087c068c82f867a5783b958b4bff2a45320afb73302	十萬	mechanical_exact_candidate	duplicate_candidate	data/pedagogical-corpus/glossika/GLOSSIKA-YUEHK-A1-W14-20260621/items.tsv|data/pedagogical-corpus/glossika/GLOSSIKA-YUEHK-A1-W14-20260621/review.json|data/pedagogical-corpus/glossika/GLOSSIKA-YUEHK-A1-W14-20260621/source.json|data/research-ledgers/glossika-week14-claim-source.json|data/research-ledgers/glossika-week14-lexical-ingress.json|docs/research/GLOSSIKA-YUEHK-A1-W14-20260621-RESEARCH.md|external-evidence/aa07-hkcancor/hkcancor-aa07-ge-nominal-head-candidate-inventory.tsv|external-evidence/aa30-hkcancor/hkcancor-aa30-tung-tungmaai-candidate-inventory.json|external-evidence/aa30-hkcancor/hkcancor-aa30-tung-tungmaai-candidate-inventory.tsv|external-evidence/aa76-hkcancor/hkcancor-aa76-bei-give-candidate-inventory.json|external-evidence/aa76-hkcancor/hkcancor-aa76-bei-give-candidate-inventory.tsv|external-evidence/aa77-hkcancor/hkcancor-aa77-jau-mou-candidate-inventory.tsv|external-evidence/aa77-hkcancor/hkcancor-aa77-jau-mou-query-summary.json|external-evidence/aa89-hkcancor/hkcancor-aa89-modal-lexeme-candidate-inventory.tsv|external-evidence/cp021b/hkcancor-cp021b-candidate-inventory.json|external-evidence/cp021b/hkcancor-cp021b-candidate-inventory.tsv	[]	REQUIRES_EXPERT_CONTEXT_REVIEW
GLOSSIKA-YUEHK-A1-W15-20260628-I039	39	vocabulary_and_situations	numbers	lexical_entry		二十萬	ji6 sap6 maan6	200 thousand		sha256:f91133303fccfd6e5898061edff4a328aa866a906f1a98eb4686fa6e4509cf45	二十萬	no_mechanical_match	lexical_only_attestation		[]	REQUIRES_EXPERT_CONTEXT_REVIEW
GLOSSIKA-YUEHK-A1-W15-20260628-I040	40	vocabulary_and_situations	numbers	lexical_entry		三十萬	saam1 sap6 maan6	300 thousand		sha256:a0150455509d8ec53b8938f94c6ddbbcd8af8dd067d39bcd13da935f350ddadf	三十萬	mechanical_exact_candidate	duplicate_candidate	external-evidence/aa77-hkcancor/hkcancor-aa77-jau-mou-candidate-inventory.tsv|external-evidence/aa77-hkcancor/hkcancor-aa77-jau-mou-query-summary.json	[]	REQUIRES_EXPERT_CONTEXT_REVIEW
GLOSSIKA-YUEHK-A1-W15-20260628-I041	41	vocabulary_and_situations	numbers	lexical_entry		四十萬	sei3 sap6 maan6	400 thousand		sha256:ddb254089470a2a9b6bde4b6f652faa7df2b005dff0fd5fee14efbbba969b0c5	四十萬	no_mechanical_match	lexical_only_attestation		[]	REQUIRES_EXPERT_CONTEXT_REVIEW
GLOSSIKA-YUEHK-A1-W15-20260628-I042	42	vocabulary_and_situations	numbers	lexical_entry		五十萬	ng5 sap6 maan6	500 thousand		sha256:147bf9d2e980da38ac80e45fc8c9eb8bceeeec13753a1d5d32381098e77a4aba	五十萬	mechanical_exact_candidate	duplicate_candidate	external-evidence/aa30-hkcancor/hkcancor-aa30-tung-tungmaai-candidate-inventory.json|external-evidence/aa30-hkcancor/hkcancor-aa30-tung-tungmaai-candidate-inventory.tsv|external-evidence/aa89-hkcancor/hkcancor-aa89-modal-lexeme-candidate-inventory.tsv	[]	REQUIRES_EXPERT_CONTEXT_REVIEW
GLOSSIKA-YUEHK-A1-W15-20260628-I043	43	vocabulary_and_situations	numbers	lexical_entry		六十萬	luk6 sap6 maan6	600 thousand		sha256:f304887dd79fe3a3c3600259658f813d85dc3f3ec7892abf17bd16f796919f84	六十萬	mechanical_exact_candidate	duplicate_candidate	external-evidence/aa07-hkcancor/hkcancor-aa07-ge-nominal-head-candidate-inventory.tsv|external-evidence/aa77-hkcancor/hkcancor-aa77-jau-mou-candidate-inventory.tsv|external-evidence/aa89-hkcancor/hkcancor-aa89-modal-lexeme-candidate-inventory.tsv	[]	REQUIRES_EXPERT_CONTEXT_REVIEW
GLOSSIKA-YUEHK-A1-W15-20260628-I044	44	vocabulary_and_situations	numbers	lexical_entry		七十萬	cat1 sap6 maan6	700 thousand		sha256:b998ed902d79712b1b8ab2049a87c7e6d14733d9b327e279dde6b05f50b35c78	七十萬	no_mechanical_match	lexical_only_attestation		[]	REQUIRES_EXPERT_CONTEXT_REVIEW
GLOSSIKA-YUEHK-A1-W15-20260628-I045	45	vocabulary_and_situations	numbers	lexical_entry		八十萬	baat3 sap6 maan6	800 thousand		sha256:3ea94542ce5f4f10ab3740e671fb890bb5932e21ab4d75053443223ad346efbd	八十萬	no_mechanical_match	lexical_only_attestation		[]	REQUIRES_EXPERT_CONTEXT_REVIEW
GLOSSIKA-YUEHK-A1-W15-20260628-I046	46	vocabulary_and_situations	numbers	lexical_entry		九十萬	gau2 sap6 maan6	900 thousand		sha256:d0e314f5a2fe27aa42a9bb50bc255c53ea13df3bd7d686d3237f8c178273b418	九十萬	no_mechanical_match	lexical_only_attestation		[]	REQUIRES_EXPERT_CONTEXT_REVIEW
GLOSSIKA-YUEHK-A1-W15-20260628-I047	47	vocabulary_and_situations	numbers	lexical_entry		一百萬	jat1 baak3 maan6	1 million		sha256:abc17c2e798ef312a5f1a89165dc0dc509dce4d5acfc1bfe22f22c494a1b715d	一百萬	mechanical_exact_candidate	duplicate_candidate	docs/research/GLOSSIKA-WEEK16-LEXICON-PROVENANCE.md|main.js|src/runtime-resources/lexicon/compositional-lexical-phrases.js|src/runtime-resources/lexicon/token-lexicon/referents-and-boundaries.js|tests/tooling/lexicon/glossika-week16-runtime-lexicon.test.js	[]	REQUIRES_EXPERT_CONTEXT_REVIEW
GLOSSIKA-YUEHK-A1-W15-20260628-I048	48	vocabulary_and_situations	situation_patterns	sentence	casual	請問去地鐵站點行？	cing2 man6 heoi3 dei6 tit3 zaam6 dim2 haang4?	Excuse me, how do I get to the MTR station?	please.ask go MTR station how walk	sha256:b9ffd6861a49433961abcd63d5fb7af2ec903eeedf9eb12320760f14c0506beb	請問去地鐵站點行	no_mechanical_match	new_attestation		[]	REQUIRES_EXPERT_CONTEXT_REVIEW
GLOSSIKA-YUEHK-A1-W15-20260628-I049	49	vocabulary_and_situations	situation_patterns	sentence	standard	直行，然後轉左。	zik6 haang4, jin4 hau6 zyun3 zo2.	Go straight, then turn left.	straight walk then turn left	sha256:a9fb896a6f325c26754b43c48467655b28b0f486ebed76ec69f1aca2ae10a092	直行然後轉左	no_mechanical_match	new_attestation		[]	REQUIRES_EXPERT_CONTEXT_REVIEW
GLOSSIKA-YUEHK-A1-W15-20260628-I050	50	vocabulary_and_situations	situation_patterns	sentence	casual	超市喺邊度？	ciu1 si5 hai2 bin1 dou6?	Where is the supermarket?	supermarket at where	sha256:bff53445bc46291d4ad444ef8bb1ff74556cf1c6b9c6a291bf2696b1f2d0aac9	超市喺邊度	no_mechanical_match	new_attestation		[]	REQUIRES_EXPERT_CONTEXT_REVIEW
GLOSSIKA-YUEHK-A1-W15-20260628-I051	51	vocabulary_and_situations	situation_patterns	sentence	standard	就喺前面，行兩分鐘就到。	zau6 hai2 cin4 min6, haang4 loeng5 fan1 zung1 zau6 dou3.	It's right ahead, two minutes' walk.	just at front walk two minute then arrive	sha256:14a220c6be9a4e6729016fe1f613fded7a6fc0310640b9dee8b2c18e18d6b8c0	就喺前面行兩分鐘就到	no_mechanical_match	new_attestation		[]	REQUIRES_EXPERT_CONTEXT_REVIEW
GLOSSIKA-YUEHK-A1-W15-20260628-I052	52	vocabulary_and_situations	mini_dialog	dialog_turn	casual	唔該，請問附近有冇郵局？	m4 goi1, cing2 man6 fu6 gan6 jau5 mou5 jau4 guk2?	Excuse me, is there a post office nearby?	please please.ask nearby have not.have post.office	sha256:e5803047f0b6288b0e50585dcaf9907068ab1bfd57d6f71e4dc78f9b4f3689e0	唔該請問附近有冇郵局	no_mechanical_match	new_attestation		[]	REQUIRES_EXPERT_CONTEXT_REVIEW
GLOSSIKA-YUEHK-A1-W15-20260628-I053	53	vocabulary_and_situations	mini_dialog	dialog_turn	casual	有，喺超市隔籬。	jau5, hai2 ciu1 si5 gaak3 lei4.	Yes, it's next to the supermarket.	have at supermarket next.to	sha256:130ad5f286e754c9b29f8cd65575624af1d455eefebc6fa39ead576dd373b92d	有喺超市隔籬	no_mechanical_match	new_attestation		[]	REQUIRES_EXPERT_CONTEXT_REVIEW
GLOSSIKA-YUEHK-A1-W15-20260628-I054	54	vocabulary_and_situations	mini_dialog	dialog_turn	casual	點行呀？	dim2 haang4 aa3?	How do I get there?	how walk SFP	sha256:33a8718c97c6dbc4262ec925e4b9a0c1a325001f06f9fe7227194e25e38f5089	點行呀	no_mechanical_match	naturalness_review_candidate		[]	REQUIRES_EXPERT_CONTEXT_REVIEW
GLOSSIKA-YUEHK-A1-W15-20260628-I055	55	vocabulary_and_situations	mini_dialog	dialog_turn	casual	直行，過咗紅綠燈就喺右手邊。	zik6 haang4, gwo3 zo2 hung4 luk6 dang1 zau6 hai2 jau6 sau2 bin1.	Go straight, past the traffic light, it's on the right.	straight walk pass PFV traffic.light then at right hand side	sha256:b41200500c050c9998eb09f4ec8c4caac84e940804a383267a77d1ae7a395e90	直行過咗紅綠燈就喺右手邊	no_mechanical_match	new_attestation		[]	REQUIRES_EXPERT_CONTEXT_REVIEW
GLOSSIKA-YUEHK-A1-W15-20260628-I056	56	grammar_patterns	yes_no_questions	sentence	standard	你食飯咩？	nei5 sik6 faan6 me1?	Do you eat rice?	you eat rice Q	sha256:b8925cf2f9b46a8374a81b5e5795b4fa5bbe90b49f79bc4753103df87d0e799d	你食飯咩	mechanical_exact_candidate	naturalness_review_candidate	archive/migration-phase5-retired-test-workflow/test-data/regression-snapshots.json|archive/registry-pre-obsidian-v0.5.184/full-construction-registry.json|archive/research-history/docs/research/EVALUATION-PACKET-BLUEPRINTS-CP021B-R36.json|archive/test-data-history/cp021b-lx1-construction-freeze-baseline-v0.5.175.json|data/construction-adjudication-batches/batch-18.json|data/construction-identities.json|docs/research/EVALUATION-PACKET-BLUEPRINTS-CP021B-R37.json|docs/research/PARSER-CONSTRUCTION-CANONICAL-CONSOLIDATION-MATRIX-CP021B-R35.tsv|docs/research/PARSER-CONSTRUCTION-INTERNAL-DISPOSITION-MATRIX-CP021B-R34.tsv|test-data/cp021b-lx1-construction-freeze-baseline.json|tests/constructions/ClauseSpan.json|tests/constructions/PolarQuestionFrame.json|tests/constructions/ProductiveVO.json|tests/fixtures/regression-snapshots.json	[{"type":"translation_pragmatics","status":"requires_external_verification","note":"The neutral English yes/no gloss may not preserve final 咩 pragmatic force."}]	REQUIRES_EXPERT_CONTEXT_REVIEW
GLOSSIKA-YUEHK-A1-W15-20260628-I057	57	grammar_patterns	yes_no_questions	sentence	standard	佢係唔係老師？	keoi5 hai6 m4 hai6 lou5 si1?	Is he/she a teacher?	he/she COP NEG COP teacher	sha256:6365cc8c9121aa11eef5e156ff2cf895e52dc0e1671d2dbc625656573d1580cf	佢係唔係老師	no_mechanical_match	new_attestation		[]	REQUIRES_EXPERT_CONTEXT_REVIEW
GLOSSIKA-YUEHK-A1-W15-20260628-I058	58	grammar_patterns	wh_questions	sentence	standard	你叫咩名？	nei5 giu3 me1 meng2?	What is your name?	you call what name	sha256:2acad4976cbf32cb175b422df039fe79b0cf3eaf398964d397d968b1c4da606b	你叫咩名	no_mechanical_match	new_attestation		[]	REQUIRES_EXPERT_CONTEXT_REVIEW
GLOSSIKA-YUEHK-A1-W15-20260628-I059	59	grammar_patterns	wh_questions	sentence	standard	邊個嚟？	bin1 go3 lai4?	Who is coming?	who come	sha256:6b8ee2c86d65a24b26a8b5792991bfcfb4ad84e5270809657798a02969be1170	邊個嚟	mechanical_exact_candidate	duplicate_candidate	archive/registry-pre-obsidian-v0.5.184/full-construction-registry.json|archive/release-history/CHANGELOG-FULL-through-v0.5.182.md|archive/research-history/docs/research/CP021B-R20-RESEARCH-CHECKPOINT.md|archive/research-history/docs/research/CP021B-R20-SOURCE-SEARCH-LOG.tsv|archive/research-history/docs/research/PARSER-CONSTRUCTION-INTERNAL-PROVENANCE-REGISTER-CP021B-R20.tsv|archive/research-history/docs/research/PARSER-CONSTRUCTION-INTERNAL-PROVENANCE-REGISTER-CP021B-R21.tsv|archive/research-history/docs/research/PARSER-CONSTRUCTION-INTERNAL-PROVENANCE-REGISTER-CP021B-R22.tsv|archive/research-history/docs/research/PARSER-CONSTRUCTION-INTERNAL-PROVENANCE-REGISTER-CP021B-R23.tsv|archive/research-history/docs/research/PARSER-CONSTRUCTION-INTERNAL-PROVENANCE-REGISTER-CP021B-R24.tsv|archive/research-history/docs/research/PARSER-CONSTRUCTION-INTERNAL-PROVENANCE-REGISTER-CP021B-R25.tsv|archive/research-history/docs/research/PARSER-CONSTRUCTION-INTERNAL-PROVENANCE-REGISTER-CP021B-R26.tsv|archive/research-history/docs/research/PARSER-CONSTRUCTION-INTERNAL-PROVENANCE-REGISTER-CP021B-R27.tsv|archive/research-history/docs/research/PARSER-CONSTRUCTION-INTERNAL-PROVENANCE-REGISTER-CP021B-R28.tsv|archive/research-history/docs/research/PARSER-CONSTRUCTION-INTERNAL-PROVENANCE-REGISTER-CP021B-R29.tsv|archive/research-history/docs/research/PARSER-CONSTRUCTION-INTERNAL-PROVENANCE-REGISTER-CP021B-R30.tsv|archive/research-history/docs/research/PARSER-CONSTRUCTION-INTERNAL-PROVENANCE-REGISTER-CP021B-R31.tsv|archive/research-history/docs/research/PARSER-CONSTRUCTION-INTERNAL-PROVENANCE-REGISTER-CP021B-R32.tsv|archive/research-history/docs/research/PARSER-CONSTRUCTION-INTERNAL-PROVENANCE-REGISTER-CP021B-R33.tsv|archive/research-history/docs/research/PARSER-CONSTRUCTION-INTERNAL-PROVENANCE-REGISTER-CP021B-R34.tsv|archive/research-history/docs/research/PARSER-CONSTRUCTION-INTERNAL-PROVENANCE-REGISTER-CP021B-R35.tsv|archive/research-history/docs/research/PARSER-CONSTRUCTION-INTERNAL-PROVENANCE-REGISTER-CP021B-R36.tsv|archive/research-history/docs/research/PARSER-CONSTRUCTION-SOURCE-MATRIX-CP021B-R20-ADDITIONS.tsv|archive/research-history/docs/research/PARSER-CONSTRUCTION-SOURCE-MATRIX-CP021B-R20.tsv|archive/research-history/docs/research/PARSER-CONSTRUCTION-SOURCE-MATRIX-CP021B-R21.tsv|archive/research-history/docs/research/PARSER-CONSTRUCTION-SOURCE-MATRIX-CP021B-R22.tsv|archive/research-history/docs/research/PARSER-CONSTRUCTION-SOURCE-MATRIX-CP021B-R23.tsv|archive/research-history/docs/research/PARSER-CONSTRUCTION-SOURCE-MATRIX-CP021B-R24.tsv|archive/research-history/docs/research/PARSER-CONSTRUCTION-SOURCE-MATRIX-CP021B-R25.tsv|archive/research-history/docs/research/PARSER-CONSTRUCTION-SOURCE-MATRIX-CP021B-R26.tsv|archive/research-history/docs/research/PARSER-CONSTRUCTION-SOURCE-MATRIX-CP021B-R27.tsv|archive/research-history/docs/research/PARSER-CONSTRUCTION-SOURCE-MATRIX-CP021B-R28.tsv|archive/research-history/docs/research/PARSER-CONSTRUCTION-SOURCE-MATRIX-CP021B-R29.tsv|archive/research-history/docs/research/PARSER-CONSTRUCTION-SOURCE-MATRIX-CP021B-R30.tsv|archive/research-history/docs/research/PARSER-CONSTRUCTION-SOURCE-MATRIX-CP021B-R31.tsv|archive/research-history/docs/research/PARSER-CONSTRUCTION-SOURCE-MATRIX-CP021B-R32.tsv|archive/research-history/docs/research/PARSER-CONSTRUCTION-SOURCE-MATRIX-CP021B-R33.tsv|archive/research-history/docs/research/PARSER-CONSTRUCTION-SOURCE-MATRIX-CP021B-R34.tsv|archive/research-history/docs/research/PARSER-CONSTRUCTION-SOURCE-MATRIX-CP021B-R35.tsv|archive/research-history/docs/research/PARSER-CONSTRUCTION-SOURCE-MATRIX-CP021B-R36.tsv|archive/retired-labels/v0.5.214-r4-scalar-question-reconciliation/IdentityWhQuestion.md|data/construction-candidate-readiness.json|data/construction-identities.json|docs/research/CP039-P1-EVALUATION-SCALAR-QUESTION-WRAPPER-AUDIT-R1.md|docs/research/CP039-P1-EVALUATION-SCALAR-QUESTION-WRAPPER-INVENTORY-R1.tsv|docs/research/PARSER-CONSTRUCTION-INTERNAL-PROVENANCE-REGISTER-CP021B-R37.tsv|docs/research/PARSER-CONSTRUCTION-INTERNAL-PROVENANCE-REGISTER-CP022-I1A-I04-R1.tsv|docs/research/PARSER-CONSTRUCTION-SOURCE-MATRIX-CP021B-R37.tsv|docs/research/RETIRED-CONSTRUCTION-ARCHIVE-v0.5.186-R1.tsv|docs/research/WH-IDENTITY-NAMING-ADDRESS-SOURCE-MAP-CP021B-R20.md|docs/research/reopened-retired-labels/IdentityWhQuestion.md|grammar/retired/README.md|main.js|src/plugin-entry.js|src/runtime-resources/constructions/runtime-label-registry.js	[]	REQUIRES_EXPERT_CONTEXT_REVIEW
GLOSSIKA-YUEHK-A1-W15-20260628-I060	60	phonics_drill	e_vs_i	phonics_pair		些|四	se1|sei3	some|four		sha256:f25619d5f4e534849bc3add78c3296af389b1bfd9cbbade711a19e74ac794b38	些四	no_mechanical_match	pronunciation_review_candidate		[]	REQUIRES_EXPERT_CONTEXT_REVIEW
GLOSSIKA-YUEHK-A1-W15-20260628-I061	61	phonics_drill	e_vs_i	phonics_pair		借|字	ze3|zi6	to lend|character; word		sha256:e6e484c7206efe9e4d8da91ae371af8399fe81a1944033cca92f6b4766cbdfdf	借字	no_mechanical_match	pronunciation_review_candidate		[]	REQUIRES_EXPERT_CONTEXT_REVIEW
GLOSSIKA-YUEHK-A1-W15-20260628-I062	62	phonics_drill	e_vs_i	phonics_pair		靚|令	leng3|ling6	pretty; beautiful|order; to make		sha256:489e81db477672b7e5b1cceb428328f754bc0383967e55e6d27b16b797a18b23	靚令	no_mechanical_match	pronunciation_translation_discrepancy		[{"type":"phonetic_pair_quality","status":"requires_independent_verification","note":"The IPA/Jyutping pairing and lexical gloss relation require phonological review."}]	REQUIRES_EXPERT_CONTEXT_REVIEW
GLOSSIKA-YUEHK-A1-W15-20260628-I063	63	phonics_drill	e_vs_i	phonics_pair		踢|滴	tek3|dik1	to kick|a drop		sha256:990a401e19333db2f5929b6a4c566a863c6376174db7ad9cb86d015f35b23bd3	踢滴	no_mechanical_match	pronunciation_review_candidate		[]	REQUIRES_EXPERT_CONTEXT_REVIEW
GLOSSIKA-YUEHK-A1-W15-20260628-I064	64	phonics_drill	e_vs_i	phonics_pair		錫|識	sek3|sik1	tin; to kiss|to know		sha256:d01bbca164d848991b5ea70283cba6abe88dc0df749cfd00df4a512375776209	錫識	no_mechanical_match	pronunciation_translation_discrepancy		[{"type":"lexical_gloss_polysemy","status":"requires_independent_verification","note":"The source gloss “tin; to kiss” conflates lexical readings and must remain source-only."}]	REQUIRES_EXPERT_CONTEXT_REVIEW
GLOSSIKA-YUEHK-A1-W15-20260628-I065	65	phonics_drill	e_vs_i	phonics_pair		—|平	—|ping4	—|cheap; flat		sha256:2320a37f2c768d8dc722ab801601dc4364012d08e10cd5afc460bee135ad77dc	平	no_mechanical_match	pronunciation_translation_discrepancy		[{"type":"incomplete_phonics_pair","status":"source_incomplete","note":"The source supplies no Word A, Jyutping A, or Gloss A."}]	REQUIRES_EXPERT_CONTEXT_REVIEW
