rank	surface	disposition	evidence	reason
1253	幾大	retire_invalid_atomic	#797 accepted expert specification	compositional interrogative/degree phrase
1259	試下	retire_invalid_atomic	#797 accepted expert specification	productive verb + delimitative 下 sequence
1275	三點	retire_invalid_atomic	#797 accepted expert specification	transparent numeral + time/point expression
1280	四十五度	retire_invalid_atomic	#797 accepted expert specification	transparent numeric degree/measure expression
1281	左下	retire_invalid_atomic	#797 accepted expert specification	compositional spatial direction expression
1288	再落	retire_invalid_atomic	#797 accepted expert specification	productive adverb + motion verb sequence
1290	好大	retire_invalid_atomic	#797 accepted expert specification	compositional degree + property phrase
1291	好慘	retire_invalid_atomic	#797 accepted expert specification	compositional degree + property phrase
1295	我估	retire_invalid_atomic	#797 accepted expert specification	transparent pronoun + cognition verb fragment
1296	我畫	retire_invalid_atomic	#797 accepted expert specification	transparent pronoun + verb fragment
1301	知有	retire_invalid_atomic	#797 accepted expert specification	clause fragment; no whole-string lexical identity
1306	個害	retire_invalid_atomic	#797 accepted expert specification	unsupported classifier/determiner + lexical fragment
1312	將個	retire_invalid_atomic	#797 accepted expert specification	constructional function word + classifier fragment
1316	圍住	retire_invalid_atomic	#797 accepted expert specification	productive verb + 住 continuation/result sequence
1320	落落	retire_invalid_atomic	#797 accepted expert specification	productive reduplication/sequence; no atomic whole required
1331	邊行	retire_invalid_atomic	#797 accepted expert specification	interrogative + motion/row sequence; no single atomic analysis selected
1333	一晚	retire_invalid_atomic	#797 accepted expert specification	transparent numeral + temporal noun phrase
1336	上角	retire_invalid_atomic	#797 accepted expert specification	compositional spatial phrase
1347	成張	retire_invalid_atomic	#797 accepted expert specification	productive quantificational + classifier phrase
1351	即個	retire_invalid_atomic	#797 accepted expert specification	unsupported function-word + classifier fragment
1366	問我	retire_invalid_atomic	#797 accepted expert specification	transparent verb + pronoun phrase
1374	幾喇	retire_invalid_atomic	#797 accepted expert specification	compositional degree/interrogative + particle expression
1377	越來	retire_invalid_atomic	#797 accepted expert specification	incomplete/compositional degree-construction fragment
1387	講個	retire_invalid_atomic	#797 accepted expert specification	transparent verb + classifier fragment
1388	轉個	retire_invalid_atomic	#797 accepted expert specification	transparent verb + classifier fragment
1393	一百蚊	retire_invalid_atomic	#797 accepted expert specification	transparent numeral + currency measure phrase
1400	右下方	retire_invalid_atomic	#797 accepted expert specification	compositional spatial expression
1405	多次	retire_invalid_atomic	#797 accepted expert specification	productive quantity/frequency phrase
1406	多個	retire_invalid_atomic	#797 accepted expert specification	productive quantifier + classifier phrase
1432	個意	retire_invalid_atomic	#797 accepted expert specification	classifier/determiner + noun fragment; no atomic identity
1436	時話	retire_invalid_atomic	#797 accepted expert specification	unsupported/incomplete segmentation fragment
1443	就畫	retire_invalid_atomic	#797 accepted expert specification	productive adverb/function + verb sequence
1450	落返	retire_invalid_atomic	#797 accepted expert specification	productive motion/result verb + restitutive 返 sequence
1451	過個	retire_invalid_atomic	#797 accepted expert specification	productive aspect/path item + classifier fragment
1468	講番	retire_invalid_atomic	#797 accepted expert specification	productive verb + restitutive 返/番 sequence
1469	點會	retire_invalid_atomic	#797 accepted expert specification	compositional interrogative + modal construction
1473	一本	retire_invalid_atomic	#797 accepted expert specification	transparent numeral + classifier phrase
1474	一座	retire_invalid_atomic	#797 accepted expert specification	transparent numeral + classifier phrase
1475	下角	retire_invalid_atomic	#797 accepted expert specification	compositional spatial phrase
1478	五點	retire_invalid_atomic	#797 accepted expert specification	transparent numeral + time/point expression
1483	右畫	retire_invalid_atomic	#797 accepted expert specification	unsupported direction + verb fragment
1484	再畫	retire_invalid_atomic	#797 accepted expert specification	productive adverb + verb phrase
1487	好貴	retire_invalid_atomic	#797 accepted expert specification	compositional degree + property phrase
1492	每個	retire_invalid_atomic	#797 accepted expert specification	productive distributive quantifier + classifier phrase
1505	要講	retire_invalid_atomic	#798 accepted expert specification	compositional modal/verb + 講 sequence
1520	幾咁	retire_invalid_atomic	#798 accepted expert specification	compositional degree construction
1534	養魚	retire_invalid_atomic	#798 accepted expert specification	transparent verb-object phrase; packet noun tag does not establish lexicalization
1536	講講	retire_invalid_atomic	#798 accepted expert specification	productive verb reduplication
1545	一件	retire_invalid_atomic	#798 accepted expert specification	transparent numeral + classifier phrase
1546	一部份	retire_invalid_atomic	#798 accepted expert specification	transparent numeral + portion noun/measure phrase
1547	一棵	retire_invalid_atomic	#798 accepted expert specification	transparent numeral + plant classifier phrase
1548	十年	retire_invalid_atomic	#798 accepted expert specification	transparent numeral + temporal measure phrase
1554	今個	retire_invalid_atomic	#798 accepted expert specification	productive temporal demonstrative + classifier sequence
1565	先得	retire_invalid_atomic	#798 accepted expert specification	constructional adverb/function + predicate sequence
1566	好少	retire_invalid_atomic	#798 accepted expert specification	compositional degree + quantity/property phrase
1568	好煩	retire_invalid_atomic	#798 accepted expert specification	compositional degree + property phrase
1573	你畫	retire_invalid_atomic	#798 accepted expert specification	transparent pronoun + verb phrase
1574	即要	retire_invalid_atomic	#798 accepted expert specification	function-word + modal/verb fragment; no atomic lexical identity
1576	我識	retire_invalid_atomic	#798 accepted expert specification	transparent pronoun + cognition/ability verb phrase
1578	兩條	retire_invalid_atomic	#798 accepted expert specification	transparent numeral + classifier phrase
1581	返轉頭	retire_invalid_atomic	#798 accepted expert specification	composition of return 返 + independently lexical 轉頭; no extra whole atom needed
1590	食到	retire_invalid_atomic	#798 accepted expert specification	productive verb + 到 result/potential sequence
1591	個萍	retire_invalid_atomic	#798 accepted expert specification	unsupported classifier/determiner + noun fragment
1607	就會	retire_invalid_atomic	#798 accepted expert specification	productive discourse/adverb + modal sequence
1608	幾靚	retire_invalid_atomic	#798 accepted expert specification	compositional degree + property phrase
1613	畫一個	retire_invalid_atomic	#798 accepted expert specification	transparent verb + numeral/classifier phrase
1620	會會	retire_invalid_atomic	#798 accepted expert specification	unsupported/reduplicated modal or noun sequence; no whole lexical identity
1634	講多次	retire_invalid_atomic	#798 accepted expert specification	transparent verb + frequency phrase
1638	一套	retire_invalid_atomic	#798 accepted expert specification	transparent numeral + classifier phrase
1639	一部	retire_invalid_atomic	#798 accepted expert specification	transparent numeral + classifier phrase
1640	十二點	retire_invalid_atomic	#798 accepted expert specification	transparent numeral + time expression
1648	去過	retire_invalid_atomic	#798 accepted expert specification	productive verb + experiential 過 sequence
1652	多過	retire_invalid_atomic	#798 accepted expert specification	productive comparative quantifier/property + 過 construction
1654	好悶	retire_invalid_atomic	#798 accepted expert specification	compositional degree + property phrase
1667	兩日	retire_invalid_atomic	#798 accepted expert specification	transparent numeral + temporal noun/measure phrase
1668	兩樣	retire_invalid_atomic	#798 accepted expert specification	transparent numeral + classifier/kind phrase
1670	呢種	retire_invalid_atomic	#798 accepted expert specification	productive demonstrative + classifier phrase
1681	個頭	retire_invalid_atomic	#798 accepted expert specification	classifier/determiner + noun phrase
1683	唔多	retire_invalid_atomic	#798 accepted expert specification	productive negation + quantity/property expression; adverbial use does not require a whole atom
1690	高過	retire_invalid_atomic	#798 accepted expert specification	productive comparative property + 過 construction
1694	問吓	retire_invalid_atomic	#798 accepted expert specification	productive verb + delimitative 吓 sequence
1696	最右	retire_invalid_atomic	#798 accepted expert specification	productive superlative/degree + spatial expression
1697	最底	retire_invalid_atomic	#798 accepted expert specification	productive superlative/degree + localizer expression
1703	睇住	retire_invalid_atomic	#798 accepted expert specification	productive verb + 住 continuation sequence
1706	貼住	retire_invalid_atomic	#798 accepted expert specification	productive verb + 住 continuation/result sequence
1707	開燈	retire_invalid_atomic	#798 accepted expert specification	transparent verb-object phrase
1728	邊有	retire_invalid_atomic	#798 accepted expert specification	interrogative + existential/verb construction; no whole lexical atom
1731	聽過	retire_invalid_atomic	#798 accepted expert specification	productive verb + experiential 過 sequence
1733	一句	retire_invalid_atomic	#798 accepted expert specification	transparent numeral + classifier phrase
1736	人話	retire_invalid_atomic	#798 accepted expert specification	transparent noun + speech noun/verb phrase; no whole atomic POS selected
1740	五個	retire_invalid_atomic	#798 accepted expert specification	transparent numeral + classifier phrase
1749	半年	retire_invalid_atomic	#841/#842 structural cleanup	transparent quantified-time sequence 半 + 年; already structurally licensed
1754	正上方	retire_invalid_atomic	#799 accepted expert specification	transparent degree/direction + spatial phrase
1758	再行	retire_invalid_atomic	#799 accepted expert specification	productive adverb + motion/verb sequence
1760	好多人	retire_invalid_atomic	#799 accepted expert specification	compositional degree/quantity + noun phrase
1761	好快	retire_invalid_atomic	#799 accepted expert specification	compositional degree + property/adverb phrase
1762	好近	retire_invalid_atomic	#799 accepted expert specification	compositional degree + stative/locative phrase
1763	好遠	retire_invalid_atomic	#799 accepted expert specification	compositional degree + stative/locative phrase
1771	我問	retire_invalid_atomic	#799 accepted expert specification	transparent pronoun + verb clause fragment
1775	兩點	retire_invalid_atomic	#799 accepted expert specification	transparent numeral + time/point expression
1806	第二個韻	retire_invalid_atomic	#799 accepted expert specification	transparent ordinal + classifier + noun phrase
1816	就講	retire_invalid_atomic	#799 accepted expert specification	productive discourse/adverb + verb sequence
1817	幾日	retire_invalid_atomic	#799 accepted expert specification	compositional quantifier + temporal noun phrase
1826	當你	retire_invalid_atomic	#799 accepted expert specification	transparent verb/function + pronoun phrase
1827	當我	retire_invalid_atomic	#799 accepted expert specification	transparent verb/function + pronoun phrase
1842	幫到	retire_invalid_atomic	#799 accepted expert specification	productive verb + 到 result/potential sequence
1848	講開	retire_invalid_atomic	#799 accepted expert specification	productive verb + aspectual/discourse 開 sequence
1853	轉右	retire_invalid_atomic	#799 accepted expert specification	productive motion verb + direction phrase
1858	邊間	retire_invalid_atomic	#799 accepted expert specification	interrogative + classifier phrase
1861	聽到	retire_invalid_atomic	#799 accepted expert specification	productive verb + 到 result/potential sequence
1866	九十度	retire_invalid_atomic	#799 accepted expert specification	transparent numeric degree/measure expression
1868	十一點	retire_invalid_atomic	#799 accepted expert specification	transparent numeral + time expression
1870	下畫	retire_invalid_atomic	#799 accepted expert specification	unsupported direction/function + verb fragment
1871	山個	retire_invalid_atomic	#799 accepted expert specification	unsupported noun + classifier fragment
1887	加返	retire_invalid_atomic	#799 accepted expert specification	productive verb + restitutive 返 sequence
1893	由個	retire_invalid_atomic	#799 accepted expert specification	function/coverb + classifier fragment
1903	好靚	retire_invalid_atomic	#799 accepted expert specification	compositional degree + property phrase
1911	有位	retire_invalid_atomic	#799 accepted expert specification	productive existential/possessive + classifier phrase
1913	考到	retire_invalid_atomic	#799 accepted expert specification	productive verb + 到 result/potential sequence
1914	行返	retire_invalid_atomic	#799 accepted expert specification	productive motion verb + restitutive 返 sequence
1916	你明	retire_invalid_atomic	#799 accepted expert specification	transparent pronoun + cognition/property predicate
1917	你識	retire_invalid_atomic	#799 accepted expert specification	transparent pronoun + cognition/ability verb
1921	我明	retire_invalid_atomic	#799 accepted expert specification	transparent pronoun + cognition/property predicate
1925	兩位	retire_invalid_atomic	#799 accepted expert specification	transparent numeral + classifier phrase
1932	返番	retire_invalid_atomic	#799 accepted expert specification	orthographic duplication/segmentation around return/restitutive 返; no atomic lexical identity
1944	要畫	retire_invalid_atomic	#799 accepted expert specification	transparent modal/verb + lexical verb phrase
1948	哩件	retire_invalid_atomic	#799 accepted expert specification	productive demonstrative + classifier phrase
1958	兜個	retire_invalid_atomic	#799 accepted expert specification	transparent verb/noun + classifier fragment; no whole lexical identity
1984	會有	retire_invalid_atomic	#799 accepted expert specification	productive modal/verb + existential verb sequence
