review_index	item_id	source_id	source_title	source_hash	ordinal	speaker	traditional	jyutping	previous_turn_id	previous_speaker	previous_traditional	next_turn_id	next_speaker	next_traditional	runtime_labels	review_class	review_subtype	terminal_disposition	linked_slots	routed_issue	confidence	rationale	nonfabrication_rule
1	GLOSSIKA-YUEHK-A1-DLG-001-20251130-I002	GLOSSIKA-YUEHK-A1-DLG-001-20251130	學跳舞	sha256:c5c5e039a54760a276a2de0a09c9041da1817b328e5a979f4261e5d01f89d4a9	2	阿文	識少少啫,跳得唔係好好。	Aa3 Man4: Sik1 siu2 siu2 ze1, tiu3 dak1 m4 hai6 hou2 hou2.	GLOSSIKA-YUEHK-A1-DLG-001-20251130-I001	美美	喂,阿文,你識唔識跳舞呀?	GLOSSIKA-YUEHK-A1-DLG-001-20251130-I003	美美	你識跳咩舞呀?	NeedsContext	multi_clause_member_local	skill_answer_plus_overt_evaluation	context_licensed	answer_domain|speaker_continuity		high	The first member 識少少啫 answers the preceding skill question; 跳得唔係好好 remains overt and independently interpretable. Context links the answer domain without inserting a hidden predicate.	Link discourse metadata to overt source turns only; do not insert reconstructed words or synthetic syntax.
2	GLOSSIKA-YUEHK-A1-DLG-001-20251130-I020	GLOSSIKA-YUEHK-A1-DLG-001-20251130	學跳舞	sha256:e96409082202dea50746cc89f2125ce0d4a407e570d430816ab8e6f255c6017f	20	阿文	得呀,幾時去呀?	Aa3 Man4: Dak1 aa3, gei2 si4 heoi3 aa3?	GLOSSIKA-YUEHK-A1-DLG-001-20251130-I019	美美	去跳舞學校睇吓課程。	GLOSSIKA-YUEHK-A1-DLG-001-20251130-I021	美美	聽日得唔得呀?	ClauseRelationGraph|DirectionalMotionVP|NeedsContext|TemporalClause	multi_clause_member_local	acceptance_plus_temporal_continuation_question	context_licensed	proposal_domain|motion_event_domain		high	得呀 accepts the immediately preceding proposal to visit the dance school; 幾時去 asks the time of that overtly established event.	Link discourse metadata to overt source turns only; do not insert reconstructed words or synthetic syntax.
3	GLOSSIKA-YUEHK-A1-DLG-001-20251130-I022	GLOSSIKA-YUEHK-A1-DLG-001-20251130	學跳舞	sha256:ffadbbf0052fc2febd5c75995cb701ed19b83fb1541d068c60cd97be7a9034e0	22	阿文	得呀,聽日下晝得唔得呀?	Aa3 Man4: Dak1 aa3, ting1 jat6 haa6 zau3 dak1 m4 dak1 aa3?	GLOSSIKA-YUEHK-A1-DLG-001-20251130-I021	美美	聽日得唔得呀?	GLOSSIKA-YUEHK-A1-DLG-001-20251130-I023	美美	得呀!咁我哋約幾點呀?	ClauseRelationGraph|NeedsContext|TemporalClause	multi_clause_member_local	acceptance_plus_refined_time_question	context_licensed	proposal_domain|scheduled_event_domain		high	The first 得呀 accepts tomorrow; the second member proposes a narrower time for the same visit. Only relation metadata is linked.	Link discourse metadata to overt source turns only; do not insert reconstructed words or synthetic syntax.
4	GLOSSIKA-YUEHK-A1-DLG-001-20251130-I023	GLOSSIKA-YUEHK-A1-DLG-001-20251130	學跳舞	sha256:6f233dfc1a936ed541f1da2302383895531176b621a7a4af708dab774598c18d	23	美美	得呀!咁我哋約幾點呀?	Mei5 Mei5: Dak1 aa3! Gam2 ngo5 dei6 joek3 gei2 dim2 aa3?	GLOSSIKA-YUEHK-A1-DLG-001-20251130-I022	阿文	得呀,聽日下晝得唔得呀?	GLOSSIKA-YUEHK-A1-DLG-001-20251130-I024	阿文	三點得唔得呀?	NeedsContext	multi_clause_member_local	acceptance_plus_scheduling_question	context_licensed	proposal_domain		high	得呀 accepts the afternoon proposal; the following scheduling question is overt and keeps its own structure.	Link discourse metadata to overt source turns only; do not insert reconstructed words or synthetic syntax.
5	GLOSSIKA-YUEHK-A1-DLG-001-20251130-I025	GLOSSIKA-YUEHK-A1-DLG-001-20251130	學跳舞	sha256:023127ec12946e6d3b3afc8517d5021f9dac726d4c4bd5facb4a5d4606500b41	25	美美	得呀!喺邊度見呀?	Mei5 Mei5: Dak1 aa3! Hai2 bin1 dou6 gin3 aa3?	GLOSSIKA-YUEHK-A1-DLG-001-20251130-I024	阿文	三點得唔得呀?	GLOSSIKA-YUEHK-A1-DLG-001-20251130-I026	阿文	喺學校門口見啦。	CoverbFrame|LocativePlacePhrase|LocativeWhQuestion|NeedsContext	multi_clause_member_local	acceptance_plus_location_question	context_licensed	proposal_domain|meeting_event_domain		high	得呀 accepts three o'clock; 喺邊度見 asks the meeting location for the established plan.	Link discourse metadata to overt source turns only; do not insert reconstructed words or synthetic syntax.
6	GLOSSIKA-YUEHK-A1-DLG-002-20251207-I027	GLOSSIKA-YUEHK-A1-DLG-002-20251207	讚吓個蛋糕	sha256:f5113f657d5742b956e63f3e18ec2ee96c9622b581c9b95e346555309b69bec8	27	阿珊	哦!要呀!寫「生日快樂」,得唔得呀?		GLOSSIKA-YUEHK-A1-DLG-002-20251207-I026	店員	即係喺蛋糕上面寫生日快樂之類。	GLOSSIKA-YUEHK-A1-DLG-002-20251207-I028	店員	得呀,冇問題。要幾多支蠟燭呀?	AcceptabilityANotA|ClauseRelationGraph|NeedsContext|TopicComment	multi_clause_member_local	service_selection_plus_acceptability_question	context_licensed	service_option_domain		high	要呀 selects the birthday-message service described in the immediately preceding explanation; the quoted message and 得唔得 question are overt.	Link discourse metadata to overt source turns only; do not insert reconstructed words or synthetic syntax.
7	GLOSSIKA-YUEHK-A1-DLG-002-20251207-I028	GLOSSIKA-YUEHK-A1-DLG-002-20251207	讚吓個蛋糕	sha256:15e1fa4b932264d554a338d63122e22893681f3d2bc38181328477e6fabb4e6b	28	店員	得呀,冇問題。要幾多支蠟燭呀?		GLOSSIKA-YUEHK-A1-DLG-002-20251207-I027	阿珊	哦!要呀!寫「生日快樂」,得唔得呀?	GLOSSIKA-YUEHK-A1-DLG-002-20251207-I029	阿珊	要五支,得唔得呀?	ClauseRelationGraph|DegreeStativePredicate|FormulaDiscourseUnit|ModalVP|NeedsContext	multi_clause_member_local	acceptance_formula_plus_quantity_question	context_licensed	request_domain		high	得呀 answers the message request; 冇問題 is formulaic and the candle question is independently overt.	Link discourse metadata to overt source turns only; do not insert reconstructed words or synthetic syntax.
8	GLOSSIKA-YUEHK-A1-DLG-002-20251207-I030	GLOSSIKA-YUEHK-A1-DLG-002-20251207	讚吓個蛋糕	sha256:6decfca0a50661890af1d158d14b4d9e94f71ead553b22f4646be5516a7871cf	30	店員	得呀!我哋送埋蠟燭畀你。		GLOSSIKA-YUEHK-A1-DLG-002-20251207-I029	阿珊	要五支,得唔得呀?	GLOSSIKA-YUEHK-A1-DLG-002-20251207-I031	阿珊	多謝!你哋服務真係好好!	NeedsContext	multi_clause_member_local	acceptance_plus_transfer_statement	context_licensed	request_domain		high	得呀 accepts the request for five candles; the transfer statement is overt and independent.	Link discourse metadata to overt source turns only; do not insert reconstructed words or synthetic syntax.
9	GLOSSIKA-YUEHK-A1-DLG-002-20251207-I034	GLOSSIKA-YUEHK-A1-DLG-002-20251207	讚吓個蛋糕	sha256:cc3b814cdbd8173612d11ab7c160c9ea8e3aff07cd07bbb2b1650038026a4681	34	店員	得呀,你嚟攞就得喇。		GLOSSIKA-YUEHK-A1-DLG-002-20251207-I033	阿珊	聽日下晝三點鐘得唔得呀?	GLOSSIKA-YUEHK-A1-DLG-002-20251207-I035	阿珊	好呀!要唔要畀訂金呀?	ClauseRelationEdge|ClauseRelationGraph|ClauseRelationMemberSpan|DirectionalMotionVP|FormulaDiscourseUnit|NeedsContext	multi_clause_member_local	time_acceptance_plus_sufficiency_instruction	context_licensed	time_proposal_domain		high	得呀 accepts the proposed pickup time; 你嚟攞就得喇 is overt and does not need a fabricated complement.	Link discourse metadata to overt source turns only; do not insert reconstructed words or synthetic syntax.
10	GLOSSIKA-YUEHK-A1-DLG-003-20251214-I003	GLOSSIKA-YUEHK-A1-DLG-003-20251214	同朋友整湯圓慶祝冬至	sha256:32235bf80eeabe9ce0a26c3b7d1febc3f6ab17c08bf64a39aab8a16ab10fed00	3	阿明	會呀!你呢?		GLOSSIKA-YUEHK-A1-DLG-003-20251214-I002	小紅	係呀!你屋企會唔會食湯圓呀?	GLOSSIKA-YUEHK-A1-DLG-003-20251214-I004	小紅	我哋每年都整㗎。	FragmentQuestion|NeedsContext	continuation_or_fragment_question	modal_answer_plus_reciprocal_question	context_licensed	polar_question_domain|reciprocal_question_domain		high	會呀 selects the positive alternative of the preceding 會唔會食湯圓 question; 你呢 asks the same domain about the other speaker.	Link discourse metadata to overt source turns only; do not insert reconstructed words or synthetic syntax.
11	GLOSSIKA-YUEHK-A1-DLG-003-20251214-I022	GLOSSIKA-YUEHK-A1-DLG-003-20251214	同朋友整湯圓慶祝冬至	sha256:c2866d7d4ac12cc6de50009c80b0b3988b029892c7acae926d47919783d2380b	22	小紅	可以包,都可以唔包。		GLOSSIKA-YUEHK-A1-DLG-003-20251214-I021	阿明	包唔包餡㗎?	GLOSSIKA-YUEHK-A1-DLG-003-20251214-I023	阿明	包咩餡好呀?	ClauseRelationGraph|ModalVP|NeedsContext	recoverable_answer	alternative_answer_with_omitted_object_domain	context_licensed	object_domain|polar_alternatives		high	包 and 唔包 answer the immediately preceding 包唔包餡 question. The object domain 餡 is linked to the question rather than regenerated as a child.	Link discourse metadata to overt source turns only; do not insert reconstructed words or synthetic syntax.
12	GLOSSIKA-YUEHK-A1-DLG-003-20251214-I039	GLOSSIKA-YUEHK-A1-DLG-003-20251214	同朋友整湯圓慶祝冬至	sha256:5a283490830dcf6dea3cd06cbb2a0d50c398ffaa78f54cba607e10bfafbaf3d9	39	阿明	所以一家人聚埋?		GLOSSIKA-YUEHK-A1-DLG-003-20251214-I038	小紅	冬至係一年最長嘅夜晚。	GLOSSIKA-YUEHK-A1-DLG-003-20251214-I040	小紅	係呀!同屋企人食飯最緊要。	ClauseRelationMemberSpan|NeedsContext|QuantifiedPersonNP|QuantityNP	genuinely_ambiguous	diffuse_causal_continuation	retain_needs_context	left_relation_member		medium	所以一家人聚埋 does not have a uniquely licensed causal antecedent in the immediately preceding turn: being the longest night does not itself establish the proposed family-gathering consequence. Broader dialog themes make a reading plausible but not unique.	Link discourse metadata to overt source turns only; do not insert reconstructed words or synthetic syntax.
13	GLOSSIKA-YUEHK-A1-DLG-003-20251214-I043	GLOSSIKA-YUEHK-A1-DLG-003-20251214	同朋友整湯圓慶祝冬至	sha256:2c8667b4ba3ae1acfe3bfabb8511fcb7e4564a17fcf32b8fbf97e74e0b99abb2	43	阿明	得呀!我嚟你屋企?		GLOSSIKA-YUEHK-A1-DLG-003-20251214-I042	小紅	冬至前一日得唔得?	GLOSSIKA-YUEHK-A1-DLG-003-20251214-I044	小紅	好呀!下晝三點得唔得?	DirectionalMotionVP|NeedsContext	multi_clause_member_local	acceptance_plus_location_confirmation	context_licensed	day_proposal_domain|visit_plan_domain		high	得呀 accepts the proposed day; 我嚟你屋企 is an overt confirmation/proposal whose event is anchored by the planning exchange.	Link discourse metadata to overt source turns only; do not insert reconstructed words or synthetic syntax.
14	GLOSSIKA-YUEHK-A1-DLG-003-20251214-I046	GLOSSIKA-YUEHK-A1-DLG-003-20251214	同朋友整湯圓慶祝冬至	sha256:207a8e7011342cf2e944ff35bb1b03fdc20b15e65409808f6cd4d875c9bd7c31	46	小紅	唔使呀,我買晒喇。		GLOSSIKA-YUEHK-A1-DLG-003-20251214-I045	阿明	冇問題!我帶啲嘢嚟?	GLOSSIKA-YUEHK-A1-DLG-003-20251214-I047	阿明	咁我帶飲品啦!	ClauseRelationGraph|ClauseSpan|CompletionVP|NeedsContext	multi_clause_member_local	negative_need_answer_plus_explanation	context_licensed	need_or_obligation_domain		high	唔使呀 answers whether the speaker should bring something; 我買晒喇 supplies an overt explanation.	Link discourse metadata to overt source turns only; do not insert reconstructed words or synthetic syntax.
15	GLOSSIKA-YUEHK-A1-DLG-004-20251221-I009	GLOSSIKA-YUEHK-A1-DLG-004-20251221	想走但唔想失禮	sha256:6762ed6662a8376fb9971834dd6d3bbfa127e2093611036200277552e5b39804	9	阿輝	但係會議仲未完...		GLOSSIKA-YUEHK-A1-DLG-004-20251221-I008	阿珊	咁你要快啲走!	GLOSSIKA-YUEHK-A1-DLG-004-20251221-I010	阿珊	冇事㗎,我同老細講。	ClauseRelationMemberSpan|CompletionQuestion|NeedsContext	formula_or_discourse_response	prior_turn_concessive_continuation	context_licensed	discourse_contrast_antecedent		high	但係 links the overt clause 會議仲未完 to the preceding directive to leave quickly. This is discourse linkage, not a missing syntactic clause member.	Link discourse metadata to overt source turns only; do not insert reconstructed words or synthetic syntax.
16	GLOSSIKA-YUEHK-A1-DLG-004-20251221-I022	GLOSSIKA-YUEHK-A1-DLG-004-20251221	想走但唔想失禮	sha256:d6fe54d3a314805c0aa3009b6009c98f7ce4a1b0d9296944c8c777f5a526f782	22	老細	唔使,家人緊要啲。		GLOSSIKA-YUEHK-A1-DLG-004-20251221-I021	阿輝	真㗎?唔使留低?	GLOSSIKA-YUEHK-A1-DLG-004-20251221-I023	阿輝	多謝老細!	ClauseRelationGraph|ModalVP|NeedsContext	multi_clause_member_local	negative_need_answer_plus_reason	context_licensed	need_or_obligation_domain		high	唔使 confirms that staying is unnecessary; 家人緊要啲 is an overt reason.	Link discourse metadata to overt source turns only; do not insert reconstructed words or synthetic syntax.
17	GLOSSIKA-YUEHK-A1-DLG-004-20251221-I039	GLOSSIKA-YUEHK-A1-DLG-004-20251221	想走但唔想失禮	sha256:308f2b7f8024d673b886b410af01c51156c7990bea0cdd94483db627394cd3d9	39	阿強	冇呀,不過開咗三個鐘喇。		GLOSSIKA-YUEHK-A1-DLG-004-20251221-I038	老細	點解?有嘢做?	GLOSSIKA-YUEHK-A1-DLG-004-20251221-I040	老細	哦,係喎!咁我哋完啦!	ClauseRelationEdge|ClauseRelationGraph|ClauseRelationMemberSpan|NeedsContext|NegatedExistentialFragment|PerfectiveVP|QuantifiedTimeNP	multi_clause_member_local	negative_existential_answer_plus_contrast	context_licensed	existential_question_domain|discourse_contrast_antecedent|meeting_subject_domain		high	冇呀 answers 有嘢做; 不過 introduces an overt contrasting reason based on the meeting already under discussion.	Link discourse metadata to overt source turns only; do not insert reconstructed words or synthetic syntax.
18	GLOSSIKA-YUEHK-A1-DLG-005-20251228-I019	GLOSSIKA-YUEHK-A1-DLG-005-20251228	新年大計同朋友傾	sha256:50caa59272d38b7617070fef64b86361ce8f61b6c2a703cf528cba4660bed4b6	19	阿文	每個禮拜兩次。		GLOSSIKA-YUEHK-A1-DLG-005-20251228-I018	阿芬	幾時上堂呀?	GLOSSIKA-YUEHK-A1-DLG-005-20251228-I020	阿芬	好呀!你一定得㗎!	NeedsContext|QuantifiedTimeNP	recoverable_answer	quantified_frequency_answer	context_licensed	activity_domain|frequency_slot		high	每個禮拜兩次 answers 幾時上堂 by supplying frequency for the overtly established class-going event.	Link discourse metadata to overt source turns only; do not insert reconstructed words or synthetic syntax.
19	GLOSSIKA-YUEHK-A1-DLG-005-20251228-I020	GLOSSIKA-YUEHK-A1-DLG-005-20251228	新年大計同朋友傾	sha256:4cdb333fd079b4acfeb3f7627506187fd16a2e29473c9e90efcce482d257e82e	20	阿芬	好呀!你一定得㗎!		GLOSSIKA-YUEHK-A1-DLG-005-20251228-I019	阿文	每個禮拜兩次。	GLOSSIKA-YUEHK-A1-DLG-005-20251228-I021	阿文	多謝!你都一定得!	FormulaDiscourseUnit|NeedsContext	formula_or_discourse_response	encouragement_formula_no_hidden_predicate	no_context_needed			high	好呀 and 你一定得㗎 function as encouragement/evaluation. The source does not require one uniquely recoverable omitted predicate, so no syntactic reconstruction should be asserted.	Link discourse metadata to overt source turns only; do not insert reconstructed words or synthetic syntax.
20	GLOSSIKA-YUEHK-A1-DLG-005-20251228-I026	GLOSSIKA-YUEHK-A1-DLG-005-20251228	新年大計同朋友傾	sha256:f775483dc165a00553b6f00b396fd7f062b87e2a9d4480239d3476e31b0d6489	26	阿芬	我知,所以要改。		GLOSSIKA-YUEHK-A1-DLG-005-20251228-I025	阿文	咁夜?對身體唔好喎!	GLOSSIKA-YUEHK-A1-DLG-005-20251228-I027	阿文	你想幾點瞓呀?	ClauseRelationEdge|ClauseRelationGraph|ClauseRelationMemberSpan|CognitionStatementClause|NeedsContext	multi_clause_member_local	cognition_response_plus_causal_plan	context_licensed	cognition_proposition|change_domain|speaker_continuity		high	我知 links its proposition to the immediately preceding health warning; 所以要改 states a consequent intention within the established sleep-habit topic.	Link discourse metadata to overt source turns only; do not insert reconstructed words or synthetic syntax.
21	GLOSSIKA-YUEHK-A1-DLG-005-20251228-I056	GLOSSIKA-YUEHK-A1-DLG-005-20251228	新年大計同朋友傾	sha256:b3f56a55d2f7863a0dbf2e8b41f79966bdad511f52d3c70568ffc4d00faa2faa	56	阿芬	加油!我哋一定得!		GLOSSIKA-YUEHK-A1-DLG-005-20251228-I055	阿文	好呀!新一年,新開始!				NeedsContext	formula_or_discourse_response	collective_encouragement_formula	no_context_needed			high	加油 and 我哋一定得 are conventional encouragement/success expressions. Treating 得 as requiring a unique hidden predicate overstates the source.	Link discourse metadata to overt source turns only; do not insert reconstructed words or synthetic syntax.
22	GLOSSIKA-YUEHK-A1-DLG-006-20260104-I015	GLOSSIKA-YUEHK-A1-DLG-006-20260104	將來想做乜？	sha256:1fcf780257b9e10ae4de687e5be6f8029fa45c19539be91a974a5f02767481f8	15	家豪	但係你真係鍾意商科咩？		GLOSSIKA-YUEHK-A1-DLG-006-20260104-I014	詠思	我屋企人話商科搵食容易啲。	GLOSSIKA-YUEHK-A1-DLG-006-20260104-I016	詠思	唔係好鍾意，覺得好悶。	ClauseRelationMemberSpan|NeedsContext|PreferenceVP	formula_or_discourse_response	prior_turn_concessive_question	context_licensed	discourse_contrast_antecedent		high	但係 marks contrast between the family's practical advice and the overt question about genuine preference. No missing syntactic clause is fabricated.	Link discourse metadata to overt source turns only; do not insert reconstructed words or synthetic syntax.
23	GLOSSIKA-YUEHK-A1-DLG-007-20260111-I033	GLOSSIKA-YUEHK-A1-DLG-007-20260111	週末計劃	sha256:543f34a7d6ae0d8eabde125c5faf16928c84e4a44f6f29896dab011a4036fcd3	33	李明	識呀，我成日去。		GLOSSIKA-YUEHK-A1-DLG-007-20260111-I032	張莉	A出口，你識唔識？	GLOSSIKA-YUEHK-A1-DLG-007-20260111-I034	張莉	咁好，星期日見！	ClauseRelationGraph|ClauseSpan|DirectionalMotionVP|NeedsContext	multi_clause_member_local	recognition_answer_plus_habit_statement	context_licensed	recognition_domain|place_domain		high	識呀 answers whether the speaker knows exit A; 我成日去 continues with the established place domain.	Link discourse metadata to overt source turns only; do not insert reconstructed words or synthetic syntax.
24	GLOSSIKA-YUEHK-A1-DLG-007-20260111-I035	GLOSSIKA-YUEHK-A1-DLG-007-20260111	週末計劃	sha256:6a523b3bf1136c6a3574f9181c901e05ab16e90a8eb7fdeb15336dee84ee723a	35	李明	如果落雨點算？		GLOSSIKA-YUEHK-A1-DLG-007-20260111-I034	張莉	咁好，星期日見！	GLOSSIKA-YUEHK-A1-DLG-007-20260111-I036	張莉	落雨都去，帶遮就得。	ClauseRelationMemberSpan|ImpersonalEnvironmentalClause|NeedsContext	ordinary_parser_gap	complete_conditional_contingency_question	route_independent_parser_gap		423	high	如果落雨點算 is internally complete: 點算 is the overt contingency question, not an absent right relation member.	Link discourse metadata to overt source turns only; do not insert reconstructed words or synthetic syntax.
25	GLOSSIKA-YUEHK-A1-DLG-007-20260111-I036	GLOSSIKA-YUEHK-A1-DLG-007-20260111	週末計劃	sha256:67445e4d4460f2164c643356ba8ad887b55e23a9321378338a40f03e8b55658a	36	張莉	落雨都去，帶遮就得。		GLOSSIKA-YUEHK-A1-DLG-007-20260111-I035	李明	如果落雨點算？	GLOSSIKA-YUEHK-A1-DLG-007-20260111-I037	李明	好，我哋去睇戲都得。	ClauseRelationEdge|ClauseRelationGraph|ClauseRelationMemberSpan|DirectionalMotionVP|ImpersonalEnvironmentalClause|NeedsContext|TransitiveVP	ordinary_parser_gap	overt_predicate_sufficiency_clause	route_independent_parser_gap		424	high	帶遮就得 contains an overt predicate and sufficiency marker. The nested standalone-得 diagnostic should not make the whole relation context-dependent.	Link discourse metadata to overt source turns only; do not insert reconstructed words or synthetic syntax.
26	GLOSSIKA-YUEHK-A1-DLG-007-20260111-I038	GLOSSIKA-YUEHK-A1-DLG-007-20260111	週末計劃	sha256:fe933fa0312c84fba14b3492b4e579d591613cf3c155a0b1d119856ea96f71fc	38	張莉	都得呀，到時再決定。		GLOSSIKA-YUEHK-A1-DLG-007-20260111-I037	李明	好，我哋去睇戲都得。	GLOSSIKA-YUEHK-A1-DLG-007-20260111-I039	李明	OK，咁就咁話！	ClauseRelationEdge|ClauseRelationGraph|ClauseRelationMemberSpan|NeedsContext	multi_clause_member_local	alternative_acceptance_plus_future_decision	context_licensed	alternative_set		high	都得呀 evaluates the immediately preceding alternatives; 到時再決定 is overt.	Link discourse metadata to overt source turns only; do not insert reconstructed words or synthetic syntax.
27	GLOSSIKA-YUEHK-A1-DLG-008-20260125-I002	GLOSSIKA-YUEHK-A1-DLG-008-20260125	借嘢	sha256:a9f134a3d1457c4bfacd965c7c1116f0fa08553f5ffb0ad6bdb32216ad6dd9de	2	美華	喺呀，入嚟啦。		GLOSSIKA-YUEHK-A1-DLG-008-20260125-I001	志明	美華，喺唔喺度呀？	GLOSSIKA-YUEHK-A1-DLG-008-20260125-I003	志明	唔好意思，想借啲嘢用。	ClauseRelationGraph|DirectionalMotionVP|NeedsContext|VerbComplementVP	multi_clause_member_local	locative_answer_plus_imperative	context_licensed	locative_polar_domain		high	喺呀 answers 喺唔喺度; 入嚟啦 is an overt imperative.	Link discourse metadata to overt source turns only; do not insert reconstructed words or synthetic syntax.
28	GLOSSIKA-YUEHK-A1-DLG-008-20260125-I006	GLOSSIKA-YUEHK-A1-DLG-008-20260125	借嘢	sha256:ae27e2080a3ca7543329169857bf51390d25b9e450c17a15e43dd9d63776ac6a	6	美華	得呀，要邊支？		GLOSSIKA-YUEHK-A1-DLG-008-20260125-I005	志明	借支筆得唔得呀？	GLOSSIKA-YUEHK-A1-DLG-008-20260125-I007	志明	藍色嘅就得喇。	ClauseRelationGraph|ModalVP|NeedsContext|WhClassifierQuestion	multi_clause_member_local	acceptance_plus_classifier_question	context_licensed	request_domain|nominal_domain		high	得呀 accepts the borrowing request; 要邊支 is an overt follow-up question within the pen domain.	Link discourse metadata to overt source turns only; do not insert reconstructed words or synthetic syntax.
29	GLOSSIKA-YUEHK-A1-DLG-008-20260125-I018	GLOSSIKA-YUEHK-A1-DLG-008-20260125	借嘢	sha256:bc4bb4fcce5097d44b7988131d0aff250744f18ecbdcfaee53fe28bfa071769f	18	美華	得呀，唔使急。		GLOSSIKA-YUEHK-A1-DLG-008-20260125-I017	志明	聽日還你得唔得？	GLOSSIKA-YUEHK-A1-DLG-008-20260125-I019	志明	再借個杯用下得唔得？	ClauseRelationGraph|ModalVP|NeedsContext	multi_clause_member_local	time_acceptance_plus_reassurance	context_licensed	time_proposal_domain		high	得呀 accepts the proposed return time; 唔使急 is an overt reassurance.	Link discourse metadata to overt source turns only; do not insert reconstructed words or synthetic syntax.
30	GLOSSIKA-YUEHK-A1-DLG-008-20260125-I019	GLOSSIKA-YUEHK-A1-DLG-008-20260125	借嘢	sha256:e2a8ff3a66f08de1ada2a115ab30f375eadda1c59b9239b78da0d1efe6a0c295	19	志明	再借個杯用下得唔得？		GLOSSIKA-YUEHK-A1-DLG-008-20260125-I018	美華	得呀，唔使急。	GLOSSIKA-YUEHK-A1-DLG-008-20260125-I020	美華	要飲水呀？	AcceptabilityANotA|ClauseRelationMemberSpan|NeedsContext	ordinary_parser_gap	complete_event_acceptability_question	route_independent_parser_gap		424	high	再借個杯用下得唔得 is a complete event-level acceptability question with an overt predicate and object; it is not a bare 得 response.	Link discourse metadata to overt source turns only; do not insert reconstructed words or synthetic syntax.
31	GLOSSIKA-YUEHK-A1-DLG-009-20260201-I005	GLOSSIKA-YUEHK-A1-DLG-009-20260201	辦公室指示	sha256:e349fc971a26118ee020dac249c49e92f0710fea557b60156ad912a432834a7e	5	陳先生	唔使驚，慢慢學就得。		GLOSSIKA-YUEHK-A1-DLG-009-20260201-I004	黃小姐	都幾好呀，不過仲有啲緊張。	GLOSSIKA-YUEHK-A1-DLG-009-20260201-I006	黃小姐	多謝你，我會努力嘅。	ClauseRelationEdge|ClauseRelationGraph|ClauseRelationMemberSpan|ModalVP|ModifiedNP|NeedsContext	ordinary_parser_gap	directive_plus_overt_sufficiency_clause	route_independent_parser_gap		424	high	慢慢學就得 contains an overt predicate and sufficiency relation. No antecedent is needed to complete its syntax.	Link discourse metadata to overt source turns only; do not insert reconstructed words or synthetic syntax.
32	GLOSSIKA-YUEHK-A1-DLG-009-20260201-I039	GLOSSIKA-YUEHK-A1-DLG-009-20260201	辦公室指示	sha256:3d6d1b8f379747431c4e8da7a32a2e925dcfe13f4ceb6a9931feaff8b54e67ae	39	陳先生	唔使急，慢慢做就得。		GLOSSIKA-YUEHK-A1-DLG-009-20260201-I038	黃小姐	好，我今日會做晒。	GLOSSIKA-YUEHK-A1-DLG-009-20260201-I040	黃小姐	多謝陳先生，我開始做嘢喇！	ClauseRelationEdge|ClauseRelationGraph|ClauseRelationMemberSpan|MannerAdverbialVP|ModalVP|NeedsContext	ordinary_parser_gap	directive_plus_overt_sufficiency_clause	route_independent_parser_gap		424	high	慢慢做就得 contains an overt predicate and sufficiency relation. No antecedent is needed to complete its syntax.	Link discourse metadata to overt source turns only; do not insert reconstructed words or synthetic syntax.
33	GLOSSIKA-YUEHK-A1-DLG-010-20260208-I013	GLOSSIKA-YUEHK-A1-DLG-010-20260208	你覺得呢間餐廳點樣	sha256:b72e13660043be1e79bb0f0e36d1729f278676d7347573195821ec388e55dff1	13	黃志強	但係佢哋啲食物好好食㗎。		GLOSSIKA-YUEHK-A1-DLG-010-20260208-I012	張美玲	咁都幾貴喎，我諗住食平啲。	GLOSSIKA-YUEHK-A1-DLG-010-20260208-I014	張美玲	你點知呀？你都未去過。	ClauseRelationMemberSpan|ClauseSpan|DegreeModifiedLexicalStative|DiMarkedNP|NeedsContext|TopicComment	formula_or_discourse_response	prior_turn_concessive_continuation	context_licensed	discourse_contrast_antecedent		high	但係 links the food-quality clause to the preceding price concern. The relation is discourse-spanning but the overt clause is complete.	Link discourse metadata to overt source turns only; do not insert reconstructed words or synthetic syntax.
34	GLOSSIKA-YUEHK-A1-DLG-011-20260215-I009	GLOSSIKA-YUEHK-A1-DLG-011-20260215	知唔知去邊度買嘢	sha256:18e6f672965438eadd4f1242e3a42b6e4df10fad604779377629448b451ffc6d	9	陳明	識呀，我成日去嗰度買嘢。		GLOSSIKA-YUEHK-A1-DLG-011-20260215-I008	李芳	就係嗰間大嘅囉，你識唔識？	GLOSSIKA-YUEHK-A1-DLG-011-20260215-I010	李芳	咁就啱喇，行過去咋。	ClauseRelationGraph|DirectionalMotionVP|MotionGoalVP|NeedsContext|ProductiveVO	multi_clause_member_local	recognition_answer_plus_explicit_place_statement	context_licensed	recognition_domain		high	識呀 answers whether the store is known; the following clause overtly names 嗰度 and 買嘢.	Link discourse metadata to overt source turns only; do not insert reconstructed words or synthetic syntax.
35	GLOSSIKA-YUEHK-A1-DLG-011-20260215-I014	GLOSSIKA-YUEHK-A1-DLG-011-20260215	知唔知去邊度買嘢	sha256:6efb79bc6a384df43fbcf4675e5682f6ae4e2475eea9c405cc6e80c992a7b699	14	李芳	得呀，我都想買啲嘢。		GLOSSIKA-YUEHK-A1-DLG-011-20260215-I013	陳明	好呀，不如而家一齊去啦。	GLOSSIKA-YUEHK-A1-DLG-011-20260215-I015	陳明	你想買咩呀？	ClauseRelationGraph|ClauseSpan|DiMarkedNP|ModalVP|NeedsContext|TransitiveVP	multi_clause_member_local	proposal_acceptance_plus_desire_statement	context_licensed	proposal_domain		high	得呀 accepts going together; 我都想買啲嘢 is overt and independent.	Link discourse metadata to overt source turns only; do not insert reconstructed words or synthetic syntax.
36	GLOSSIKA-YUEHK-A1-DLG-012-20260222-I002	GLOSSIKA-YUEHK-A1-DLG-012-20260222	你識唔識游水？	sha256:6e14cfe8fc546f849871dbf7537d926969178251cde4dd2be918a936f422d9f8	2	黃志明	識少少啫。你呢？		GLOSSIKA-YUEHK-A1-DLG-012-20260222-I001	張美玲	志明，你識唔識游水？	GLOSSIKA-YUEHK-A1-DLG-012-20260222-I003	張美玲	我都識少少。	FragmentQuestion|NeedsContext	continuation_or_fragment_question	skill_answer_plus_reciprocal_question	context_licensed	skill_question_domain|reciprocal_question_domain		high	識少少啫 answers the swimming-skill question; 你呢 asks the same domain of the other speaker.	Link discourse metadata to overt source turns only; do not insert reconstructed words or synthetic syntax.
37	GLOSSIKA-YUEHK-A1-DLG-012-20260222-I008	GLOSSIKA-YUEHK-A1-DLG-012-20260222	你識唔識游水？	sha256:f06d085abae226725da548d8223d3cd6f5065082e7375a87445d1b1097a42345	8	黃志明	鍾意呀，好好玩。		GLOSSIKA-YUEHK-A1-DLG-012-20260222-I007	張美玲	你鍾唔鍾意游水？	GLOSSIKA-YUEHK-A1-DLG-012-20260222-I009	張美玲	你識游邊種？	NeedsContext	multi_clause_member_local	preference_answer_plus_evaluation	context_licensed	preference_object_domain|activity_domain		high	鍾意呀 answers whether the speaker likes swimming; 好好玩 evaluates the established activity.	Link discourse metadata to overt source turns only; do not insert reconstructed words or synthetic syntax.
38	GLOSSIKA-YUEHK-A1-DLG-012-20260222-I030	GLOSSIKA-YUEHK-A1-DLG-012-20260222	你識唔識游水？	sha256:1f10a973575353c10add41c1e9136907133cf8ce4a498ae8837188c2b0a0a95f	30	黃志明	得呀，冇問題。		GLOSSIKA-YUEHK-A1-DLG-012-20260222-I029	張美玲	下晝三點得唔得？	GLOSSIKA-YUEHK-A1-DLG-012-20260222-I031	張美玲	我哋邊度見？	ClauseRelationGraph|FormulaDiscourseUnit|NeedsContext	multi_clause_member_local	time_acceptance_plus_formula	context_licensed	time_proposal_domain		high	得呀 accepts the proposed time; 冇問題 is formulaic.	Link discourse metadata to overt source turns only; do not insert reconstructed words or synthetic syntax.
39	GLOSSIKA-YUEHK-A1-DLG-012-20260222-I038	GLOSSIKA-YUEHK-A1-DLG-012-20260222	你識唔識游水？	sha256:686ec4b7c345f4dcc50a1fb3cfa74dd3c9e56e4b2e67e6faf80b8deafca339d5	38	黃志明	如果落雨點算？		GLOSSIKA-YUEHK-A1-DLG-012-20260222-I037	張美玲	好，我記住喇。	GLOSSIKA-YUEHK-A1-DLG-012-20260222-I039	張美玲	咁就改第二日囉。	ClauseRelationMemberSpan|ImpersonalEnvironmentalClause|NeedsContext	ordinary_parser_gap	complete_conditional_contingency_question	route_independent_parser_gap		423	high	如果落雨點算 is internally complete and repeats the same context-free profile as row 24.	Link discourse metadata to overt source turns only; do not insert reconstructed words or synthetic syntax.
40	GLOSSIKA-YUEHK-A1-DLG-013-20260301-I018	GLOSSIKA-YUEHK-A1-DLG-013-20260301	唔該借借	sha256:b1343aaaeb698ffa08759329c63ec573ef24c56af9d9b7f6fcba6e473cbf1b14	18	李生	要呀。呢張係你嘅訪客證。		GLOSSIKA-YUEHK-A1-DLG-013-20260301-I017	陳先生	要唔要拎訪客證？	GLOSSIKA-YUEHK-A1-DLG-013-20260301-I019	陳先生	哦，多謝。	NeedsContext	multi_clause_member_local	need_answer_plus_identification_statement	context_licensed	need_question_domain		high	要呀 answers whether a visitor pass is needed; the following copular statement is overt.	Link discourse metadata to overt source turns only; do not insert reconstructed words or synthetic syntax.
41	GLOSSIKA-YUEHK-A1-DLG-013-20260301-I035	GLOSSIKA-YUEHK-A1-DLG-013-20260301	唔該借借	sha256:7ffd236a6b206dec855176371dda13763c26f782864b97e5e86f5eaf85e33833	35	陳先生	如果搵唔到點算？		GLOSSIKA-YUEHK-A1-DLG-013-20260301-I034	李生	啱喇。	GLOSSIKA-YUEHK-A1-DLG-013-20260301-I036	李生	打電話畀我，我幫你。	ClauseRelationMemberSpan|NeedsContext|NegativePotentialComplement	ordinary_parser_gap	complete_conditional_contingency_question	route_independent_parser_gap		423	high	如果搵唔到點算 has an overt condition and overt contingency question; it does not lack a right relation member.	Link discourse metadata to overt source turns only; do not insert reconstructed words or synthetic syntax.
42	GLOSSIKA-YUEHK-A1-DLG-014-20260308-I002	GLOSSIKA-YUEHK-A1-DLG-014-20260308	傾計講技能	sha256:2f13c47da586802f0d315447c50b22ac3516ed6402011b059a4d61072c97c2d0	2	詠琪	識少少啫，你呢？		GLOSSIKA-YUEHK-A1-DLG-014-20260308-I001	家豪	詠琪，你識唔識煮飯呀？	GLOSSIKA-YUEHK-A1-DLG-014-20260308-I003	家豪	我唔識煮飯。	ClauseRelationGraph|FragmentQuestion|NeedsContext	continuation_or_fragment_question	skill_answer_plus_reciprocal_question	context_licensed	skill_question_domain|reciprocal_question_domain		high	識少少啫 answers the cooking-skill question; 你呢 reuses the same domain.	Link discourse metadata to overt source turns only; do not insert reconstructed words or synthetic syntax.
43	GLOSSIKA-YUEHK-A1-DLG-014-20260308-I008	GLOSSIKA-YUEHK-A1-DLG-014-20260308	傾計講技能	sha256:6ffc9d5846f77723ad83528e3bbe376630c81c7c39203c5cebcab3ebba110c5a	8	詠琪	識呀，你呢？		GLOSSIKA-YUEHK-A1-DLG-014-20260308-I007	家豪	你識唔識游水？	GLOSSIKA-YUEHK-A1-DLG-014-20260308-I009	家豪	我唔識，好驚水。	ClauseRelationGraph|FragmentQuestion|NeedsContext	continuation_or_fragment_question	skill_answer_plus_reciprocal_question	context_licensed	skill_question_domain|reciprocal_question_domain		high	識呀 answers the swimming-skill question; 你呢 reuses the same domain.	Link discourse metadata to overt source turns only; do not insert reconstructed words or synthetic syntax.
44	GLOSSIKA-YUEHK-A1-DLG-014-20260308-I013	GLOSSIKA-YUEHK-A1-DLG-014-20260308	傾計講技能	sha256:bcec501c2afa542ef51e9998903ed93d5327f274893673831464b6a5ac8ee83f	13	家豪	得呀，好呀。		GLOSSIKA-YUEHK-A1-DLG-014-20260308-I012	詠琪	星期六得唔得？	GLOSSIKA-YUEHK-A1-DLG-014-20260308-I014	詠琪	你識唔識打波？	ClauseRelationGraph|FormulaDiscourseUnit|NeedsContext	recoverable_answer	time_acceptance_formula	context_licensed	time_proposal_domain		high	得呀 selects the positive alternative of 星期六得唔得; 好呀 is formulaic agreement.	Link discourse metadata to overt source turns only; do not insert reconstructed words or synthetic syntax.
45	GLOSSIKA-YUEHK-A1-DLG-014-20260308-I015	GLOSSIKA-YUEHK-A1-DLG-014-20260308	傾計講技能	sha256:d28b683c3da1f6d1acc8b8f3977ded2564d55a2d4e04f62a1e1c1fedd2219628	15	家豪	識呀，我識打籃球。		GLOSSIKA-YUEHK-A1-DLG-014-20260308-I014	詠琪	你識唔識打波？	GLOSSIKA-YUEHK-A1-DLG-014-20260308-I016	詠琪	你打得好唔好？	ClauseRelationGraph|ModalVP|NeedsContext|ProductiveVO	multi_clause_member_local	skill_answer_plus_specific_skill_statement	context_licensed	skill_question_domain		high	識呀 answers the broad ball-skill question; 我識打籃球 overtly specifies the skill.	Link discourse metadata to overt source turns only; do not insert reconstructed words or synthetic syntax.
46	GLOSSIKA-YUEHK-A1-DLG-014-20260308-I022	GLOSSIKA-YUEHK-A1-DLG-014-20260308	傾計講技能	sha256:3c32e6e886b10efb44aeb999766118c8fcc70ad92cdda472dc9a056f8585598d	22	詠琪	我想學彈結他。		GLOSSIKA-YUEHK-A1-DLG-014-20260308-I021	家豪	你想學啲咩技能？	GLOSSIKA-YUEHK-A1-DLG-014-20260308-I023	家豪	結他好難學㗎。	NeedsContext	ordinary_parser_gap	complete_desiderative_learning_clause	route_independent_parser_gap		425	high	我想學彈結他 has an overt subject, desiderative head, learning predicate, and skill complement. Adjacency is not needed to complete it.	Link discourse metadata to overt source turns only; do not insert reconstructed words or synthetic syntax.
47	GLOSSIKA-YUEHK-A1-DLG-014-20260308-I023	GLOSSIKA-YUEHK-A1-DLG-014-20260308	傾計講技能	sha256:613eb6be818e590bfa72ce56b53a949d26100ef35cd7f0bd14d2eda53a74a5c4	23	家豪	結他好難學㗎。		GLOSSIKA-YUEHK-A1-DLG-014-20260308-I022	詠琪	我想學彈結他。	GLOSSIKA-YUEHK-A1-DLG-014-20260308-I024	詠琪	你識唔識彈結他？	NeedsContext	ordinary_parser_gap	complete_topic_evaluative_clause	route_independent_parser_gap		425	high	結他好難學㗎 has an overt topic and evaluative predicate. It is not a context fragment.	Link discourse metadata to overt source turns only; do not insert reconstructed words or synthetic syntax.
48	GLOSSIKA-YUEHK-A1-DLG-014-20260308-I024	GLOSSIKA-YUEHK-A1-DLG-014-20260308	傾計講技能	sha256:63e20c0ffbbfc650ba5ea5fbc308c95b34623a785bf30d1aee51d3bce3650efc	24	詠琪	你識唔識彈結他？		GLOSSIKA-YUEHK-A1-DLG-014-20260308-I023	家豪	結他好難學㗎。	GLOSSIKA-YUEHK-A1-DLG-014-20260308-I025	家豪	我唔識，我識彈琴。	NeedsContext	ordinary_parser_gap	complete_skill_a_not_a_question	route_independent_parser_gap		425	high	你識唔識彈結他 is a complete skill A-not-A question with overt subject and complement.	Link discourse metadata to overt source turns only; do not insert reconstructed words or synthetic syntax.
49	GLOSSIKA-YUEHK-A1-DLG-014-20260308-I038	GLOSSIKA-YUEHK-A1-DLG-014-20260308	傾計講技能	sha256:915963f21f17609f7a2436fdc756f0b09094ec87fb6072be8b1c01993ca0276f	38	詠琪	得呀，我得閒。		GLOSSIKA-YUEHK-A1-DLG-014-20260308-I037	家豪	好呀，下星期得唔得？	GLOSSIKA-YUEHK-A1-DLG-014-20260308-I039	家豪	咁約好喇。	ClauseRelationGraph|ClauseSpan|NeedsContext	multi_clause_member_local	time_acceptance_plus_availability_statement	context_licensed	time_proposal_domain		high	得呀 accepts next week; 我得閒 overtly states availability.	Link discourse metadata to overt source turns only; do not insert reconstructed words or synthetic syntax.
50	GLOSSIKA-YUEHK-A1-DLG-015-20260315-I015	GLOSSIKA-YUEHK-A1-DLG-015-20260315	信唔信得過？	sha256:379fe29e1f67d04403c5b84c1b5e36865f8df18ef22f37897205513b37129560	15	志明	但係佢哋話培訓完就會退返畀我。		GLOSSIKA-YUEHK-A1-DLG-015-20260315-I014	美玲	你千祈唔好畀錢佢哋呀！	GLOSSIKA-YUEHK-A1-DLG-015-20260315-I016	美玲	邊有咁大隻蛤乸隨街跳㗎？唔好信佢哋！	ClauseRelationMemberSpan|NeedsContext|ReportedSpeech	formula_or_discourse_response	prior_turn_concessive_report	context_licensed	discourse_contrast_antecedent		high	但係 links the reported refund claim to the warning not to pay. The reported-speech clause is overt and complete.	Link discourse metadata to overt source turns only; do not insert reconstructed words or synthetic syntax.
51	GLOSSIKA-YUEHK-A1-DLG-017-20260329-I022	GLOSSIKA-YUEHK-A1-DLG-017-20260329	更正電話號碼	sha256:89d60bd9e6ac196d4daf6c752968a95b4153d0c1ba3cccd3e9bf99bd5a08e803	22	王先生	冇問題，而家改番就得㗎喇。		GLOSSIKA-YUEHK-A1-DLG-017-20260329-I021	陳小姐	明白喇，我寫錯咗。	GLOSSIKA-YUEHK-A1-DLG-017-20260329-I023	陳小姐	我而家改，九七八四五六八七。	ClauseRelationEdge|ClauseRelationGraph|ClauseRelationMemberSpan|NeedsContext|TemporalClause	ordinary_parser_gap	formula_plus_overt_sufficiency_clause	route_independent_parser_gap		424	high	而家改番就得㗎喇 contains an overt change predicate and sufficiency relation; 冇問題 is a formula, not evidence for a hidden complement.	Link discourse metadata to overt source turns only; do not insert reconstructed words or synthetic syntax.
52	GLOSSIKA-YUEHK-A1-DLG-017-20260329-I031	GLOSSIKA-YUEHK-A1-DLG-017-20260329	更正電話號碼	sha256:be74f6cb4ca9febf99938ed3e09431ca12a5db66736e28b9ce3be440f65e1670	31	陳小姐	會呀，我會打呢個新號碼。		GLOSSIKA-YUEHK-A1-DLG-017-20260329-I030	王先生	如果有咩要改，你會打俾我？	GLOSSIKA-YUEHK-A1-DLG-017-20260329-I032	王先生	好，咁就最好喇。	ClauseRelationGraph|ClauseSpan|HeadlessDemonstrativeClassifierNP|ModalVP|NeedsContext|TopicComment|TransitiveVP	multi_clause_member_local	modal_answer_plus_explicit_restated_event	context_licensed	polar_question_domain		high	會呀 answers whether the caller will call; the following clause overtly restates the call and new number.	Link discourse metadata to overt source turns only; do not insert reconstructed words or synthetic syntax.
53	GLOSSIKA-YUEHK-A1-DLG-018-20260405-I013	GLOSSIKA-YUEHK-A1-DLG-018-20260405	邊個好啲?	sha256:4ce470b5154c26b42a71d6ed6f0a6f55ced2c82713157e75eab0d1d7c0f9d448	13	志偉	都係。但係茶餐廳平啲。		GLOSSIKA-YUEHK-A1-DLG-018-20260405-I012	詩敏	我覺得快啲，你覺得呢？	GLOSSIKA-YUEHK-A1-DLG-018-20260405-I014	詩敏	係喎，平幾多呀？	ClauseRelationMemberSpan|DegreeMannerAdverbial|NeedsContext|TopicComment	multi_clause_member_local	comparison_response_plus_concessive_clause	context_licensed	comparison_proposition|discourse_contrast_antecedent		medium	都係 responds to the immediately preceding comparison proposition; 但係 introduces an overt countervailing price comparison. The exact interpretation is context-linked but the antecedent is locally unique.	Link discourse metadata to overt source turns only; do not insert reconstructed words or synthetic syntax.
54	GLOSSIKA-YUEHK-A1-DLG-019-20260412-I020	GLOSSIKA-YUEHK-A1-DLG-019-20260412	唔好意思聽到	sha256:2f95585c0b0855122833a08e1d3dd5ab8860950c38b71d945a7c42252c763007	20	美玲	有呀，影咗好多，尋日睇返晒。		GLOSSIKA-YUEHK-A1-DLG-019-20260412-I019	志明	你有冇影好多相？	GLOSSIKA-YUEHK-A1-DLG-019-20260412-I021	志明	至少有啲回憶可以留低。	ClauseRelationGraph|CompletionVP|NeedsContext|PerfectiveVP|TemporalClause	multi_clause_member_local	positive_existential_answer_plus_perfective_repetition	context_licensed	existential_question_domain|object_domain|speaker_continuity		high	有呀 answers 有冇影好多相; 影咗好多 and 睇返晒 retain overt predicates while their photo domain links to the question.	Link discourse metadata to overt source turns only; do not insert reconstructed words or synthetic syntax.
55	GLOSSIKA-YUEHK-A1-DLG-020-20260419-I015	GLOSSIKA-YUEHK-A1-DLG-020-20260419	問清楚巴士路線	sha256:e7d4194a3d0fb75e3df0c4f74bf083e2e5bfcc8b4cf149bc51886a0cd4c2641c	15	李太太	但係都會去到尖沙咀？		GLOSSIKA-YUEHK-A1-DLG-020-20260419-I014	黃師傅	八號行彌敦道，慢啲。	GLOSSIKA-YUEHK-A1-DLG-020-20260419-I016	黃師傅	會呀，最後都去到。	ClauseRelationMemberSpan|DirectionalMotionVP|ModalVP|NeedsContext	formula_or_discourse_response	prior_turn_concessive_confirmation_question	context_licensed	discourse_contrast_antecedent|route_subject_domain		high	但係 links the reachability question to the immediately preceding route description. The bus-route subject is overtly established and no clause member is fabricated.	Link discourse metadata to overt source turns only; do not insert reconstructed words or synthetic syntax.
56	GLOSSIKA-YUEHK-A1-DLG-020-20260419-I016	GLOSSIKA-YUEHK-A1-DLG-020-20260419	問清楚巴士路線	sha256:5d01c10a12f4192c5f00392105d0d457baf00ff31da36d196b1d8ed132190598	16	黃師傅	會呀，最後都去到。		GLOSSIKA-YUEHK-A1-DLG-020-20260419-I015	李太太	但係都會去到尖沙咀？	GLOSSIKA-YUEHK-A1-DLG-020-20260419-I017	李太太	我唔趕時間，搭八號得唔得？	ClauseRelationGraph|DirectionalMotionVP|NeedsContext	multi_clause_member_local	modal_answer_plus_directional_repetition	context_licensed	polar_question_domain|route_subject_domain|destination_domain		high	會呀 selects the positive alternative of the preceding reachability question; 最後都去到 repeats the overt motion predicate with the established route and destination domain.	Link discourse metadata to overt source turns only; do not insert reconstructed words or synthetic syntax.
57	GLOSSIKA-YUEHK-A1-DLG-020-20260419-I018	GLOSSIKA-YUEHK-A1-DLG-020-20260419	問清楚巴士路線	sha256:c1d517e07dad9c619e39b5cabd3fad18282043ef86d3908d6e7fc5a68ea57b3e	18	黃師傅	得呀，八號喺呢個站都有。		GLOSSIKA-YUEHK-A1-DLG-020-20260419-I017	李太太	我唔趕時間，搭八號得唔得？	GLOSSIKA-YUEHK-A1-DLG-020-20260419-I019	李太太	八號幾耐一班車？	ClauseRelationGraph|LocativePlacePhrase|NeedsContext|OvertHeadDemonstrativeClassifierNP	multi_clause_member_local	acceptability_answer_plus_route_availability_statement	context_licensed	proposal_domain		high	得呀 accepts taking route 8; 八號喺呢個站都有 is an overt follow-up statement.	Link discourse metadata to overt source turns only; do not insert reconstructed words or synthetic syntax.
58	GLOSSIKA-YUEHK-A1-DLG-020-20260419-I032	GLOSSIKA-YUEHK-A1-DLG-020-20260419	問清楚巴士路線	sha256:128fbef4878dc372e232f874fff8cbb8efe863bd24daf003f75c40141e2f2213	32	黃師傅	會呀，有廣播，唔使擔心。		GLOSSIKA-YUEHK-A1-DLG-020-20260419-I031	李太太	車上面會唔會報站？	GLOSSIKA-YUEHK-A1-DLG-020-20260419-I033	李太太	如果我唔記得落車點算？	ClauseRelationGraph|ModalVP|NeedsContext	multi_clause_member_local	modal_answer_plus_explanation_and_reassurance	context_licensed	polar_question_domain		high	會呀 answers whether stops are announced; 有廣播 and 唔使擔心 are overt explanation and reassurance.	Link discourse metadata to overt source turns only; do not insert reconstructed words or synthetic syntax.
59	GLOSSIKA-YUEHK-A1-DLG-020-20260419-I033	GLOSSIKA-YUEHK-A1-DLG-020-20260419	問清楚巴士路線	sha256:ece2995cf50d0e40b3ff0ade07c737ea20b31908c36acb5460c8ae98970e8dde	33	李太太	如果我唔記得落車點算？		GLOSSIKA-YUEHK-A1-DLG-020-20260419-I032	黃師傅	會呀，有廣播，唔使擔心。	GLOSSIKA-YUEHK-A1-DLG-020-20260419-I034	黃師傅	你可以問司機。	ClauseRelationMemberSpan|NeedsContext|NegatedVP|VerbComplementVP	ordinary_parser_gap	complete_conditional_contingency_question	route_independent_parser_gap		423	high	如果我唔記得落車點算 has an overt condition and overt contingency question; it is complete without the previous turn.	Link discourse metadata to overt source turns only; do not insert reconstructed words or synthetic syntax.
