id	ordinal	item_type	section	subsection	source_traditional	source_jyutping	source_english	later_research	top_owner_candidates
GLOSSIKA-YUEHK-A1-W14-20260621-I001	1	sentence	functional_language	apologies	唔好意思。	M4 hou2 ji3 si1.	Sorry. / Excuse me.	followup_candidate | candidate_id=W14-F01 | cluster=apology_pragmatics | priority=medium | reason=Direct research rejects a one-dimensional casual/polite scale but does not fully classify the four lesson items.	
GLOSSIKA-YUEHK-A1-W14-20260621-I002	2	sentence	functional_language	apologies	對唔住呀。	Deoi3 m4 zyu6 aa3.	I'm sorry.	followup_candidate | candidate_id=W14-F01 | cluster=apology_pragmatics | priority=medium | reason=Direct research rejects a one-dimensional casual/polite scale but does not fully classify the four lesson items.	
GLOSSIKA-YUEHK-A1-W14-20260621-I003	3	sentence	functional_language	apologies	對唔住，我遲咗。	Deoi3 m4 zyu6, ngo5 ci4 zo2.	Sorry, I'm late.	followup_candidate | candidate_id=W14-F01 | cluster=apology_pragmatics | priority=medium | reason=Direct research rejects a one-dimensional casual/polite scale but does not fully classify the four lesson items.	
GLOSSIKA-YUEHK-A1-W14-20260621-I004	4	sentence	functional_language	apologies	好對唔住，係我唔啱。	Hou2 deoi3 m4 zyu6, hai6 ngo5 m4 ngaam1.	I'm very sorry, it was my fault.	followup_candidate | candidate_id=W14-F01 | cluster=apology_pragmatics | priority=medium | reason=Direct research rejects a one-dimensional casual/polite scale but does not fully classify the four lesson items.	
GLOSSIKA-YUEHK-A1-W14-20260621-I005	5	sentence	functional_language	express_thanks	多謝。	Do1 ze6.	Thanks.	followup_candidate | candidate_id=W14-F02 | cluster=gratitude_semantics | priority=high | reason=The distinction is directly supported and has immediate learner value, but implementation requires a separate lexical/presentation claim.	executable_test_or_fixture:tests/constructions/ActionStativeVP.json || executable_test_or_fixture:tests/constructions/DegreeMannerAdverbial.json || executable_test_or_fixture:tests/constructions/FocusParticleFrame.json || executable_test_or_fixture:tests/fixtures/boundary-closure-v1.json || canonical_or_research_data:data/corpus-reviews/GLOSSIKA-YUEHK-A1-DLG-001-020-DECISION-MAP-R1.json || canonical_or_research_data:data/research/GLOSSIKA-CONTEXT-LINKED-RESPONSE-DECISIONS-R1.json
GLOSSIKA-YUEHK-A1-W14-20260621-I006	6	sentence	functional_language	express_thanks	唔該晒。	M4 goi1 saai3.	Thank you so much.	followup_candidate | candidate_id=W14-F02 | cluster=gratitude_semantics | priority=high | reason=The distinction is directly supported and has immediate learner value, but implementation requires a separate lexical/presentation claim.	canonical_or_research_data:data/corpus-reviews/GLOSSIKA-YUEHK-A1-DLG-001-020-DECISION-MAP-R1.json || pedagogical_corpus:data/pedagogical-corpus/glossika/GLOSSIKA-YUEHK-A1-DLG-008-20260125/crosswalk.json || pedagogical_corpus:data/pedagogical-corpus/glossika/GLOSSIKA-YUEHK-A1-DLG-008-20260125/items.tsv || pedagogical_corpus:data/pedagogical-corpus/glossika/GLOSSIKA-YUEHK-A1-DLG-008-20260125/source.json || pedagogical_corpus:data/pedagogical-corpus/glossika/GLOSSIKA-YUEHK-A1-DLG-013-20260301/crosswalk.json || pedagogical_corpus:data/pedagogical-corpus/glossika/GLOSSIKA-YUEHK-A1-DLG-013-20260301/items.tsv
GLOSSIKA-YUEHK-A1-W14-20260621-I007	7	sentence	functional_language	express_thanks	多謝你嘅幫忙。	Do1 ze6 nei5 ge3 bong1 mong4.	Thank you for your help.	followup_candidate | candidate_id=W14-F02 | cluster=gratitude_semantics | priority=high | reason=The distinction is directly supported and has immediate learner value, but implementation requires a separate lexical/presentation claim.	
GLOSSIKA-YUEHK-A1-W14-20260621-I008	8	sentence	functional_language	express_thanks	真係好多謝你。	Zan1 hai6 hou2 do1 ze6 nei5.	I really appreciate it.	followup_candidate | candidate_id=W14-F02 | cluster=gratitude_semantics | priority=high | reason=The distinction is directly supported and has immediate learner value, but implementation requires a separate lexical/presentation claim.	
GLOSSIKA-YUEHK-A1-W14-20260621-I009	9	lexical_entry	vocabulary_and_situations	work_and_office	返工	faan1 gung1	to go to work	lexical_ingress | disposition=lexical_ingress_candidate | recommendation=review_for_smallest_canonical_lexicon_owner	runtime_source:src/plugin-entry.js || current_grammar_note:grammar/unsupported_generalization/AcceptabilityClause.md || executable_test_or_fixture:tests/constructions/AcceptabilityClause.json || canonical_or_research_data:data/corpus-reviews/GLOSSIKA-YUEHK-A1-DLG-001-020-DECISION-MAP-R1.json || pedagogical_corpus:data/pedagogical-corpus/glossika/GLOSSIKA-YUEHK-A1-DLG-007-20260111/crosswalk.json || pedagogical_corpus:data/pedagogical-corpus/glossika/GLOSSIKA-YUEHK-A1-DLG-007-20260111/items.tsv
GLOSSIKA-YUEHK-A1-W14-20260621-I010	10	lexical_entry	vocabulary_and_situations	work_and_office	放工	fong3 gung1	to get off work	lexical_ingress | disposition=lexical_ingress_candidate | recommendation=review_for_smallest_canonical_lexicon_owner	
GLOSSIKA-YUEHK-A1-W14-20260621-I011	11	lexical_entry	vocabulary_and_situations	work_and_office	公司	gung1 si1	company	lexical_ingress | disposition=already_covered_exact | recommendation=no_duplicate_ingress | runtime=src/runtime-resources/lexicon/token-lexicon	runtime_lexicon:src/runtime-resources/lexicon/token-lexicon/people-and-address.js || executable_test_or_fixture:tests/constructions/ClauseRelationGraph.json || canonical_or_research_data:data/corpus-reviews/GLOSSIKA-YUEHK-A1-DLG-001-020-DECISION-MAP-R1.json || canonical_or_research_data:data/research/REPOSITORY-FUTURE-PARSER-WORK-MAP-R1.json || pedagogical_corpus:data/pedagogical-corpus/glossika/GLOSSIKA-YUEHK-A1-DLG-015-20260315/crosswalk.json || pedagogical_corpus:data/pedagogical-corpus/glossika/GLOSSIKA-YUEHK-A1-DLG-015-20260315/items.tsv
GLOSSIKA-YUEHK-A1-W14-20260621-I012	12	lexical_entry	vocabulary_and_situations	work_and_office	辦公室	baan6 gung1 sat1	office	lexical_ingress | disposition=lexical_ingress_candidate | recommendation=review_for_smallest_canonical_lexicon_owner	current_grammar_note:grammar/research_pending/DirectionalMotionVP.md || canonical_or_research_data:data/corpus-reviews/GLOSSIKA-YUEHK-A1-DLG-001-020-DECISION-MAP-R1.json || canonical_or_research_data:data/research/GLOSSIKA-CONTEXT-LINKED-RESPONSE-DECISIONS-R1.json || pedagogical_corpus:data/pedagogical-corpus/glossika/GLOSSIKA-YUEHK-A1-DLG-009-20260201/README.md || pedagogical_corpus:data/pedagogical-corpus/glossika/GLOSSIKA-YUEHK-A1-DLG-009-20260201/crosswalk.json || pedagogical_corpus:data/pedagogical-corpus/glossika/GLOSSIKA-YUEHK-A1-DLG-009-20260201/items.tsv
GLOSSIKA-YUEHK-A1-W14-20260621-I013	13	lexical_entry	vocabulary_and_situations	work_and_office	老闆	lou5 baan2	boss	lexical_ingress | disposition=already_covered_exact | recommendation=no_duplicate_ingress | runtime=src/runtime-resources/lexicon/token-lexicon	runtime_lexicon:src/runtime-resources/lexicon/token-lexicon/people-and-address.js || runtime_source:src/parser/detectors/transfer/lexical-give.js || current_grammar_note:grammar/research_pending/PossessiveClassifierNP.md
GLOSSIKA-YUEHK-A1-W14-20260621-I014	14	lexical_entry	vocabulary_and_situations	work_and_office	開會	hoi1 wui2	to have a meeting	lexical_ingress | disposition=lexical_ingress_candidate | recommendation=review_for_smallest_canonical_lexicon_owner	current_grammar_note:grammar/research_pending/PriorityMarkerClause.md || canonical_or_research_data:data/corpus-reviews/GLOSSIKA-YUEHK-A1-DLG-001-020-DECISION-MAP-R1.json || pedagogical_corpus:data/pedagogical-corpus/glossika/GLOSSIKA-YUEHK-A1-DLG-009-20260201/crosswalk.json || pedagogical_corpus:data/pedagogical-corpus/glossika/GLOSSIKA-YUEHK-A1-DLG-009-20260201/items.tsv || pedagogical_corpus:data/pedagogical-corpus/glossika/GLOSSIKA-YUEHK-A1-DLG-009-20260201/review.json || pedagogical_corpus:data/pedagogical-corpus/glossika/GLOSSIKA-YUEHK-A1-DLG-009-20260201/source.json
GLOSSIKA-YUEHK-A1-W14-20260621-I015	15	lexical_entry	vocabulary_and_situations	work_and_office	出糧	ceot1 loeng4	to get paid	lexical_ingress | disposition=lexical_ingress_candidate | recommendation=review_for_smallest_canonical_lexicon_owner || followup_candidate | candidate_id=W14-F08 | cluster=lexical_gloss_review | priority=high | reason=The source glosses may be perspective-bound or narrower than the Cantonese forms; no correction is asserted here.	
GLOSSIKA-YUEHK-A1-W14-20260621-I016	16	lexical_entry	vocabulary_and_situations	work_and_office	放假	fong3 gaa3	to have a holiday	lexical_ingress | disposition=lexical_ingress_candidate | recommendation=review_for_smallest_canonical_lexicon_owner	pedagogical_corpus:data/pedagogical-corpus/glossika/GLOSSIKA-YUEHK-A1-W16-20260705/items.tsv || pedagogical_corpus:data/pedagogical-corpus/glossika/GLOSSIKA-YUEHK-A1-W16-20260705/review.json || pedagogical_corpus:data/pedagogical-corpus/glossika/GLOSSIKA-YUEHK-A1-W16-20260705/source.json
GLOSSIKA-YUEHK-A1-W14-20260621-I017	17	lexical_entry	vocabulary_and_situations	work_and_office	打工	daa2 gung1	to work (part-time)	lexical_ingress | disposition=lexical_ingress_candidate | recommendation=review_for_smallest_canonical_lexicon_owner || followup_candidate | candidate_id=W14-F08 | cluster=lexical_gloss_review | priority=high | reason=The source glosses may be perspective-bound or narrower than the Cantonese forms; no correction is asserted here.	
GLOSSIKA-YUEHK-A1-W14-20260621-I018	18	lexical_entry	vocabulary_and_situations	work_and_office	人工	jan4 gung1	salary	lexical_ingress | disposition=lexical_ingress_candidate | recommendation=review_for_smallest_canonical_lexicon_owner	runtime_source:src/parser/context/descriptors.js || executable_test_or_fixture:tests/constructions/ClauseRelationGraph.json || canonical_or_research_data:data/corpus-reviews/GLOSSIKA-YUEHK-A1-DLG-001-020-DECISION-MAP-R1.json || canonical_or_research_data:data/natural-corpus/wechat-father-daughter-001.txt || pedagogical_corpus:data/pedagogical-corpus/glossika/GLOSSIKA-YUEHK-A1-DLG-015-20260315/crosswalk.json || pedagogical_corpus:data/pedagogical-corpus/glossika/GLOSSIKA-YUEHK-A1-DLG-015-20260315/items.tsv
GLOSSIKA-YUEHK-A1-W14-20260621-I019	19	lexical_entry	vocabulary_and_situations	work_and_office	加班	gaa1 baan1	to work overtime	lexical_ingress | disposition=lexical_ingress_candidate | recommendation=review_for_smallest_canonical_lexicon_owner	pedagogical_corpus:data/pedagogical-corpus/glossika/GLOSSIKA-YUEHK-A1-W17-20260712/crosswalk.json
GLOSSIKA-YUEHK-A1-W14-20260621-I020	20	lexical_entry	vocabulary_and_situations	work_and_office	辭職	ci4 zik1	to resign	lexical_ingress | disposition=lexical_ingress_candidate | recommendation=review_for_smallest_canonical_lexicon_owner	
