source_id	citation	uri	verification	locator	profile	verified_claim	limitation
SRC-WONG-ETAL-2022-GACS-MANNER	Wong, Anita Mei-Yin, Candice Chi-Hang Cheung, Joanna Man-Wai Lo, and Elaine Kit-Hung Wan. 2022. Grammatical Analysis of Cantonese Samples. In Understanding Development and Disorders in Cantonese Using Language Sample Analysis. Routledge.	https://www.researchgate.net/publication/365978692_Wong_A_M-Y_Cheung_C_C-H_Lo_J_M-W_Wan_E_K-H_2022_Grammatical_Analysis_of_Cantonese_Samples_in_Understanding_Development_and_Disorders_in_Cantonese_using_Language_Sample_Analysis_published_by_Routledge_	VERIFIED_AUTHOR_UPLOADED_CHAPTER_AND_PUBLISHER_METADATA	Section 2.1 Manner adverbs, lines corresponding to examples 佢好大力咁踢我, 佢偷偷地走咗, and 慢慢行，唔好跑呀	Preverbal Cantonese manner adverbs	Defines manner adverbs as VP modifiers and distinguishes adjective + gam2, reduplicated adjective or verb + dei2, and bare manner-adverb examples. Directly attests hou2 daai6lik6 gam2 + VP, tau1tau1-dei2 + VP, and maan6-maan2 + VP.	The clinical grammar framework groups functional types for analysis; it does not prove unrestricted lexical productivity or make the three surface strategies one construction.
SRC-WONG-OVERVIEW-2022-ADVERBIALS	Wong, Anita Mei-Yin. 2022. A Grammatical Overview of Cantonese. In Understanding Development and Disorders in Cantonese Using Language Sample Analysis. Routledge.	https://www.routledge.com/Understanding-Development-and-Disorder-in-Cantonese-using-Language-Sample/Wong/p/book/9780367424190	VERIFIED_PUBLISHED_BOOK_TEXT_THROUGH_ACCESSIBLE_PREVIEW	Adverbial modifiers; examples 你乖乖地食飯先 and 你細細聲咁講俾我聽啦	Three Cantonese adverbial strategies	Separates postverbal dak1 + adjective, preverbal adjective reduplication with or without dei2, and adjective + gam2 + verb; exact examples show reduplicated material with dei2 and a reduplicated noun-like manner phrase before gam2.	Overview-level description does not settle all semantic differences, the complete reduplicable lexicon, or whether every intersection deserves a separate construction identity.
SRC-CUHK-LAL-CANTONESE-CODING	Chinese University of Hong Kong Language Acquisition Laboratory. Cantonese corpus grammatical category documentation.	https://www.arts.cuhk.edu.hk/~lal/corpora.html	VERIFIED_AUTHORITATIVE_CORPUS_DOCUMENTATION	Category inventory: advm examples maan6maan2 and ma4ma4dei2; advi gam3; advs gam2(joeng2)	Corpus category distinctions	Official corpus coding treats bare maan6maan2 and dei2-marked ma4ma4dei2 as manner adverbs and distinguishes intensity gam3 from manner or sentential gam2.	A coding inventory is not a complete syntactic theory and does not establish the productivity or exact constituency of every token.
SRC-TALKBANK-YIP-MATTHEWS-CODING	TalkBank CHILDES. Cantonese-English Yip/Matthews Corpus documentation.	https://talkbank.org/childes/access/Biling/YipMatthews.html	VERIFIED_AUTHORITATIVE_CORPUS_DOCUMENTATION	Grammatical categories: advm gwaai1gwaai1dei2 and maan6maan2	Bare and dei2-marked manner adverbs	Independently classifies both bare reduplicated maan6maan2 and dei2-marked gwaai1gwaai1dei2 as manner adverbs in an established Cantonese corpus.	Category documentation does not specify every token's discourse context, tone realization, or open-class productivity.
SRC-CHAN-2008-ATTENUATIVE-REDUP	Chan, Ho Leung. 2008. Reduplication with Phonological Fixed Segmentism—The Emergence of the Unmarked Tone in Cantonese. Proceedings of LingO 2007, 43–50.	https://www.researchgate.net/publication/228834339_Reduplication_with_Phonological_Fixed_Segmentism-The_Emergence_of_the_Unmarked_Tone_in_Cantonese	VERIFIED_AUTHOR_UPLOADED_FULL_TEXT	Section 2; canonical Base + RED + dei2 form and examples fu2fu2dei2, zeoi3zeoi2dei2, maan6maan2dei2	Attenuative adjective reduplication with dei2	Analyzes AA + dei2 as a productive attenuative construction and documents optional or speaker-conditioned high-rising tone on the second copy, including maan6maan2dei2.	This is primarily a property or attenuative reduplication analysis; it does not make every AA + VP sequence a manner adverb or equate dei2 with gam2.
SRC-LEE-2012-FIXED-TONE-REDUP	Lee, Jackson L. 2012. Fixed-tone reduplication in Cantonese. McGill Working Papers in Linguistics 22(1).	https://www.researchgate.net/publication/301231845_Fixed-tone_reduplication_in_Cantonese	VERIFIED_FULL_TEXT	Abstract and sections on A-A-dei2, A-A-dei2-B, tonal alternation, speaker groups, and corpus scarcity	Morphophonology of Cantonese attenuative reduplication	Shows that AA-dei2 and related forms involve reduplication, affixation, and tonal alternation; reports speaker variation and warns that corpus evidence is sparse.	The phonological analysis does not define a general preverbal manner construction and cannot license surface-string equality as a sufficient parser condition.
SRC-YIP-MATTHEWS-2017-INTERMEDIATE-REDUP	Yip, Virginia, and Stephen Matthews. 2017. Intermediate Cantonese: A Grammar and Workbook. 2nd ed. Routledge.	https://www.routledge.com/Intermediate-Cantonese-A-Grammar-and-Workbook/Yip-Matthews/p/book/9780415815611	VERIFIED_PUBLISHER_METADATA_AND_ACCESSIBLE_BOOK_TEXT	Unit 4 Reduplication; sections on changed tone, AABB adjectives and adverbs, and exercises with adverbial uses	Broader reduplicated adjective and adverb inventory	Documents multiple Cantonese reduplication patterns, changed tone, bare AABB adverbial uses such as casual or quick manner, and explicitly warns that productive coinage can be hit or miss because the processes are not entirely predictable.	Pedagogical examples establish conventional patterns and boundaries, not an exhaustive lexical inventory or one uniform AA schema.
SRC-BARRIE-2009-CANTONESE-ADVERB-PLACEMENT	Barrie, Michael. 2009. The Syntax and Semantics of Adverb Placement in Cantonese. MOSS conference presentation.	https://www.yumpu.com/en/document/view/21939708/1-the-syntax-and-semantics-of-adverb-placement-in-cantonese-	VERIFIED_PUBLIC_CONFERENCE_HANDOUT	Sections 1–4; gam2 construction examples; reduplicated adverb without gam2 note	Preverbal gam2 adverbial construction	Analyzes a general preverbal degree or adjective phrase + gam2 construction, not one limited to reduplicated properties; notes that some reduplicated adverbs can appear without gam2, for example hoi1hoi1sam1sam1.	Conference-handout judgements and one analysis require corroboration; the source does not establish every lexical host or resolve all subject-oriented readings.
SRC-CANTONESE-ASIA-GAM2-GAM3	Cantonese Association teaching resource. 噉、咁有分別.	https://www.cantonese.asia/attachments/oncc/lessons/028.htm	VERIFIED_SPECIALIST_CANTONESE_PEDAGOGICAL_RESOURCE	Definitions and examples 細細聲噉講 versus 咁複雜 and 咁靚	Orthographic and tonal distinction between gam2 and gam3	Distinguishes adverbial or manner 噉 gam2 from degree 咁 gam3 and notes that Hong Kong writing often uses 咁 for both readings.	A pedagogical orthography source is not a syntactic experiment; spelling practice varies, so parser decisions must use pronunciation and function rather than glyph prescriptivism.
