source_id	citation	uri	verification	locator	profile	verified_claim	limitation	evidence_grade
SRC-BOND-SIO-2024-CLASSIFIERS	Bond, Francis, and Joanna Ut-Seong Sio. 2024. A Construction-based Approach to Cantonese Classifiers. Proceedings of HPSG 31, 60–75.	https://doi.org/10.21248/hpsg.2024.4	VERIFIED_OFFICIAL_FULL_TEXT	pp. 61–67; Table 1; examples 1, 3–5	Cantonese classifier phrase structure	Distinguishes D-(X)-C-N, X-C-N, and C-N and separates structural profiles.	Does not provide an exhaustive pair-level compatibility table.	DIRECT_SCHOLARLY_CORE
SRC-CHENG-SYBESMA-2014-NP-STRUCTURE	Cheng, Lisa Lai-Shen, and Rint Sybesma. 2014. The Syntactic Structure of Noun Phrases. In The Handbook of Chinese Linguistics, 248–274.	https://doi.org/10.1002/9781118584552.ch10	VERIFIED_AUTHOR_UPLOADED_FULL_TEXT_AND_PUBLISHER_METADATA	pp. 248–251; examples 1–9	Cantonese demonstrative, numeral, classifier, and noun structure	Separates overt structure, optional numeral after a demonstrative, C-N profiles, and noun ellipsis.	Structural analysis does not determine individual noun–unit compatibility.	DIRECT_SCHOLARLY_CORE
SRC-MATTHEWS-YIP-COMPREHENSIVE-CH6	Matthews, Stephen, and Virginia Yip. Cantonese: A Comprehensive Grammar, multimedia Chapter 6, The noun phrase.	https://www.cuhk.edu.hk/lin/cbrc/CantoneseGrammar/multimedia/06.htm	VERIFIED_AUTHORITATIVE_EDUCATIONAL_FULL_TEXT	Sections 6.1.1–6.3.2	Classifier, measure, alternative-classifier, and headed NP profiles	Directly provides classifier and measure contrasts and multiple ordinary pairings.	Examples establish attestation and contrasts, not a universal binary compatibility table.	REFERENCE_GRAMMAR_CORE
SRC-TSE-LI-LEUNG-2007-GO3	Tse, Shek Kam, Hui Li, and Shing On Leung. 2007. The acquisition of Cantonese classifiers by preschool children in Hong Kong. Journal of Child Language 34(3):495–517.	https://doi.org/10.1017/S0305000906007975	VERIFIED_PEER_REVIEWED_FULL_TEXT	Classifier typology and discussion of go3	Documents broad general-classifier use and its distinction from mensural classifiers.	Child production and preference do not determine adult categorical grammaticality.	DIRECT_SCHOLARLY_CORE
SRC-ERBAUGH-2013-CLASSIFIER-DISCOURSE	Erbaugh, Mary S. 2013. Classifier choices in discourse across the seven main Chinese dialects. In Increased Empiricism, 101–126.	https://doi.org/10.1075/scld.2.05erb	VERIFIED_PUBLISHER_METADATA_AND_ABSTRACT	Cross-dialect Pear Stories results	Documents frequent general-classifier use and alternative sortal choices in Cantonese discourse.	Discourse frequency does not license every noun–unit pairing.	ATTESTATION_ONLY
SRC-NAGY-LO-2019-CANTONESE-CLASSIFIERS	Nagy, Naomi, and Samuel Lo. 2019. Classifier use in Heritage and Hong Kong Cantonese. Asia-Pacific Language Variation 5(1).	https://doi.org/10.1075/aplv.17001.nag	VERIFIED_PUBLISHER_METADATA_AND_AUTHOR_ABSTRACT	Heritage and Hong Kong Cantonese comparison	Documents population and discourse variation in classifier choice.	Population trends do not resolve an individual pairing.	ATTESTATION_ONLY
SRC-GLOSSIKA-W19-CLASSIFIERS	Glossika Yue-HK A1 Week 19 classifier lesson, frozen Canto Span pedagogical corpus source.	data/pedagogical-corpus/glossika/GLOSSIKA-YUEHK-A1-W19-20260726/source.json	VERIFIED_REPOSITORY_SOURCE	classifier lesson items used by the bounded matrix	Provides project-visible pedagogical attestations for common classifier–noun examples.	Pedagogical material is attestation, not proof of unrestricted productivity or exclusive preference.	ATTESTATION_ONLY
CORPUS-HKCANCOR-UWNM-R1	HKCanCor through PyCantonese 5.0.0, bounded adjacent lexical unit-word plus noun query.	https://pycantonese.org/data.html	REPRODUCIBLE_FROZEN_CORPUS_QUERY	Exact target-pair counts and contexts recorded during PR workflow run 30598842156	Establishes occurrence and bounded counts for exact surface pairings in Hong Kong conversational data.	Adjacent lexical-token extraction can miss discontinuous structure and cannot establish absence, preference, or productivity.	PRIMARY_CORPUS_ATTESTATION
SRC-WORDSHK-BOUNDED-PAIRS	Words.hk entries consulted for the bounded nouns and unit words represented in the matrix.	https://words.hk	VERIFIED_LEXICAL_REFERENCE_ENTRIES	individual entry senses and example pairings summarized row by row in the matrix	Supports lexical senses and directly documented alternatives for selected pairings.	Dictionary coverage is non-exhaustive; absence is not negative evidence, and entry examples do not prove universal preference.	LEXICAL_OR_PRONUNCIATION_ONLY
RUNTIME-UNIT-WORD-EVIDENCE-V1	Canto Span unit-word evidence model.	src/runtime-resources/grammar/unit-word-evidence.json	VERIFIED_REPOSITORY_RUNTIME	current runtime rule inventory	Records what the implementation currently allows, blocks, or categorizes.	Runtime behavior has zero independent linguistic-evidence weight.	RUNTIME_OBSERVATION_ONLY
FIXTURE-NP-SUBSYSTEM-V0.5.184	Canto Span NP subsystem fixtures.	tests/fixtures/np-subsystem.json	VERIFIED_REPOSITORY_FIXTURE	active positive and mismatch cases used by the bounded review	Records expected implementation behavior and exposes candidate pairings for audit.	Fixtures have zero independent linguistic-evidence weight.	RUNTIME_OBSERVATION_ONLY
