id	ordinal	item_type	turn	speaker	vocabulary_ordinal	source_cantonese	source_jyutping	source_english	source_hash	source_dialog_exact_surface_present	previous_turn_id	next_turn_id	deduplication_relation	ingress_classification	runtime_lexical_owners	canonical_exact_owners	supporting_exact_owners	review_flags	review_state
GLOSSIKA-YUEHK-A1-DLG-016-20260322-I001	1	dialog_turn	1	家明		美琪，啱啱陳生講咗啲乜嘢呀？	/mei5 kei4, ngaam1 ngaam1 can4 saang1 gong2 zo2 di1 mat1 je5 aa3?/		sha256:bf70227edb07170f085af7457733707830c4dc1db06c8a9d9c28d98b35fc663c			GLOSSIKA-YUEHK-A1-DLG-016-20260322-I002	no_project_match	naturalness_review_candidate				naturalness_review_candidate|reported_speech_meeting_wh_review|source_turn_translation_not_provided	REQUIRES_EXPERT_CONTEXT_REVIEW
GLOSSIKA-YUEHK-A1-DLG-016-20260322-I002	2	dialog_turn	2	美琪		佢話聽日要開會。	/keoi5 waa6 ting1 jat6 jiu3 hoi1 wui2./		sha256:92901b1362353fd57eab0527c98b783d21f2473d2f0aef91532f6b6cf17d3fc6		GLOSSIKA-YUEHK-A1-DLG-016-20260322-I001	GLOSSIKA-YUEHK-A1-DLG-016-20260322-I003	no_project_match	naturalness_review_candidate				naturalness_review_candidate|reported_speech_meeting_wh_review|source_turn_translation_not_provided	REQUIRES_EXPERT_CONTEXT_REVIEW
GLOSSIKA-YUEHK-A1-DLG-016-20260322-I003	3	dialog_turn	3	家明		聽日？幾點鐘呀？	/ting1 jat6? gei2 dim2 zung1 aa3?/		sha256:a2d4650dd22f2e1d885768a6d6facad1c4faaea0f1096384e6997f617d4ac462		GLOSSIKA-YUEHK-A1-DLG-016-20260322-I002	GLOSSIKA-YUEHK-A1-DLG-016-20260322-I004	no_project_match	naturalness_review_candidate				naturalness_review_candidate|reported_speech_meeting_wh_review|source_turn_translation_not_provided	REQUIRES_EXPERT_CONTEXT_REVIEW
GLOSSIKA-YUEHK-A1-DLG-016-20260322-I004	4	dialog_turn	4	美琪		佢話朝早九點。	/keoi5 waa6 ziu1 zou2 gau2 dim2./		sha256:35ee3df281fcf13db431be1f608f67ad7008d3e3c44243fb9e2016f0e8f072c4		GLOSSIKA-YUEHK-A1-DLG-016-20260322-I003	GLOSSIKA-YUEHK-A1-DLG-016-20260322-I005	no_project_match	naturalness_review_candidate				naturalness_review_candidate|reported_speech_meeting_wh_review|source_turn_translation_not_provided	REQUIRES_EXPERT_CONTEXT_REVIEW
GLOSSIKA-YUEHK-A1-DLG-016-20260322-I005	5	dialog_turn	5	家明		即係話我哋要早啲返公司？	/zik1 hai6 waa6 ngo5 dei6 jiu3 zou2 di1 faan1 gung1 si1?/		sha256:46851392de2e721be541674bd248ae79179e1888ad6e59597a8f7946b1f487f1		GLOSSIKA-YUEHK-A1-DLG-016-20260322-I004	GLOSSIKA-YUEHK-A1-DLG-016-20260322-I006	no_project_match	naturalness_review_candidate				naturalness_review_candidate|reported_speech_meeting_wh_review|source_turn_translation_not_provided	REQUIRES_EXPERT_CONTEXT_REVIEW
GLOSSIKA-YUEHK-A1-DLG-016-20260322-I006	6	dialog_turn	6	美琪		係呀，佢仲話要帶文件。	/hai6 aa3, keoi5 zung6 waa6 jiu3 daai3 man4 gin2./		sha256:10c4985e9cda7e98d8466fa96e2c9d651de7c5ee02cca4809002b948560ebe6e		GLOSSIKA-YUEHK-A1-DLG-016-20260322-I005	GLOSSIKA-YUEHK-A1-DLG-016-20260322-I007	no_project_match	naturalness_review_candidate				naturalness_review_candidate|reported_speech_meeting_wh_review|source_turn_translation_not_provided	REQUIRES_EXPERT_CONTEXT_REVIEW
GLOSSIKA-YUEHK-A1-DLG-016-20260322-I007	7	dialog_turn	7	家明		邊啲文件呀？	/bin1 di1 man4 gin2 aa3?/		sha256:5d854ba901aa9e0758a2474e59ff2ec1276e62d019d6e443ad84e12162586941		GLOSSIKA-YUEHK-A1-DLG-016-20260322-I006	GLOSSIKA-YUEHK-A1-DLG-016-20260322-I008	no_project_match	naturalness_review_candidate				naturalness_review_candidate|reported_speech_meeting_wh_review|source_turn_translation_not_provided	REQUIRES_EXPERT_CONTEXT_REVIEW
GLOSSIKA-YUEHK-A1-DLG-016-20260322-I008	8	dialog_turn	8	美琪		上個禮拜嘅報告。	/soeng6 go3 lai5 baai3 ge3 bou3 gou3./		sha256:b57bc9d9a6da8b40fcdfae4ad1ac2eb9cc519a24db163b649cdaa5a16cc8fba9		GLOSSIKA-YUEHK-A1-DLG-016-20260322-I007	GLOSSIKA-YUEHK-A1-DLG-016-20260322-I009	no_project_match	naturalness_review_candidate				naturalness_review_candidate|reported_speech_meeting_wh_review|source_turn_translation_not_provided	REQUIRES_EXPERT_CONTEXT_REVIEW
GLOSSIKA-YUEHK-A1-DLG-016-20260322-I009	9	dialog_turn	9	家明		噢，我明白喇。咁會議係邊度？	/o5, ngo5 ming4 baak6 laa3. gam2 wui2 ji5 hai6 bin1 dou6?/		sha256:fa24792a7fa33d0351a4fcf9dc04df3c2b5c18268ed6cb7a00397266d178581f		GLOSSIKA-YUEHK-A1-DLG-016-20260322-I008	GLOSSIKA-YUEHK-A1-DLG-016-20260322-I010	no_project_match	naturalness_review_candidate				naturalness_review_candidate|reported_speech_meeting_wh_review|source_turn_translation_not_provided	REQUIRES_EXPERT_CONTEXT_REVIEW
GLOSSIKA-YUEHK-A1-DLG-016-20260322-I010	10	dialog_turn	10	美琪		佢話係三樓會議室。	/keoi5 waa6 hai6 saam1 lau2 wui2 ji5 sat1./		sha256:db891047f2f0c7beb59435219de236b14107f76d6f4df2595ad9ca06e75118c4		GLOSSIKA-YUEHK-A1-DLG-016-20260322-I009	GLOSSIKA-YUEHK-A1-DLG-016-20260322-I011	no_project_match	naturalness_review_candidate				naturalness_review_candidate|reported_speech_meeting_wh_review|source_turn_translation_not_provided	REQUIRES_EXPERT_CONTEXT_REVIEW
GLOSSIKA-YUEHK-A1-DLG-016-20260322-I011	11	dialog_turn	11	家明		三樓嗰間大嘅定係細嘅？	/saam1 lau2 go2 gaan1 daai6 ge3 ding6 hai6 sai3 ge3?/		sha256:4cac1bec43ead99fb8bab1a568090e3c6900e477dc4114f6a81584aee4ea40c7		GLOSSIKA-YUEHK-A1-DLG-016-20260322-I010	GLOSSIKA-YUEHK-A1-DLG-016-20260322-I012	no_project_match	naturalness_review_candidate				naturalness_review_candidate|reported_speech_meeting_wh_review|source_turn_translation_not_provided	REQUIRES_EXPERT_CONTEXT_REVIEW
GLOSSIKA-YUEHK-A1-DLG-016-20260322-I012	12	dialog_turn	12	美琪		大間嗰個。	/daai6 gaan1 go2 go3./		sha256:106c59aacd2b0cba0f829bc923738fb4f9769f428e76650a15d87313585fa7ba		GLOSSIKA-YUEHK-A1-DLG-016-20260322-I011	GLOSSIKA-YUEHK-A1-DLG-016-20260322-I013	no_project_match	naturalness_review_candidate				naturalness_review_candidate|reported_speech_meeting_wh_review|source_turn_translation_not_provided	REQUIRES_EXPERT_CONTEXT_REVIEW
GLOSSIKA-YUEHK-A1-DLG-016-20260322-I013	13	dialog_turn	13	家明		佢有冇講會議要幾耐？	/keoi5 jau5 mou5 gong2 wui2 ji5 jiu3 gei2 noi6?/		sha256:dcbab407078a6403eb811eab480a23c08dca3109e678282b8de9108ea9525acc		GLOSSIKA-YUEHK-A1-DLG-016-20260322-I012	GLOSSIKA-YUEHK-A1-DLG-016-20260322-I014	no_project_match	naturalness_review_candidate				naturalness_review_candidate|reported_speech_meeting_wh_review|source_turn_translation_not_provided	REQUIRES_EXPERT_CONTEXT_REVIEW
GLOSSIKA-YUEHK-A1-DLG-016-20260322-I014	14	dialog_turn	14	美琪		佢話大概一個鐘。	/keoi5 waa6 daai6 koi3 jat1 go3 zung1./		sha256:2ad4a6bfe291e2bf952978d1aca31afec731eac6be34e25138955ac669de0052		GLOSSIKA-YUEHK-A1-DLG-016-20260322-I013	GLOSSIKA-YUEHK-A1-DLG-016-20260322-I015	no_project_match	naturalness_review_candidate				naturalness_review_candidate|reported_speech_meeting_wh_review|source_turn_translation_not_provided	REQUIRES_EXPERT_CONTEXT_REVIEW
GLOSSIKA-YUEHK-A1-DLG-016-20260322-I015	15	dialog_turn	15	家明		即係十點前會完？	/zik1 hai6 sap6 dim2 cin4 wui5 jyun4?/		sha256:9337e1445dd4b204e9ec117c1dd2d0340cc755efbbfb141c39d6985e728ea189		GLOSSIKA-YUEHK-A1-DLG-016-20260322-I014	GLOSSIKA-YUEHK-A1-DLG-016-20260322-I016	no_project_match	naturalness_review_candidate				naturalness_review_candidate|reported_speech_meeting_wh_review|source_turn_translation_not_provided	REQUIRES_EXPERT_CONTEXT_REVIEW
GLOSSIKA-YUEHK-A1-DLG-016-20260322-I016	16	dialog_turn	16	美琪		應該係。佢仲話開完會有嘢食。	/jing1 goi1 hai6. keoi5 zung6 waa6 hoi1 jyun4 wui2 jau5 je5 sik6./		sha256:0ad7d342cd614de0a4bf2ce443d42de8e3dcd45d7d232b19b7977320fbe3c8f2		GLOSSIKA-YUEHK-A1-DLG-016-20260322-I015	GLOSSIKA-YUEHK-A1-DLG-016-20260322-I017	no_project_match	naturalness_review_candidate				naturalness_review_candidate|reported_speech_meeting_wh_review|source_turn_translation_not_provided	REQUIRES_EXPERT_CONTEXT_REVIEW
GLOSSIKA-YUEHK-A1-DLG-016-20260322-I017	17	dialog_turn	17	家明		真係？有咩食呀？	/zan1 hai6? jau5 me1 sik6 aa3?/		sha256:fadfa8206e57d4c1105cb25d9db592e32eae270bcbbaef0c5dfe633357ab9bd3		GLOSSIKA-YUEHK-A1-DLG-016-20260322-I016	GLOSSIKA-YUEHK-A1-DLG-016-20260322-I018	no_project_match	naturalness_review_candidate				naturalness_review_candidate|reported_speech_meeting_wh_review|source_turn_translation_not_provided	REQUIRES_EXPERT_CONTEXT_REVIEW
GLOSSIKA-YUEHK-A1-DLG-016-20260322-I018	18	dialog_turn	18	美琪		佢話會叫茶餐廳外賣。	/keoi5 waa6 wui5 giu3 caa4 caan1 teng1 ngoi6 maai6./		sha256:a2f030f6f5cd0043a28d366d2033745bb7b8cb4fe528bf4f8d63c4aace5bd4f0		GLOSSIKA-YUEHK-A1-DLG-016-20260322-I017	GLOSSIKA-YUEHK-A1-DLG-016-20260322-I019	no_project_match	naturalness_review_candidate				naturalness_review_candidate|reported_speech_meeting_wh_review|source_turn_translation_not_provided	REQUIRES_EXPERT_CONTEXT_REVIEW
GLOSSIKA-YUEHK-A1-DLG-016-20260322-I019	19	dialog_turn	19	家明		噢，咁幾好喎。仲有冇講其他嘢？	/o5, gam2 gei2 hou2 wo3. zung6 jau5 mou5 gong2 kei4 taa1 je5?/		sha256:b6a9e377e571ef8387cb0a47beb22fffd2392ad00eb12501264d6f9bcfacd290		GLOSSIKA-YUEHK-A1-DLG-016-20260322-I018	GLOSSIKA-YUEHK-A1-DLG-016-20260322-I020	no_project_match	naturalness_review_candidate				naturalness_review_candidate|reported_speech_meeting_wh_review|source_turn_translation_not_provided	REQUIRES_EXPERT_CONTEXT_REVIEW
GLOSSIKA-YUEHK-A1-DLG-016-20260322-I020	20	dialog_turn	20	美琪		有呀，佢話如果遲到要打電話。	/jau5 aa3, keoi5 waa6 jyu4 gwo2 ci4 dou3 jiu3 daa2 din6 waa2./		sha256:78839214781f7c3abde4c7971fb7c9bae012d29fff167f02455489c5605be833		GLOSSIKA-YUEHK-A1-DLG-016-20260322-I019	GLOSSIKA-YUEHK-A1-DLG-016-20260322-I021	no_project_match	naturalness_review_candidate				naturalness_review_candidate|reported_speech_meeting_wh_review|source_turn_translation_not_provided	REQUIRES_EXPERT_CONTEXT_REVIEW
GLOSSIKA-YUEHK-A1-DLG-016-20260322-I021	21	dialog_turn	21	家明		打畀邊個？	/daa2 bei2 bin1 go3?/		sha256:95806e9a21f515029e261c14b5eb13ec0b32f2787ed3861fe1638787fe95886e		GLOSSIKA-YUEHK-A1-DLG-016-20260322-I020	GLOSSIKA-YUEHK-A1-DLG-016-20260322-I022	no_project_match	naturalness_review_candidate				naturalness_review_candidate|reported_speech_meeting_wh_review|source_turn_translation_not_provided	REQUIRES_EXPERT_CONTEXT_REVIEW
GLOSSIKA-YUEHK-A1-DLG-016-20260322-I022	22	dialog_turn	22	美琪		打畀佢或者秘書。	/daa2 bei2 keoi5 waak6 ze2 bei3 syu1./		sha256:7015f7f9493e487903f61d20d837cdbfdb8fb03ecc256c74f9c6391d1ba8c1d6		GLOSSIKA-YUEHK-A1-DLG-016-20260322-I021	GLOSSIKA-YUEHK-A1-DLG-016-20260322-I023	no_project_match	naturalness_review_candidate				naturalness_review_candidate|reported_speech_meeting_wh_review|source_turn_translation_not_provided	REQUIRES_EXPERT_CONTEXT_REVIEW
GLOSSIKA-YUEHK-A1-DLG-016-20260322-I023	23	dialog_turn	23	家明		明白。佢有冇講會議嘅主題？	/ming4 baak6. keoi5 jau5 mou5 gong2 wui2 ji5 ge3 zyu2 tai4?/		sha256:645688904750b41ac89cf7cc6be8beef11ae547d05a9a583ea47d5cf7a3461b1		GLOSSIKA-YUEHK-A1-DLG-016-20260322-I022	GLOSSIKA-YUEHK-A1-DLG-016-20260322-I024	no_project_match	naturalness_review_candidate				naturalness_review_candidate|reported_speech_meeting_wh_review|source_turn_translation_not_provided	REQUIRES_EXPERT_CONTEXT_REVIEW
GLOSSIKA-YUEHK-A1-DLG-016-20260322-I024	24	dialog_turn	24	美琪		佢話係討論新計劃。	/keoi5 waa6 hai6 tou2 leon6 san1 gai3 waak6./		sha256:82340947c960cccfb73ef698664a6a7a4eceacefc0c07d3c1c1ee50154bee384		GLOSSIKA-YUEHK-A1-DLG-016-20260322-I023	GLOSSIKA-YUEHK-A1-DLG-016-20260322-I025	no_project_match	naturalness_review_candidate				naturalness_review_candidate|reported_speech_meeting_wh_review|source_turn_translation_not_provided	REQUIRES_EXPERT_CONTEXT_REVIEW
GLOSSIKA-YUEHK-A1-DLG-016-20260322-I025	25	dialog_turn	25	家明		邊個新計劃呀？	/bin1 go3 san1 gai3 waak6 aa3?/		sha256:4a698228d6cf508e85022ffe30fbd878339d2a96e07cdfa64140d4b6890450ab		GLOSSIKA-YUEHK-A1-DLG-016-20260322-I024	GLOSSIKA-YUEHK-A1-DLG-016-20260322-I026	no_project_match	naturalness_review_candidate				naturalness_review_candidate|reported_speech_meeting_wh_review|source_turn_translation_not_provided	REQUIRES_EXPERT_CONTEXT_REVIEW
GLOSSIKA-YUEHK-A1-DLG-016-20260322-I026	26	dialog_turn	26	美琪		下個月嗰個項目。	/haa6 go3 jyut6 go2 go3 hong6 muk6./		sha256:44a7c9e088ef3fb46b269542c13ced8e91b25f7530bc4adb90143c654886a2b7		GLOSSIKA-YUEHK-A1-DLG-016-20260322-I025	GLOSSIKA-YUEHK-A1-DLG-016-20260322-I027	no_project_match	naturalness_review_candidate				naturalness_review_candidate|reported_speech_meeting_wh_review|source_turn_translation_not_provided	REQUIRES_EXPERT_CONTEXT_REVIEW
GLOSSIKA-YUEHK-A1-DLG-016-20260322-I027	27	dialog_turn	27	家明		噢，我記得喇。佢話要準備咩？	/o5, ngo5 gei3 dak1 laa3. keoi5 waa6 jiu3 zeon2 bei6 me1?/		sha256:bbe4ec35bf661e997c86676e182dc68834f4b36d96bf6cb37cb44d492991e29c		GLOSSIKA-YUEHK-A1-DLG-016-20260322-I026	GLOSSIKA-YUEHK-A1-DLG-016-20260322-I028	no_project_match	naturalness_review_candidate				naturalness_review_candidate|reported_speech_meeting_wh_review|source_turn_translation_not_provided	REQUIRES_EXPERT_CONTEXT_REVIEW
GLOSSIKA-YUEHK-A1-DLG-016-20260322-I028	28	dialog_turn	28	美琪		佢話要諗吓自己嘅意見。	/keoi5 waa6 jiu3 nam2 haa5 zi6 gei2 ge3 ji3 gin3./		sha256:88c74720bdd1ec0d8d9e2e51c8dc812e776a0e9cc3ab309ae0f4c9acfe7ea927		GLOSSIKA-YUEHK-A1-DLG-016-20260322-I027	GLOSSIKA-YUEHK-A1-DLG-016-20260322-I029	no_project_match	naturalness_review_candidate				naturalness_review_candidate|reported_speech_meeting_wh_review|source_turn_translation_not_provided	REQUIRES_EXPERT_CONTEXT_REVIEW
GLOSSIKA-YUEHK-A1-DLG-016-20260322-I029	29	dialog_turn	29	家明		即係要發言？	/zik1 hai6 jiu3 faat3 jin4?/		sha256:216ecd66cae38231951b09ff75e6168393d0676ab3c952ff18d6ee56d9e0dffa		GLOSSIKA-YUEHK-A1-DLG-016-20260322-I028	GLOSSIKA-YUEHK-A1-DLG-016-20260322-I030	no_project_match	naturalness_review_candidate				naturalness_review_candidate|reported_speech_meeting_wh_review|source_turn_translation_not_provided	REQUIRES_EXPERT_CONTEXT_REVIEW
GLOSSIKA-YUEHK-A1-DLG-016-20260322-I030	30	dialog_turn	30	美琪		係呀，佢話人人都要講。	/hai6 aa3, keoi5 waa6 jan4 jan4 dou1 jiu3 gong2./		sha256:665db4cbd1713b1d6c9142b41b8745b09557e1da2b7fc3014ea1a81c7498d4a5		GLOSSIKA-YUEHK-A1-DLG-016-20260322-I029	GLOSSIKA-YUEHK-A1-DLG-016-20260322-I031	no_project_match	naturalness_review_candidate				naturalness_review_candidate|reported_speech_meeting_wh_review|source_turn_translation_not_provided	REQUIRES_EXPERT_CONTEXT_REVIEW
GLOSSIKA-YUEHK-A1-DLG-016-20260322-I031	31	dialog_turn	31	家明		咁我要諗清楚先。仲有其他嘢嗎？	/gam2 ngo5 jiu3 nam2 cing1 co2 sin1. zung6 jau5 kei4 taa1 je5 maa3?/		sha256:934bba9dc158c1fdbb770ed739c98cb62a6c0caa542d03bd8473950365062641		GLOSSIKA-YUEHK-A1-DLG-016-20260322-I030	GLOSSIKA-YUEHK-A1-DLG-016-20260322-I032	no_project_match	naturalness_review_candidate				naturalness_review_candidate|reported_speech_meeting_wh_review|source_turn_translation_not_provided	REQUIRES_EXPERT_CONTEXT_REVIEW
GLOSSIKA-YUEHK-A1-DLG-016-20260322-I032	32	dialog_turn	32	美琪		佢話如果有問題可以問佢。	/keoi5 waa6 jyu4 gwo2 jau5 man6 tai4 ho2 ji5 man6 keoi5./		sha256:99c9d4055b007a740e1d62b9ba27a395df62c77058727e9ad4dc495d20630492		GLOSSIKA-YUEHK-A1-DLG-016-20260322-I031	GLOSSIKA-YUEHK-A1-DLG-016-20260322-I033	no_project_match	naturalness_review_candidate				naturalness_review_candidate|reported_speech_meeting_wh_review|source_turn_translation_not_provided	REQUIRES_EXPERT_CONTEXT_REVIEW
GLOSSIKA-YUEHK-A1-DLG-016-20260322-I033	33	dialog_turn	33	家明		幾時可以問佢？	/gei2 si4 ho2 ji5 man6 keoi5?/		sha256:70e53036502edb2c83037bdf3bffa3c61131f4919a03b924c85219ffa19f1e1b		GLOSSIKA-YUEHK-A1-DLG-016-20260322-I032	GLOSSIKA-YUEHK-A1-DLG-016-20260322-I034	no_project_match	naturalness_review_candidate				naturalness_review_candidate|reported_speech_meeting_wh_review|source_turn_translation_not_provided	REQUIRES_EXPERT_CONTEXT_REVIEW
GLOSSIKA-YUEHK-A1-DLG-016-20260322-I034	34	dialog_turn	34	美琪		今日下晝之前。	/gam1 jat6 haa6 zau3 zi1 cin4./		sha256:6153526ab3b73b402f09b81efef3b2e73de975b27d01e7fe49c72c4a2c6fc52c		GLOSSIKA-YUEHK-A1-DLG-016-20260322-I033	GLOSSIKA-YUEHK-A1-DLG-016-20260322-I035	no_project_match	naturalness_review_candidate				naturalness_review_candidate|reported_speech_meeting_wh_review|source_turn_translation_not_provided	REQUIRES_EXPERT_CONTEXT_REVIEW
GLOSSIKA-YUEHK-A1-DLG-016-20260322-I035	35	dialog_turn	35	家明		佢而家喺邊？	/keoi5 ji4 gaa1 hai2 bin1?/		sha256:c4c95f5e021104d25939f85bc0238d8ec5925acead0ec9c5801f5aab509c1c60		GLOSSIKA-YUEHK-A1-DLG-016-20260322-I034	GLOSSIKA-YUEHK-A1-DLG-016-20260322-I036	no_project_match	naturalness_review_candidate				naturalness_review_candidate|reported_speech_meeting_wh_review|source_turn_translation_not_provided	REQUIRES_EXPERT_CONTEXT_REVIEW
GLOSSIKA-YUEHK-A1-DLG-016-20260322-I036	36	dialog_turn	36	美琪		佢話佢喺辦公室。	/keoi5 waa6 keoi5 hai2 baan6 gung1 sat1./		sha256:5431f966a652031fb69e114591288bfbd5531469f8f82d1f4b4039ab8b0753e2		GLOSSIKA-YUEHK-A1-DLG-016-20260322-I035	GLOSSIKA-YUEHK-A1-DLG-016-20260322-I037	no_project_match	naturalness_review_candidate				naturalness_review_candidate|reported_speech_meeting_wh_review|source_turn_translation_not_provided	REQUIRES_EXPERT_CONTEXT_REVIEW
GLOSSIKA-YUEHK-A1-DLG-016-20260322-I037	37	dialog_turn	37	家明		好，我一陣去搵佢。	/hou2, ngo5 jat1 zan6 heoi3 wan2 keoi5./		sha256:341f2a083bec107e798434ba6f02b1da9161660e20b249b9392b3b774d69cb78		GLOSSIKA-YUEHK-A1-DLG-016-20260322-I036	GLOSSIKA-YUEHK-A1-DLG-016-20260322-I038	no_project_match	naturalness_review_candidate				naturalness_review_candidate|reported_speech_meeting_wh_review|source_turn_translation_not_provided	REQUIRES_EXPERT_CONTEXT_REVIEW
GLOSSIKA-YUEHK-A1-DLG-016-20260322-I038	38	dialog_turn	38	美琪		記得帶報告呀。	/gei3 dak1 daai3 bou3 gou3 aa3./		sha256:8aee4caef40878da74ca6340d81bc87b5293f4b6928063624d75bdacfff0893c		GLOSSIKA-YUEHK-A1-DLG-016-20260322-I037	GLOSSIKA-YUEHK-A1-DLG-016-20260322-I039	no_project_match	naturalness_review_candidate				naturalness_review_candidate|reported_speech_meeting_wh_review|source_turn_translation_not_provided	REQUIRES_EXPERT_CONTEXT_REVIEW
GLOSSIKA-YUEHK-A1-DLG-016-20260322-I039	39	dialog_turn	39	家明		知道，唔該晒你話我知。	/zi1 dou3, m4 goi1 saai3 nei5 waa6 ngo5 zi1./		sha256:fb7fe80e4013cc323e3079a510637a9636d172f80035365043749c70cadc2a2a		GLOSSIKA-YUEHK-A1-DLG-016-20260322-I038	GLOSSIKA-YUEHK-A1-DLG-016-20260322-I040	no_project_match	naturalness_review_candidate				naturalness_review_candidate|reported_speech_meeting_wh_review|source_turn_translation_not_provided	REQUIRES_EXPERT_CONTEXT_REVIEW
GLOSSIKA-YUEHK-A1-DLG-016-20260322-I040	40	dialog_turn	40	美琪		唔使客氣，聽日見。	/m4 sai2 haak3 hei3, ting1 jat6 gin3./		sha256:8799873de78d1f7ae378f4a878a6c5a6ea2fe51319713dcd5d2a3db49a853e3e		GLOSSIKA-YUEHK-A1-DLG-016-20260322-I039		no_project_match	naturalness_review_candidate				naturalness_review_candidate|reported_speech_meeting_wh_review|source_turn_translation_not_provided	REQUIRES_EXPERT_CONTEXT_REVIEW
GLOSSIKA-YUEHK-A1-DLG-016-20260322-I041	41	vocabulary_entry			1	佢	/keoi5/	he/she/him/her	sha256:32f9a9b93c90135662aa13d41d04b049228b64ca5ba4a12f1967a6c5178b3ce4				normalized_duplicate_candidate	lexical_review_candidate				lexical_review_candidate|reported_speech_meeting_wh_review	REQUIRES_EXPERT_CONTEXT_REVIEW
GLOSSIKA-YUEHK-A1-DLG-016-20260322-I042	42	vocabulary_entry			2	講	/gong2/	to say, to speak	sha256:558db908fc7b1bdbe1804d2c949ff0af4ab3e8bb61077103cfc7dbdf0f3dca13				normalized_duplicate_candidate	lexical_review_candidate				lexical_review_candidate|reported_speech_meeting_wh_review	REQUIRES_EXPERT_CONTEXT_REVIEW
GLOSSIKA-YUEHK-A1-DLG-016-20260322-I043	43	vocabulary_entry			3	咗	/zo2/	[past tense marker]	sha256:f76c80453d0aafef1a538e869098801745baa9f1fac118685b121facd8c7b5ea				normalized_duplicate_candidate	lexical_review_candidate				lexical_review_candidate|reported_speech_meeting_wh_review	REQUIRES_EXPERT_CONTEXT_REVIEW
GLOSSIKA-YUEHK-A1-DLG-016-20260322-I044	44	vocabulary_entry			4	乜嘢	/mat1 je5/	what	sha256:95acc9b6bfc2ecc37da904ba9f455a51d4ccf56d020e766b77474cd6eb050c6c				no_project_match	lexical_review_candidate				lexical_review_candidate|reported_speech_meeting_wh_review	REQUIRES_EXPERT_CONTEXT_REVIEW
GLOSSIKA-YUEHK-A1-DLG-016-20260322-I045	45	vocabulary_entry			5	啱啱	/ngaam1 ngaam1/	just now, just	sha256:b62f1a9c69ceeaee6a2f9097acc63b942ba74786f3c540ceabd00c0ce3d0472d				no_project_match	lexical_review_candidate				lexical_review_candidate|reported_speech_meeting_wh_review	REQUIRES_EXPERT_CONTEXT_REVIEW
GLOSSIKA-YUEHK-A1-DLG-016-20260322-I046	46	vocabulary_entry			6	啲	/di1/	some, a bit	sha256:d43ba46ab6ff0b1efb2eb4a95524feb1129067a8ff979476187338b9ee596dc3				normalized_duplicate_candidate	lexical_review_candidate				lexical_review_candidate|reported_speech_meeting_wh_review	REQUIRES_EXPERT_CONTEXT_REVIEW
GLOSSIKA-YUEHK-A1-DLG-016-20260322-I047	47	vocabulary_entry			7	呀	/aa3/	[question particle]	sha256:61ad67b9a9a1ece8895862b9e456b35c8868015a34ecf2971e8bf18502bd14d7				normalized_duplicate_candidate	lexical_review_candidate				lexical_review_candidate|reported_speech_meeting_wh_review	REQUIRES_EXPERT_CONTEXT_REVIEW
GLOSSIKA-YUEHK-A1-DLG-016-20260322-I048	48	vocabulary_entry			8	話	/waa6/	to say that, said that	sha256:222acb608b52f47882d13e23aedc6225c503e2178573a748a1b661dce10bc6c4				normalized_duplicate_candidate	lexical_review_candidate				lexical_review_candidate|reported_speech_meeting_wh_review	REQUIRES_EXPERT_CONTEXT_REVIEW
GLOSSIKA-YUEHK-A1-DLG-016-20260322-I049	49	vocabulary_entry			9	聽日	/ting1 jat6/	tomorrow	sha256:8240bbd9003b19901b13961f0237c48fdaaf81cf1019f1023bdd9eb5ee2056b2				normalized_duplicate_candidate	lexical_review_candidate				lexical_review_candidate|reported_speech_meeting_wh_review	REQUIRES_EXPERT_CONTEXT_REVIEW
GLOSSIKA-YUEHK-A1-DLG-016-20260322-I050	50	vocabulary_entry			10	要	/jiu3/	need to, must, want	sha256:3bced1b004c01e88a687da9c48c97897c6022885363db546e84d04ae320e4ee9				normalized_duplicate_candidate	lexical_review_candidate				lexical_review_candidate|reported_speech_meeting_wh_review	REQUIRES_EXPERT_CONTEXT_REVIEW
GLOSSIKA-YUEHK-A1-DLG-016-20260322-I051	51	vocabulary_entry			11	開會	/hoi1 wui2/	to have a meeting	sha256:3908f573a37c3b5fd708a140c77148e0d78e103b82cb2fb7de0e7134c8af30be				normalized_duplicate_candidate	lexical_review_candidate				lexical_review_candidate|reported_speech_meeting_wh_review	REQUIRES_EXPERT_CONTEXT_REVIEW
GLOSSIKA-YUEHK-A1-DLG-016-20260322-I052	52	vocabulary_entry			12	幾點鐘	/gei2 dim2 zung1/	what time	sha256:0fd8f4ca42d41280737ab47dcef9bf74415184940e9dea553eab041250cd9108				no_project_match	lexical_review_candidate				lexical_review_candidate|reported_speech_meeting_wh_review	REQUIRES_EXPERT_CONTEXT_REVIEW
GLOSSIKA-YUEHK-A1-DLG-016-20260322-I053	53	vocabulary_entry			13	朝早	/ziu1 zou2/	morning	sha256:e36210b20acfa6f56ac209a82a9245836e6b908a7666cc3209d39dfe5f1d207b				no_project_match	lexical_review_candidate				lexical_review_candidate|reported_speech_meeting_wh_review	REQUIRES_EXPERT_CONTEXT_REVIEW
GLOSSIKA-YUEHK-A1-DLG-016-20260322-I054	54	vocabulary_entry			14	九點	/gau2 dim2/	nine o'clock	sha256:4a329d0471ca1d6bcd36221731190ca9a28338d6481c8bc2798048a69473313f				no_project_match	lexical_review_candidate				lexical_review_candidate|reported_speech_meeting_wh_review	REQUIRES_EXPERT_CONTEXT_REVIEW
GLOSSIKA-YUEHK-A1-DLG-016-20260322-I055	55	vocabulary_entry			15	即係話	/zik1 hai6 waa6/	that means, in other words	sha256:bd7ada95fe8acf3140664dcc8a2e08cff45eac02b09d434715cce0eefb55860d				no_project_match	lexical_review_candidate				lexical_review_candidate|reported_speech_meeting_wh_review	REQUIRES_EXPERT_CONTEXT_REVIEW
GLOSSIKA-YUEHK-A1-DLG-016-20260322-I056	56	vocabulary_entry			16	我哋	/ngo5 dei6/	we, us	sha256:5d4a6f5799666cdf53bbd231d8c1a711f026b19def115151cbcfd2c2d43c7b80				normalized_duplicate_candidate	lexical_review_candidate				lexical_review_candidate|reported_speech_meeting_wh_review	REQUIRES_EXPERT_CONTEXT_REVIEW
GLOSSIKA-YUEHK-A1-DLG-016-20260322-I057	57	vocabulary_entry			17	早啲	/zou2 di1/	earlier, a bit early	sha256:27fb8f8d60c7f0d3a2637893704622fb2a8a8fdee9d73f7b642dbc1c1568c088				no_project_match	lexical_review_candidate				lexical_review_candidate|reported_speech_meeting_wh_review	REQUIRES_EXPERT_CONTEXT_REVIEW
GLOSSIKA-YUEHK-A1-DLG-016-20260322-I058	58	vocabulary_entry			18	返	/faan1/	to return, to go to	sha256:c5c7aa4b521d0fe429e408d74a5e7a784b2fad3f46b6ea7a4aeccdd4276c1b90				normalized_duplicate_candidate	lexical_review_candidate				lexical_review_candidate|reported_speech_meeting_wh_review	REQUIRES_EXPERT_CONTEXT_REVIEW
GLOSSIKA-YUEHK-A1-DLG-016-20260322-I059	59	vocabulary_entry			19	公司	/gung1 si1/	company, office	sha256:4f7da4071288f105f22f104e683df772118ec2410118420beb38049777a7e74f				normalized_duplicate_candidate	lexical_review_candidate				lexical_review_candidate|reported_speech_meeting_wh_review	REQUIRES_EXPERT_CONTEXT_REVIEW
GLOSSIKA-YUEHK-A1-DLG-016-20260322-I060	60	vocabulary_entry			20	係呀	/hai6 aa3/	yes, that's right	sha256:bebbfbea4e61f562455b5edc2f18964c28b09f45fb7ff458e7b57be7277bfa12				no_project_match	lexical_review_candidate				lexical_review_candidate|reported_speech_meeting_wh_review	REQUIRES_EXPERT_CONTEXT_REVIEW
GLOSSIKA-YUEHK-A1-DLG-016-20260322-I061	61	vocabulary_entry			21	仲	/zung6/	still, also, in addition	sha256:ffb9dca55871836cce24caa75b6d2ddf2ed8cfeaaef6bac655b84d96795eb174				normalized_duplicate_candidate	lexical_review_candidate				lexical_review_candidate|reported_speech_meeting_wh_review	REQUIRES_EXPERT_CONTEXT_REVIEW
GLOSSIKA-YUEHK-A1-DLG-016-20260322-I062	62	vocabulary_entry			22	帶	/daai3/	to bring, to carry	sha256:df60a2c475cfce5b6d1359bbdc50eb324668d69d1c661b48a38169ed71e5036a				normalized_duplicate_candidate	lexical_review_candidate				lexical_review_candidate|reported_speech_meeting_wh_review	REQUIRES_EXPERT_CONTEXT_REVIEW
GLOSSIKA-YUEHK-A1-DLG-016-20260322-I063	63	vocabulary_entry			23	文件	/man4 gin2/	documents, files	sha256:f809389986100be594e33f0b752fcba6d3a84c0d236f2a3c0abff6a1b27f1df1				normalized_duplicate_candidate	lexical_review_candidate				lexical_review_candidate|reported_speech_meeting_wh_review	REQUIRES_EXPERT_CONTEXT_REVIEW
GLOSSIKA-YUEHK-A1-DLG-016-20260322-I064	64	vocabulary_entry			24	邊啲	/bin1 di1/	which ones	sha256:f08c004ba53a19dbbb5b42a5c4a7ca992c552eb3a7c1c3133f7cfc2f0c45549d				no_project_match	lexical_review_candidate				lexical_review_candidate|reported_speech_meeting_wh_review	REQUIRES_EXPERT_CONTEXT_REVIEW
GLOSSIKA-YUEHK-A1-DLG-016-20260322-I065	65	vocabulary_entry			25	記唔記得	/gei3 m4 gei3 dak1/	do you remember	sha256:647d2b1711a6c162a1f46e1b9fff30c358f0abecf86f78fc536c8be038e1ff89				no_project_match	lexical_review_candidate				lexical_review_candidate|reported_speech_meeting_wh_review	REQUIRES_EXPERT_CONTEXT_REVIEW
GLOSSIKA-YUEHK-A1-DLG-016-20260322-I066	66	vocabulary_entry			26	記得	/gei3 dak1/	to remember	sha256:eb25fd4af216c9c3469e3276b709ff701b3c78ba8793b81f382638dbdd0341cd				no_project_match	lexical_review_candidate				lexical_review_candidate|reported_speech_meeting_wh_review	REQUIRES_EXPERT_CONTEXT_REVIEW
GLOSSIKA-YUEHK-A1-DLG-016-20260322-I067	67	vocabulary_entry			27	唔記得	/m4 gei3 dak1/	don't remember, forgot	sha256:ff4ff51f617c5d77d5ce38e9f4639b3f1e87be10cf5c36d8dedddf7a832272d9				no_project_match	lexical_review_candidate				lexical_review_candidate|reported_speech_meeting_wh_review	REQUIRES_EXPERT_CONTEXT_REVIEW
GLOSSIKA-YUEHK-A1-DLG-016-20260322-I068	68	vocabulary_entry			28	冇	/mou5/	don't have, no	sha256:e5e45a7b8bf79f4b94221ea47a92b99a202de7245ad8032a64f70b052adaa5a4				normalized_duplicate_candidate	lexical_review_candidate				lexical_review_candidate|reported_speech_meeting_wh_review	REQUIRES_EXPERT_CONTEXT_REVIEW
GLOSSIKA-YUEHK-A1-DLG-016-20260322-I069	69	vocabulary_entry			29	問題	/man6 tai4/	problem, question	sha256:7ced7f281d7dbd02a151491173daddcf93a9b007e545cdebca660029ca9abee3				normalized_duplicate_candidate	lexical_review_candidate				lexical_review_candidate|reported_speech_meeting_wh_review	REQUIRES_EXPERT_CONTEXT_REVIEW
GLOSSIKA-YUEHK-A1-DLG-016-20260322-I070	70	vocabulary_entry			30	幫	/bong1/	to help	sha256:04814621f8c9905fb6bd7283f3f15475c05417861c3c7156344bbc0be77a7dbe				no_project_match	lexical_review_candidate				lexical_review_candidate|reported_speech_meeting_wh_review	REQUIRES_EXPERT_CONTEXT_REVIEW
GLOSSIKA-YUEHK-A1-DLG-016-20260322-I071	71	vocabulary_entry			31	問	/man6/	to ask	sha256:4e7398b77f065691c13d34e8ad26827bf134967e1eb73b55737cb2e3b796164e				normalized_duplicate_candidate	lexical_review_candidate				lexical_review_candidate|reported_speech_meeting_wh_review	REQUIRES_EXPERT_CONTEXT_REVIEW
GLOSSIKA-YUEHK-A1-DLG-016-20260322-I072	72	vocabulary_entry			32	清楚	/cing1 co2/	clear, clearly	sha256:f807cbe4ca4e834967dc532ab41fcd703ff8c382b51fdb3f9ca7f714a1d03a5f				no_project_match	lexical_review_candidate				lexical_review_candidate|reported_speech_meeting_wh_review	REQUIRES_EXPERT_CONTEXT_REVIEW
GLOSSIKA-YUEHK-A1-DLG-016-20260322-I073	73	vocabulary_entry			33	唔該	/m4 goi1/	thank you, excuse me	sha256:8341fa56ffecfa82854bc6213572e05a07774b1545616614d6125120e6f16021				normalized_duplicate_candidate	lexical_review_candidate				lexical_review_candidate|reported_speech_meeting_wh_review	REQUIRES_EXPERT_CONTEXT_REVIEW
GLOSSIKA-YUEHK-A1-DLG-016-20260322-I074	74	vocabulary_entry			34	你	/nei5/	you	sha256:23c428f92cc5a45991d8d7cdeca3fbd52e64fd434e24b0035f5cc6482592d03f				normalized_duplicate_candidate	lexical_review_candidate				lexical_review_candidate|reported_speech_meeting_wh_review	REQUIRES_EXPERT_CONTEXT_REVIEW
GLOSSIKA-YUEHK-A1-DLG-016-20260322-I075	75	vocabulary_entry			35	好	/hou2/	good, very	sha256:5c9a19490435a7f43e2b7f7fea980e15c1f0477027727426e5788d84cfa3ab09				normalized_duplicate_candidate	lexical_review_candidate				lexical_review_candidate|reported_speech_meeting_wh_review	REQUIRES_EXPERT_CONTEXT_REVIEW
GLOSSIKA-YUEHK-A1-DLG-016-20260322-I076	76	vocabulary_entry			36	咁	/gam2/	so, then, like that	sha256:c6baf7c54c582937eb8da070a969ee13ededf54c136c264d2cfa7e8a8ff10d4c				normalized_duplicate_candidate	lexical_review_candidate				lexical_review_candidate|reported_speech_meeting_wh_review	REQUIRES_EXPERT_CONTEXT_REVIEW
GLOSSIKA-YUEHK-A1-DLG-016-20260322-I077	77	vocabulary_entry			37	先	/sin1/	first, before	sha256:19a55edab388470b6b7393d1d551d0fd3d7f32869dc6f646de2ed822010285f8				normalized_duplicate_candidate	lexical_review_candidate				lexical_review_candidate|reported_speech_meeting_wh_review	REQUIRES_EXPERT_CONTEXT_REVIEW
GLOSSIKA-YUEHK-A1-DLG-016-20260322-I078	78	vocabulary_entry			38	返去	/faan1 heoi3/	to go back, to return	sha256:c431c1c722e3a9a317c4ed6335c4cf4d96c8be71a5c17a7e9d6bd40a7926a8a7				normalized_duplicate_candidate	lexical_review_candidate				lexical_review_candidate|reported_speech_meeting_wh_review	REQUIRES_EXPERT_CONTEXT_REVIEW
GLOSSIKA-YUEHK-A1-DLG-016-20260322-I079	79	vocabulary_entry			39	睇	/tai2/	to look, to see, to read	sha256:9e80b26f31fbea33e3f980efc6897cdb2020c9748091eb7f4da8ede5b84c77d3				normalized_duplicate_candidate	lexical_review_candidate				lexical_review_candidate|reported_speech_meeting_wh_review	REQUIRES_EXPERT_CONTEXT_REVIEW
GLOSSIKA-YUEHK-A1-DLG-016-20260322-I080	80	vocabulary_entry			40	搵	/wan2/	to find, to look for	sha256:c207fa53fabeddce5ae9114cc15a32cf64e513304644b718a904da5a7133c9a9				no_project_match	lexical_review_candidate				lexical_review_candidate|reported_speech_meeting_wh_review	REQUIRES_EXPERT_CONTEXT_REVIEW
