candidate_id	expert_class	semantic_subtype	composition_status	polarity_or_clause_profile	decision_confidence	decision_reason
jmd-f1ed9ebb1df6b28aa456	compositional_opportunity	bargainability_or_price_condition	productive_preverbal_unit_plus_predicate	affirmative_declarative	high	Full-context review: overt 有得 precedes predicate 平 and transparently expresses circumstantial availability, opportunity, access, permission, qualification, or practical possibility in context.
jmd-091371c6b3729d5f052c	compositional_opportunity	access_or_participation	productive_preverbal_unit_plus_predicate	negative_declarative	high	Full-context review: overt 冇得 precedes predicate 去 and transparently expresses circumstantial availability, opportunity, access, permission, qualification, or practical possibility in context.
jmd-396ba45226c2535178c8	compositional_opportunity	access_to_viewing	productive_preverbal_unit_plus_predicate	affirmative_declarative	high	Full-context review: overt 有得 precedes predicate 睇 and transparently expresses circumstantial availability, opportunity, access, permission, qualification, or practical possibility in context.
jmd-6385ccf63cabf0f24314	compositional_opportunity	access_to_viewing	productive_preverbal_unit_plus_predicate	affirmative_declarative	high	Full-context review: overt 有得 precedes predicate 睇 and transparently expresses circumstantial availability, opportunity, access, permission, qualification, or practical possibility in context.
jmd-4df92e84dedc9b8e25c5	compositional_opportunity	participation_opportunity	productive_preverbal_unit_plus_predicate	affirmative_declarative	high	Full-context review: overt 有得 precedes predicate 參加 and transparently expresses circumstantial availability, opportunity, access, permission, qualification, or practical possibility in context.
jmd-8003f2abe5bd40de1f24	compositional_opportunity	access_to_viewing	productive_preverbal_unit_plus_predicate	affirmative_surface_question	high	Full-context review: overt 有得 precedes predicate 睇 and transparently expresses circumstantial availability, opportunity, access, permission, qualification, or practical possibility in context.
jmd-82d02d2e694ac3667241	elliptical_opportunity	reformulated_negative_availability	truncated_then_paraphrased	negative_self_repair	medium	冇得 is cut off and immediately paraphrased with 你唔可以; the availability meaning is recoverable, but no following predicate belongs to the target span.
jmd-21b76d38ad19eaf9d2f3	compositional_opportunity	choice_availability	productive_preverbal_unit_plus_predicate	negative_declarative	high	Full-context review: overt 冇得 precedes predicate 揀 and transparently expresses circumstantial availability, opportunity, access, permission, qualification, or practical possibility in context.
jmd-ffa9c2ac4b64809e0f1f	compositional_opportunity	choice_availability	productive_preverbal_unit_plus_predicate	negative_declarative	high	Full-context review: overt 冇得 precedes predicate 揀 and transparently expresses circumstantial availability, opportunity, access, permission, qualification, or practical possibility in context.
jmd-e6f23de440a829e7c6f6	ambiguous_boundary	ordering_or_sequence_availability	predicate_category_unresolved	affirmative_conditional_clause	medium	有得 precedes 順序 and a larger 連埋-number expression; the opportunity reading is plausible, but the exact predicate boundary and category are unresolved.
jmd-004028dccf785f70d9b9	compositional_opportunity	benefit_access	productive_preverbal_unit_plus_predicate	negative_declarative	high	Full-context review: overt 冇得 precedes predicate 享用 and transparently expresses circumstantial availability, opportunity, access, permission, qualification, or practical possibility in context.
jmd-a581f40a90aee290c9b9	repair_or_unusable	abandoned_negative_start	speech_repair	negative_repair	high	The first 冇得 is interrupted by a hyphen and immediately restarted; only the second occurrence supplies a reviewable predicate.
jmd-94b31e36615ce81607f1	compositional_opportunity	entitlement_or_permission	productive_preverbal_unit_plus_predicate	negative_declarative	high	Full-context review: overt 冇得 precedes predicate 要求 and transparently expresses circumstantial availability, opportunity, access, permission, qualification, or practical possibility in context.
jmd-1d7f3033a1bd3a2cf3f3	compositional_opportunity	practical_possibility	productive_preverbal_unit_plus_predicate	negative_declarative	high	Full-context review: overt 冇得 precedes predicate 剪 and transparently expresses circumstantial availability, opportunity, access, permission, qualification, or practical possibility in context.
jmd-c131987fb43bef23e8ef	compositional_opportunity	time_off_availability	productive_preverbal_unit_plus_predicate	negative_declarative	high	Full-context review: overt 冇得 precedes predicate 放假 and transparently expresses circumstantial availability, opportunity, access, permission, qualification, or practical possibility in context.
jmd-13309b00b0193de3ec7a	compositional_opportunity	calculability_or_compensation_availability	productive_preverbal_unit_plus_predicate	negative_declarative	high	Full-context review: overt 冇得 precedes predicate 計 and transparently expresses circumstantial availability, opportunity, access, permission, qualification, or practical possibility in context.
jmd-5c8bb69af902fff4d3f3	compositional_opportunity	calculability_or_compensation_availability	productive_preverbal_unit_plus_predicate	negative_surface_question	high	Full-context review: overt 冇得 precedes predicate 計 and transparently expresses circumstantial availability, opportunity, access, permission, qualification, or practical possibility in context.
jmd-c93ea30d7e2dbf23b908	compositional_opportunity	calculability_or_compensation_availability	productive_preverbal_unit_plus_predicate	affirmative_surface_question	high	Full-context review: overt 有得 precedes predicate 計 and transparently expresses circumstantial availability, opportunity, access, permission, qualification, or practical possibility in context.
jmd-5d765b9cb33dc411c3db	compositional_opportunity	development_prospect	productive_preverbal_unit_plus_predicate	affirmative_declarative	high	Full-context review: overt 有得 precedes predicate 發展 and transparently expresses circumstantial availability, opportunity, access, permission, qualification, or practical possibility in context.
jmd-5f1cdc69d79b19147ef2	polar_opportunity_question	selection_opportunity	polarity_over_availability_unit	matrix_polar_question	high	Full-context review: overt 有 + 冇得 scopes over following material interview and asks whether the relevant opportunity or availability exists.
jmd-1ab3bba6002e4f4544ce	compositional_opportunity	selection_opportunity	productive_preverbal_unit_plus_predicate	affirmative_surface_question	high	Full-context review: overt 有得 precedes predicate in and transparently expresses circumstantial availability, opportunity, access, permission, qualification, or practical possibility in context.
jmd-f95fccb4087916e0d876	ambiguous_boundary	selection_opportunity	code_switched_nominal_or_predicate	affirmative_declarative	medium	有得 precedes English second interview material whose corpus category does not establish whether a verbal predicate, nominal complement, or zero verb is present.
jmd-5523326c043a266c8ddb	compositional_opportunity	development_prospect	productive_preverbal_unit_plus_predicate	affirmative_surface_question	high	Full-context review: overt 有得 precedes predicate 發展 and transparently expresses circumstantial availability, opportunity, access, permission, qualification, or practical possibility in context.
jmd-43ee36eaca12bffbc7ab	ambiguous_boundary	development_prospect	postpredicate_disfluency	affirmative_declarative	medium	The intended 有得發展 reading is clear, but the following 得會 sequence is disfluent and prevents a confident full-span analysis.
jmd-124a5670569c52ef8d51	compositional_opportunity	permission_or_release	productive_preverbal_unit_plus_predicate	negative_declarative	high	Full-context review: overt 冇得 precedes predicate 走 and transparently expresses circumstantial availability, opportunity, access, permission, qualification, or practical possibility in context.
jmd-f46ba6c6b33356ebbff8	compositional_opportunity	reduction_possibility	productive_preverbal_unit_plus_predicate	affirmative_declarative	high	Full-context review: overt 有得 precedes predicate 減 and transparently expresses circumstantial availability, opportunity, access, permission, qualification, or practical possibility in context.
jmd-6034c1a9770fae387160	compositional_opportunity	reduction_possibility	productive_preverbal_unit_plus_predicate	affirmative_declarative	high	Full-context review: overt 有得 precedes predicate 減 and transparently expresses circumstantial availability, opportunity, access, permission, qualification, or practical possibility in context.
jmd-02ac16042696cf7e5b0c	ambiguous_boundary	lexically_uncertain_opportunity	predicate_lexeme_unresolved	affirmative_declarative	medium	The following predicate 掹 is explicitly queried by the interlocutor; the availability frame is plausible but the lexical interpretation is unresolved.
jmd-83a7242bcc1187597fc2	compositional_opportunity	food_access	productive_preverbal_unit_plus_predicate	negative_declarative	high	Full-context review: overt 冇得 precedes predicate 食 and transparently expresses circumstantial availability, opportunity, access, permission, qualification, or practical possibility in context.
jmd-c773cbe782777a53cb8e	compositional_opportunity	qualification_or_entitlement	productive_preverbal_unit_plus_predicate	negative_declarative	high	Full-context review: overt 冇得 precedes predicate 攞 and transparently expresses circumstantial availability, opportunity, access, permission, qualification, or practical possibility in context.
jmd-fcac1144f46a5cd37673	compositional_opportunity	qualification_or_entitlement	productive_preverbal_unit_plus_predicate	negative_surface_question	high	Full-context review: overt 冇得 precedes predicate 攞 and transparently expresses circumstantial availability, opportunity, access, permission, qualification, or practical possibility in context.
jmd-4e89e2927579f71e3ccb	compositional_opportunity	qualification_or_entitlement	productive_preverbal_unit_plus_predicate	negative_declarative	high	Full-context review: overt 冇得 precedes predicate 攞 and transparently expresses circumstantial availability, opportunity, access, permission, qualification, or practical possibility in context.
jmd-ce0c6e1e3906479c6cd5	compositional_opportunity	qualification_or_entitlement	productive_preverbal_unit_plus_predicate	negative_declarative	high	Full-context review: overt 冇得 precedes predicate 攞 and transparently expresses circumstantial availability, opportunity, access, permission, qualification, or practical possibility in context.
jmd-2cdd3b4e0b7563421974	compositional_opportunity	qualification_or_entitlement	productive_preverbal_unit_plus_predicate	negative_surface_question	high	Full-context review: overt 冇得 precedes predicate 攞 and transparently expresses circumstantial availability, opportunity, access, permission, qualification, or practical possibility in context.
jmd-22c3ad42032370521a4f	ambiguous_boundary	meal_access	noun_interposed_or_noncanonical_complement	affirmative_declarative	low	有得飯食 contains noun 飯 before 食 and does not match the directly supported 有得 + overt VP order without an additional analysis.
jmd-f17dfe94a04296e6304d	compositional_opportunity	education_access_or_qualification	productive_preverbal_unit_plus_predicate	affirmative_surface_question	high	Full-context review: overt 有得 precedes predicate 讀 and transparently expresses circumstantial availability, opportunity, access, permission, qualification, or practical possibility in context.
jmd-3a071df46767b7e5de09	polar_opportunity_question	education_access_or_qualification	polarity_over_availability_unit	matrix_polar_question	high	Full-context review: overt 有 + 冇得 scopes over following material 讀 and asks whether the relevant opportunity or availability exists.
jmd-d716c29b53cbdeb49e5e	compositional_opportunity	payment_scheduling	productive_preverbal_unit_plus_predicate	affirmative_surface_question	high	Full-context review: overt 有得 precedes predicate 出糧 and transparently expresses circumstantial availability, opportunity, access, permission, qualification, or practical possibility in context.
jmd-ddf2f730c1317ee62620	compositional_opportunity	limited_food_opportunity	preverbal_unit_plus_adverbial_predicate	negative_declarative	medium	Context supports inability to meaningfully try local food; 點 modifies the following 食 predicate rather than replacing it.
jmd-d128365280f3b1d5c20b	compositional_opportunity	food_access	productive_preverbal_unit_plus_predicate	negative_declarative	high	Full-context review: overt 冇得 precedes predicate 食 and transparently expresses circumstantial availability, opportunity, access, permission, qualification, or practical possibility in context.
jmd-b4dd753f1a06ba236d09	compositional_opportunity	permission_or_release	productive_preverbal_unit_plus_predicate	affirmative_declarative	high	Full-context review: overt 有得 precedes predicate 走 and transparently expresses circumstantial availability, opportunity, access, permission, qualification, or practical possibility in context.
jmd-28d48e739daf79ab85f2	compositional_opportunity	event_possibility	productive_preverbal_unit_plus_predicate	affirmative_declarative	high	Full-context review: overt 有得 precedes predicate 爆冷 and transparently expresses circumstantial availability, opportunity, access, permission, qualification, or practical possibility in context.
jmd-28a36dd4642059336c34	compositional_opportunity	education_access_or_qualification	productive_preverbal_unit_plus_predicate	affirmative_declarative	high	Full-context review: overt 有得 precedes predicate 讀 and transparently expresses circumstantial availability, opportunity, access, permission, qualification, or practical possibility in context.
jmd-767274c418d1efcbd4a0	ambiguous_boundary	discount_availability	noun_or_property_predicate_unresolved	negative_declarative	medium	冇得特價 has a transparent no-discount interpretation, but HKCanCor tags 特價 as nominal and the exact predicate structure is unresolved.
jmd-b3c86a3df7459f6fb3bb	lexicalized_or_idiomatic	discourse_no_argument	semi_lexicalized_mou_dak_gong	negative_declarative	high	冇得講 functions as a discourse formula meaning there is no argument or nothing further to say, not ordinary denial of an externally available speaking event.
jmd-1f8659093041eb221aae	compositional_opportunity	work_or_role_opportunity	productive_preverbal_unit_plus_predicate	negative_declarative	high	Full-context review: overt 冇得 precedes predicate 做 and transparently expresses circumstantial availability, opportunity, access, permission, qualification, or practical possibility in context.
jmd-4603d2ccaab71614435a	lexicalized_or_idiomatic	discourse_no_argument	semi_lexicalized_mou_dak_gong	negative_question	high	In the 天意 context, 冇得講 is a conventional discourse evaluation rather than literal speech unavailability.
jmd-c2ea2da3e7aa22dfcd70	compositional_opportunity	use_opportunity	productive_preverbal_unit_plus_predicate	affirmative_declarative	high	Full-context review: overt 有得 precedes predicate 用 and transparently expresses circumstantial availability, opportunity, access, permission, qualification, or practical possibility in context.
jmd-28a5ca79a52d856136d4	compositional_opportunity	market_availability	productive_preverbal_unit_plus_predicate	affirmative_surface_question	high	Full-context review: overt 有得 precedes predicate 賣 and transparently expresses circumstantial availability, opportunity, access, permission, qualification, or practical possibility in context.
jmd-62afd3e69b1615d768a5	lexicalized_or_idiomatic	discourse_no_argument	semi_lexicalized_mou_dak_gong	negative_declarative	high	噉你噉講冇得講喇 is a conventional response meaning the argument is closed by the premise.
jmd-0d1f9e5f277b0cee37ce	compositional_opportunity	access_to_viewing	productive_preverbal_unit_plus_predicate	negative_declarative	high	Full-context review: overt 冇得 precedes predicate 睇 and transparently expresses circumstantial availability, opportunity, access, permission, qualification, or practical possibility in context.
jmd-20a02f1b213a7346c3ee	compositional_opportunity	transaction_possibility	split_tokenization_genuine_candidate	affirmative_declarative	medium	The split corpus tokens 有 + 得 precede 交易 and express that a deal is possible at the stated price; the tokenization differs but the surface relation is transparent.
jmd-b0d3e0f0402e1ae7d2e9	compositional_opportunity	market_availability	productive_preverbal_unit_plus_predicate	affirmative_declarative	high	Full-context review: overt 有得 precedes predicate 賣 and transparently expresses circumstantial availability, opportunity, access, permission, qualification, or practical possibility in context.
jmd-ab6fa06da402fc164f5f	compositional_opportunity	job_enabled_recurring_travel	preverbal_unit_plus_adverbial_predicate	affirmative_declarative	high	有得 scopes over the complex predicate 成日返大陸; the intervening adverb does not remove the opportunity interpretation.
jmd-7ce58a02d186d2ad0312	compositional_opportunity	food_access	productive_preverbal_unit_plus_predicate	negative_declarative	high	Full-context review: overt 冇得 precedes predicate 食 and transparently expresses circumstantial availability, opportunity, access, permission, qualification, or practical possibility in context.
jmd-52ccdf0568ab3134d6f2	elliptical_opportunity	activity_availability	predicate_ellipsis_recoverable_from_topic	affirmative_fragment	high	BBQ呢又有得 ends after 有得; the BBQ topic and next turn recover an available barbecue activity without an overt following predicate.
jmd-7b5688d3050210fba2da	compositional_opportunity	food_access	productive_preverbal_unit_plus_predicate	affirmative_surface_question	high	Full-context review: overt 有得 precedes predicate 食 and transparently expresses circumstantial availability, opportunity, access, permission, qualification, or practical possibility in context.
jmd-7228ab15c0309c98998c	compositional_opportunity	access_to_viewing	productive_preverbal_unit_plus_predicate	negative_declarative	high	Full-context review: overt 冇得 precedes predicate 睇 and transparently expresses circumstantial availability, opportunity, access, permission, qualification, or practical possibility in context.
jmd-91e6d470247adc707540	compositional_opportunity	access_to_viewing	productive_preverbal_unit_plus_predicate	negative_surface_question	high	Full-context review: overt 冇得 precedes predicate 睇 and transparently expresses circumstantial availability, opportunity, access, permission, qualification, or practical possibility in context.
jmd-4d2f4a71c3fcb5a4c12d	compositional_opportunity	access_to_viewing	productive_preverbal_unit_plus_predicate	negative_declarative	high	Full-context review: overt 冇得 precedes predicate 睇 and transparently expresses circumstantial availability, opportunity, access, permission, qualification, or practical possibility in context.
jmd-0b421d8f9966aca99024	polar_opportunity_question	general_circumstantial_opportunity	polarity_over_availability_unit	embedded_polar_question	high	Full-context review: overt 有 + 冇得 scopes over following material 好似 and asks whether the relevant opportunity or availability exists.
jmd-585125070afc40c4d5a1	compositional_opportunity	role_opportunity	productive_preverbal_unit_plus_predicate	affirmative_declarative	high	Full-context review: overt 有得 precedes predicate 拍戲 and transparently expresses circumstantial availability, opportunity, access, permission, qualification, or practical possibility in context.
jmd-fe39bce00dda5e96e624	repair_or_unusable	abandoned_negative_start	speech_repair	negative_repair	high	冇得 is interrupted and followed by 唔讀 in a self-repair; the row cannot establish 冇得唔讀 or another completed profile.
jmd-6348d35ec8361ca9aa46	compositional_opportunity	social_opportunity	productive_preverbal_unit_plus_predicate	affirmative_declarative	high	Full-context review: overt 有得 precedes predicate 聚 and transparently expresses circumstantial availability, opportunity, access, permission, qualification, or practical possibility in context.
jmd-d9520c3fb204ec4e4e17	compositional_opportunity	practical_impossibility	productive_preverbal_unit_plus_predicate	negative_declarative	high	Full-context review: overt 冇得 precedes predicate 停 and transparently expresses circumstantial availability, opportunity, access, permission, qualification, or practical possibility in context.
jmd-d3c438dab92ec08f56bd	compositional_opportunity	practical_impossibility	productive_preverbal_unit_plus_predicate	negative_declarative	high	Full-context review: overt 冇得 precedes predicate 停 and transparently expresses circumstantial availability, opportunity, access, permission, qualification, or practical possibility in context.
jmd-38f903bf2642c2227e7e	compositional_opportunity	recreation_opportunity	preverbal_unit_plus_motion_predicate	affirmative_declarative	high	有得 precedes 去玩下; the corpus ADP tag on 去 is an annotation issue, while the overt motion-purpose predicate is clear.
jmd-cf22ca531ce770abc2f3	compositional_opportunity	recreation_opportunity	productive_preverbal_unit_plus_predicate	negative_declarative	high	Full-context review: overt 冇得 precedes predicate 玩 and transparently expresses circumstantial availability, opportunity, access, permission, qualification, or practical possibility in context.
jmd-3607ba714e38461c5a4e	compositional_opportunity	access_or_participation	productive_preverbal_unit_plus_predicate	affirmative_declarative	high	Full-context review: overt 有得 precedes predicate 去 and transparently expresses circumstantial availability, opportunity, access, permission, qualification, or practical possibility in context.
jmd-9beb68e2b06ec868d53c	compositional_opportunity	market_availability	productive_preverbal_unit_plus_predicate	affirmative_declarative	high	Full-context review: overt 有得 precedes predicate 賣 and transparently expresses circumstantial availability, opportunity, access, permission, qualification, or practical possibility in context.
jmd-9a6f394701674de198d6	compositional_opportunity	work_or_role_opportunity	productive_preverbal_unit_plus_predicate	affirmative_declarative	high	Full-context review: overt 有得 precedes predicate 做 and transparently expresses circumstantial availability, opportunity, access, permission, qualification, or practical possibility in context.
jmd-5c20cfaf42cb06138915	lexicalized_or_idiomatic	discourse_inevitability_or_no_remedy	semi_lexicalized_mou_dak_gong	negative_declarative	high	The statement about universal brand worship uses 冇得講 as an evaluative no-remedy formula, not a literal inability to speak.
jmd-03a9162e422372e5cda2	compositional_opportunity	practical_control_possibility	productive_preverbal_unit_plus_predicate	negative_declarative	high	Full-context review: overt 冇得 precedes predicate 控制 and transparently expresses circumstantial availability, opportunity, access, permission, qualification, or practical possibility in context.
jmd-5451cf4f5ee55d5bd4d8	lexicalized_or_idiomatic	evaluative_beyond_dispute	semi_lexicalized_mou_dak_gong	negative_declarative	high	The thumbs-up context makes 冇得講 an emphatic positive evaluation, distinct from productive opportunity negation.
jmd-dee50989645bc7ff1b9c	lexicalized_or_idiomatic	evaluative_beyond_dispute	semi_lexicalized_mou_dak_gong	negative_fragment	high	The standalone response 冇得講 continues the preceding thumbs-up evaluation and is formulaic.
jmd-23d75ff14dd681fdcc80	lexicalized_or_idiomatic	evaluative_excellence	lexicalized_single_token_mou_dak_ding	lexicalized_negative_form	high	冇得頂 is one corpus token and an evaluative idiom meaning unsurpassable; it is a negative boundary for productive 冇得 + VP.
jmd-5cc50147c4eedd28c543	lexicalized_or_idiomatic	evaluative_excellence	lexicalized_single_token_mou_dak_ding	lexicalized_negative_form	high	冇得頂 is one corpus token and an evaluative idiom meaning unsurpassable; it is not compositional opportunity negation.
jmd-aa3955187193337207f1	compositional_opportunity	practical_possibility	productive_preverbal_unit_plus_predicate	affirmative_declarative	high	Full-context review: overt 有得 precedes predicate 搞 and transparently expresses circumstantial availability, opportunity, access, permission, qualification, or practical possibility in context.
jmd-7e443549f6e29748dfcf	polar_opportunity_question	bargainability_or_price_condition	polarity_over_availability_unit	matrix_polar_question	high	Full-context review: overt 有 + 冇得 scopes over following material 平 and asks whether the relevant opportunity or availability exists.
jmd-1b7b25d68c7b4a4c9d54	compositional_opportunity	treatability	productive_preverbal_unit_plus_predicate	affirmative_declarative	high	Full-context review: overt 有得 precedes predicate 醫 and transparently expresses circumstantial availability, opportunity, access, permission, qualification, or practical possibility in context.
jmd-a17aaf547bf76cde4a60	lexicalized_or_idiomatic	evaluative_excellence	lexicalized_single_token_mou_dak_ding	lexicalized_negative_form	high	The fused token 冇得頂 is an evaluative idiom, regardless of the unclear referent 大單.
jmd-6d06e899e87e9f2a73d6	ambiguous_boundary	rhetorical_possibility_denial	code_switched_nominal_or_predicate	rhetorical_affirmative_question	medium	邊有得 surprise is a rhetorical denial of possibility, but English surprise may be nominal or predicative and the exact 有得 complement structure is unresolved.
jmd-31643095d702be0777e3	lexicalized_or_idiomatic	incomparability_or_uncalculability	semi_lexicalized_mou_dak_gai	negative_declarative	medium	真係冇得計 is compatible with a conventional 'cannot be reckoned/compared' evaluation; the local context does not support a narrow literal calculation event.
jmd-56ffad37bd471f2083d6	lexicalized_or_idiomatic	discourse_no_argument	semi_lexicalized_mou_dak_gong	negative_declarative	high	根本冇得講 is formulaic discourse evaluation rather than literal speaking opportunity.
jmd-0fca42095493105f46d4	lexicalized_or_idiomatic	worth_considering	semi_lexicalized_yau_dak_nam	affirmative_declarative	medium	有得諗 conventionally means that an option is worth considering; it remains related to opportunity but is not a neutral freely substitutable VP example.
jmd-759a88c315a290e7cc2a	repair_or_unusable	abandoned_negative_start	speech_repair	negative_repair	high	冇得 is abandoned after a hyphen and replaced by 冇乜點停; no target predicate completes the first span.
jmd-073168411eb7f659ec5e	compositional_opportunity	choice_availability	productive_preverbal_unit_plus_predicate	negative_declarative	high	Full-context review: overt 冇得 precedes predicate 選擇 and transparently expresses circumstantial availability, opportunity, access, permission, qualification, or practical possibility in context.
jmd-ac700a9984d7700c18b6	compositional_opportunity	progress_constraint	preverbal_unit_plus_complex_predicate	negative_declarative	high	冇得 precedes the predicate phrase 原地踏步; the corpus X tag does not erase the overt practical-impossibility relation.
jmd-427728e6702c1992d3d9	compositional_opportunity	permission_or_option	productive_preverbal_unit_plus_predicate	negative_declarative	high	Full-context review: overt 冇得 precedes predicate 話 and transparently expresses circumstantial availability, opportunity, access, permission, qualification, or practical possibility in context.
jmd-ca926364d76ea781e87c	compositional_opportunity	creative_opportunity_denial	preverbal_unit_plus_predicate_after_repair	negative_declarative	medium	After a separate aborted 冇, the complete span 冇得俾你創作 transparently denies an opportunity to create.
jmd-d25ed0de349187480d68	compositional_opportunity	work_or_role_opportunity	productive_preverbal_unit_plus_predicate	affirmative_surface_question	high	Full-context review: overt 有得 precedes predicate 做 and transparently expresses circumstantial availability, opportunity, access, permission, qualification, or practical possibility in context.
jmd-6e9197c8a15312c643f6	polar_opportunity_question	market_or_planning_opportunity	polarity_over_availability_with_discourse_marker	matrix_polar_question	medium	內地有冇得即係諗下 is disfluent but retains a polarity question about whether the mainland market offers room to consider the proposal.
jmd-57b9b2e3d8ae1826fb40	lexicalized_or_idiomatic	discourse_no_argument	semi_lexicalized_mou_dak_gong	negative_fragment	medium	The isolated 冇得講 follows a factual correction and is best retained as a conventional discourse response rather than literal speech unavailability.
jmd-2c0d7963a1df74385176	lexicalized_or_idiomatic	unworkability	semi_lexicalized_mou_dak_gaau	negative_fragment	medium	Standalone 冇得搞 means the matter is unworkable; it is semantically related to practical possibility but conventionalized beyond a specific overt event.
jmd-78b3d8509838a8095692	lexicalized_or_idiomatic	discourse_inevitability_or_no_argument	semi_lexicalized_mou_dak_gong	negative_declarative	medium	Final 冇得講 functions as a discourse conclusion after a suggestion, not as literal deprivation of speaking opportunity.
